province,date,year,quarter,month_num,month_name,week,count,surge,is_dry_season,clim_RR,clim_Tavg,clim_RH,clim_ss,lag_1,lag_7,roll_7_mean,roll_14_mean,roll_7_max,surge_lag_1,surge_roll_7
KALIMANTAN BARAT,2024-08-08,2024,3,8,Aug,32,14,0,1,7.724772400574988,27.32267555904276,82.44252648097293,5.539719837324898,8.0,151.0,97.42857142857143,97.42857142857143,252.0,0.0,0.5714285714285714
KALIMANTAN BARAT,2024-08-09,2024,3,8,Aug,32,46,1,1,7.724772400574988,27.32267555904276,82.44252648097293,5.539719837324898,14.0,0.0,77.85714285714286,87.0,252.0,0.0,0.42857142857142855
KALIMANTAN BARAT,2024-08-10,2024,3,8,Aug,32,300,1,1,7.724772400574988,27.32267555904276,82.44252648097293,5.539719837324898,46.0,20.0,84.42857142857143,82.44444444444444,252.0,1.0,0.5714285714285714
KALIMANTAN BARAT,2024-08-11,2024,3,8,Aug,32,69,1,1,7.724772400574988,27.32267555904276,82.44252648097293,5.539719837324898,300.0,199.0,124.42857142857143,104.2,300.0,1.0,0.7142857142857143
KALIMANTAN BARAT,2024-08-12,2024,3,8,Aug,33,77,1,1,7.724772400574988,27.32267555904276,82.44252648097293,5.539719837324898,69.0,252.0,105.85714285714286,101.0,300.0,1.0,0.7142857142857143
KALIMANTAN BARAT,2024-08-13,2024,3,8,Aug,33,79,1,1,7.724772400574988,27.32267555904276,82.44252648097293,5.539719837324898,77.0,52.0,80.85714285714286,99.0,300.0,1.0,0.7142857142857143
KALIMANTAN BARAT,2024-08-14,2024,3,8,Aug,33,184,1,1,7.724772400574988,27.32267555904276,82.44252648097293,5.539719837324898,79.0,8.0,84.71428571428571,97.46153846153847,300.0,1.0,0.7142857142857143
KALIMANTAN BARAT,2024-08-15,2024,3,8,Aug,33,216,1,1,7.724772400574988,27.32267555904276,82.44252648097293,5.539719837324898,184.0,14.0,109.85714285714286,103.64285714285714,300.0,1.0,0.8571428571428571
KALIMANTAN BARAT,2024-08-16,2024,3,8,Aug,33,38,1,1,7.724772400574988,27.32267555904276,82.44252648097293,5.539719837324898,216.0,46.0,138.71428571428572,108.28571428571429,300.0,1.0,1.0
KALIMANTAN BARAT,2024-08-17,2024,3,8,Aug,33,30,0,1,7.724772400574988,27.32267555904276,82.44252648097293,5.539719837324898,38.0,300.0,137.57142857142858,111.0,300.0,1.0,1.0
KALIMANTAN BARAT,2024-08-18,2024,3,8,Aug,33,81,1,1,7.724772400574988,27.32267555904276,82.44252648097293,5.539719837324898,30.0,69.0,99.0,111.71428571428571,216.0,0.0,0.8571428571428571
KALIMANTAN BARAT,2024-08-19,2024,3,8,Aug,34,21,0,1,7.724772400574988,27.32267555904276,82.44252648097293,5.539719837324898,81.0,77.0,100.71428571428571,103.28571428571429,216.0,1.0,0.8571428571428571
KALIMANTAN BARAT,2024-08-20,2024,3,8,Aug,34,16,0,1,7.724772400574988,27.32267555904276,82.44252648097293,5.539719837324898,21.0,79.0,92.71428571428571,86.78571428571429,216.0,0.0,0.7142857142857143
KALIMANTAN BARAT,2024-08-21,2024,3,8,Aug,34,1,0,1,7.724772400574988,27.32267555904276,82.44252648097293,5.539719837324898,16.0,184.0,83.71428571428571,84.21428571428571,216.0,0.0,0.5714285714285714
KALIMANTAN BARAT,2024-08-22,2024,3,8,Aug,34,0,0,1,7.724772400574988,27.32267555904276,82.44252648097293,5.539719837324898,1.0,216.0,57.57142857142857,83.71428571428571,216.0,0.0,0.42857142857142855
KALIMANTAN BARAT,2024-08-23,2024,3,8,Aug,34,0,0,1,7.724772400574988,27.32267555904276,82.44252648097293,5.539719837324898,0.0,38.0,26.714285714285715,82.71428571428571,81.0,0.0,0.2857142857142857
KALIMANTAN BARAT,2024-08-24,2024,3,8,Aug,34,7,0,1,7.724772400574988,27.32267555904276,82.44252648097293,5.539719837324898,0.0,30.0,21.285714285714285,79.42857142857143,81.0,0.0,0.14285714285714285
KALIMANTAN BARAT,2024-08-25,2024,3,8,Aug,34,67,1,1,7.724772400574988,27.32267555904276,82.44252648097293,5.539719837324898,7.0,81.0,18.0,58.5,81.0,0.0,0.14285714285714285
KALIMANTAN BARAT,2024-08-26,2024,3,8,Aug,35,78,1,1,7.724772400574988,27.32267555904276,82.44252648097293,5.539719837324898,67.0,21.0,16.0,58.357142857142854,67.0,1.0,0.14285714285714285
KALIMANTAN BARAT,2024-08-27,2024,3,8,Aug,35,7,0,1,7.724772400574988,27.32267555904276,82.44252648097293,5.539719837324898,78.0,16.0,24.142857142857142,58.42857142857143,78.0,1.0,0.2857142857142857
KALIMANTAN BARAT,2024-08-28,2024,3,8,Aug,35,2,0,1,7.724772400574988,27.32267555904276,82.44252648097293,5.539719837324898,7.0,1.0,22.857142857142858,53.285714285714285,78.0,0.0,0.2857142857142857
KALIMANTAN BARAT,2024-08-29,2024,3,8,Aug,35,0,0,1,7.724772400574988,27.32267555904276,82.44252648097293,5.539719837324898,2.0,0.0,23.0,40.285714285714285,78.0,0.0,0.2857142857142857
KALIMANTAN BARAT,2024-08-30,2024,3,8,Aug,35,11,0,1,7.724772400574988,27.32267555904276,82.44252648097293,5.539719837324898,0.0,0.0,23.0,24.857142857142858,78.0,0.0,0.2857142857142857
KALIMANTAN BARAT,2024-08-31,2024,3,8,Aug,35,291,1,1,7.724772400574988,27.32267555904276,82.44252648097293,5.539719837324898,11.0,7.0,24.571428571428573,22.928571428571427,78.0,0.0,0.2857142857142857
KALIMANTAN BARAT,2024-09-01,2024,3,9,Sep,35,1054,1,1,8.449897119341562,27.269048625792813,83.23866044934294,4.648818897637795,291.0,67.0,65.14285714285714,41.57142857142857,291.0,1.0,0.42857142857142855
KALIMANTAN BARAT,2024-09-02,2024,3,9,Sep,36,868,1,1,8.449897119341562,27.269048625792813,83.23866044934294,4.648818897637795,1054.0,78.0,206.14285714285714,111.07142857142857,1054.0,1.0,0.42857142857142855
KALIMANTAN BARAT,2024-09-03,2024,3,9,Sep,36,2197,1,1,8.449897119341562,27.269048625792813,83.23866044934294,4.648818897637795,868.0,7.0,319.0,171.57142857142858,1054.0,1.0,0.42857142857142855
KALIMANTAN BARAT,2024-09-04,2024,3,9,Sep,36,439,1,1,8.449897119341562,27.269048625792813,83.23866044934294,4.648818897637795,2197.0,2.0,631.8571428571429,327.35714285714283,2197.0,1.0,0.5714285714285714
KALIMANTAN BARAT,2024-09-05,2024,3,9,Sep,36,73,1,1,8.449897119341562,27.269048625792813,83.23866044934294,4.648818897637795,439.0,0.0,694.2857142857143,358.64285714285717,2197.0,1.0,0.7142857142857143
KALIMANTAN BARAT,2024-09-06,2024,3,9,Sep,36,1573,1,1,8.449897119341562,27.269048625792813,83.23866044934294,4.648818897637795,73.0,11.0,704.7142857142857,363.85714285714283,2197.0,1.0,0.8571428571428571
KALIMANTAN BARAT,2024-09-07,2024,3,9,Sep,36,455,1,1,8.449897119341562,27.269048625792813,83.23866044934294,4.648818897637795,1573.0,291.0,927.8571428571429,476.2142857142857,2197.0,1.0,1.0
KALIMANTAN BARAT,2024-09-08,2024,3,9,Sep,36,136,1,1,8.449897119341562,27.269048625792813,83.23866044934294,4.648818897637795,455.0,1054.0,951.2857142857143,508.2142857142857,2197.0,1.0,1.0
KALIMANTAN BARAT,2024-09-09,2024,3,9,Sep,37,0,0,1,8.449897119341562,27.269048625792813,83.23866044934294,4.648818897637795,136.0,868.0,820.1428571428571,513.1428571428571,2197.0,1.0,1.0
KALIMANTAN BARAT,2024-09-10,2024,3,9,Sep,37,0,0,1,8.449897119341562,27.269048625792813,83.23866044934294,4.648818897637795,0.0,2197.0,696.1428571428571,507.57142857142856,2197.0,0.0,0.8571428571428571
KALIMANTAN BARAT,2024-09-11,2024,3,9,Sep,37,6,0,1,8.449897119341562,27.269048625792813,83.23866044934294,4.648818897637795,0.0,439.0,382.2857142857143,507.07142857142856,1573.0,0.0,0.7142857142857143
KALIMANTAN BARAT,2024-09-12,2024,3,9,Sep,37,61,1,1,8.449897119341562,27.269048625792813,83.23866044934294,4.648818897637795,6.0,73.0,320.42857142857144,507.35714285714283,1573.0,0.0,0.5714285714285714
KALIMANTAN BARAT,2024-09-13,2024,3,9,Sep,37,529,1,1,8.449897119341562,27.269048625792813,83.23866044934294,4.648818897637795,61.0,1573.0,318.7142857142857,511.7142857142857,1573.0,1.0,0.5714285714285714
KALIMANTAN BARAT,2024-09-14,2024,3,9,Sep,37,785,1,1,8.449897119341562,27.269048625792813,83.23866044934294,4.648818897637795,529.0,455.0,169.57142857142858,548.7142857142857,529.0,1.0,0.5714285714285714
KALIMANTAN BARAT,2024-09-15,2024,3,9,Sep,37,159,1,1,8.449897119341562,27.269048625792813,83.23866044934294,4.648818897637795,785.0,136.0,216.71428571428572,584.0,785.0,1.0,0.5714285714285714
KALIMANTAN BARAT,2024-09-16,2024,3,9,Sep,38,534,1,1,8.449897119341562,27.269048625792813,83.23866044934294,4.648818897637795,159.0,0.0,220.0,520.0714285714286,785.0,1.0,0.5714285714285714
KALIMANTAN BARAT,2024-09-17,2024,3,9,Sep,38,355,1,1,8.449897119341562,27.269048625792813,83.23866044934294,4.648818897637795,534.0,0.0,296.2857142857143,496.2142857142857,785.0,1.0,0.7142857142857143
KALIMANTAN BARAT,2024-09-18,2024,3,9,Sep,38,25,0,1,8.449897119341562,27.269048625792813,83.23866044934294,4.648818897637795,355.0,6.0,347.0,364.64285714285717,785.0,1.0,0.8571428571428571
KALIMANTAN BARAT,2024-09-19,2024,3,9,Sep,38,135,1,1,8.449897119341562,27.269048625792813,83.23866044934294,4.648818897637795,25.0,61.0,349.7142857142857,335.07142857142856,785.0,0.0,0.8571428571428571
KALIMANTAN BARAT,2024-09-20,2024,3,9,Sep,38,62,1,1,8.449897119341562,27.269048625792813,83.23866044934294,4.648818897637795,135.0,529.0,360.2857142857143,339.5,785.0,1.0,0.8571428571428571
KALIMANTAN BARAT,2024-09-21,2024,3,9,Sep,38,75,1,1,8.449897119341562,27.269048625792813,83.23866044934294,4.648818897637795,62.0,785.0,293.57142857142856,231.57142857142858,785.0,1.0,0.8571428571428571
KALIMANTAN BARAT,2024-09-22,2024,3,9,Sep,38,105,1,1,8.449897119341562,27.269048625792813,83.23866044934294,4.648818897637795,75.0,159.0,192.14285714285714,204.42857142857142,534.0,1.0,0.8571428571428571
KALIMANTAN BARAT,2024-09-23,2024,3,9,Sep,39,0,0,1,8.449897119341562,27.269048625792813,83.23866044934294,4.648818897637795,105.0,534.0,184.42857142857142,202.21428571428572,534.0,1.0,0.8571428571428571
KALIMANTAN BARAT,2024-09-24,2024,3,9,Sep,39,23,0,1,8.449897119341562,27.269048625792813,83.23866044934294,4.648818897637795,0.0,355.0,108.14285714285714,202.21428571428572,355.0,0.0,0.7142857142857143
KALIMANTAN BARAT,2024-09-25,2024,3,9,Sep,39,0,0,1,8.449897119341562,27.269048625792813,83.23866044934294,4.648818897637795,23.0,25.0,60.714285714285715,203.85714285714286,135.0,0.0,0.5714285714285714
KALIMANTAN BARAT,2024-09-26,2024,3,9,Sep,39,4,0,1,8.449897119341562,27.269048625792813,83.23866044934294,4.648818897637795,0.0,135.0,57.142857142857146,203.42857142857142,135.0,0.0,0.5714285714285714
KALIMANTAN BARAT,2024-09-27,2024,3,9,Sep,39,22,0,1,8.449897119341562,27.269048625792813,83.23866044934294,4.648818897637795,4.0,62.0,38.42857142857143,199.35714285714286,105.0,0.0,0.42857142857142855
KALIMANTAN BARAT,2024-09-28,2024,3,9,Sep,39,31,0,1,8.449897119341562,27.269048625792813,83.23866044934294,4.648818897637795,22.0,75.0,32.714285714285715,163.14285714285714,105.0,0.0,0.2857142857142857
KALIMANTAN BARAT,2024-09-29,2024,3,9,Sep,39,0,0,1,8.449897119341562,27.269048625792813,83.23866044934294,4.648818897637795,31.0,105.0,26.428571428571427,109.28571428571429,105.0,0.0,0.14285714285714285
KALIMANTAN BARAT,2024-09-30,2024,3,9,Sep,40,0,0,1,8.449897119341562,27.269048625792813,83.23866044934294,4.648818897637795,0.0,0.0,11.428571428571429,97.92857142857143,31.0,0.0,0.0
KALIMANTAN BARAT,2024-10-01,2024,4,10,Oct,40,0,0,1,11.75852324521422,27.11316103379722,85.16540755467197,4.437872535534159,0.0,23.0,11.428571428571429,59.785714285714285,31.0,0.0,0.0
KALIMANTAN BARAT,2024-10-02,2024,4,10,Oct,40,0,0,1,11.75852324521422,27.11316103379722,85.16540755467197,4.437872535534159,0.0,0.0,8.142857142857142,34.42857142857143,31.0,0.0,0.0
KALIMANTAN BARAT,2024-10-03,2024,4,10,Oct,40,20,0,1,11.75852324521422,27.11316103379722,85.16540755467197,4.437872535534159,0.0,4.0,8.142857142857142,32.642857142857146,31.0,0.0,0.0
KALIMANTAN BARAT,2024-10-04,2024,4,10,Oct,40,3,0,1,11.75852324521422,27.11316103379722,85.16540755467197,4.437872535534159,20.0,22.0,10.428571428571429,24.428571428571427,31.0,0.0,0.0
KALIMANTAN BARAT,2024-10-05,2024,4,10,Oct,40,1,0,1,11.75852324521422,27.11316103379722,85.16540755467197,4.437872535534159,3.0,31.0,7.714285714285714,20.214285714285715,31.0,0.0,0.0
KALIMANTAN BARAT,2024-10-06,2024,4,10,Oct,40,3,0,1,11.75852324521422,27.11316103379722,85.16540755467197,4.437872535534159,1.0,0.0,3.4285714285714284,14.928571428571429,20.0,0.0,0.0
KALIMANTAN BARAT,2024-10-07,2024,4,10,Oct,41,0,0,1,11.75852324521422,27.11316103379722,85.16540755467197,4.437872535534159,3.0,0.0,3.857142857142857,7.642857142857143,20.0,0.0,0.0
KALIMANTAN BARAT,2024-10-08,2024,4,10,Oct,41,5,0,1,11.75852324521422,27.11316103379722,85.16540755467197,4.437872535534159,0.0,0.0,3.857142857142857,7.642857142857143,20.0,0.0,0.0
KALIMANTAN BARAT,2024-10-09,2024,4,10,Oct,41,7,0,1,11.75852324521422,27.11316103379722,85.16540755467197,4.437872535534159,5.0,0.0,4.571428571428571,6.357142857142857,20.0,0.0,0.0
KALIMANTAN BARAT,2024-10-10,2024,4,10,Oct,41,1,0,1,11.75852324521422,27.11316103379722,85.16540755467197,4.437872535534159,7.0,20.0,5.571428571428571,6.857142857142857,20.0,0.0,0.0
KALIMANTAN BARAT,2024-10-11,2024,4,10,Oct,41,0,0,1,11.75852324521422,27.11316103379722,85.16540755467197,4.437872535534159,1.0,3.0,2.857142857142857,6.642857142857143,7.0,0.0,0.0
KALIMANTAN BARAT,2024-10-12,2024,4,10,Oct,41,2,0,1,11.75852324521422,27.11316103379722,85.16540755467197,4.437872535534159,0.0,1.0,2.4285714285714284,5.071428571428571,7.0,0.0,0.0
KALIMANTAN BARAT,2024-10-13,2024,4,10,Oct,41,2,0,1,11.75852324521422,27.11316103379722,85.16540755467197,4.437872535534159,2.0,3.0,2.5714285714285716,3.0,7.0,0.0,0.0
KALIMANTAN BARAT,2024-10-14,2024,4,10,Oct,42,1,0,1,11.75852324521422,27.11316103379722,85.16540755467197,4.437872535534159,2.0,0.0,2.4285714285714284,3.142857142857143,7.0,0.0,0.0
KALIMANTAN BARAT,2024-10-15,2024,4,10,Oct,42,0,0,1,11.75852324521422,27.11316103379722,85.16540755467197,4.437872535534159,1.0,5.0,2.5714285714285716,3.2142857142857144,7.0,0.0,0.0
KALIMANTAN BARAT,2024-10-16,2024,4,10,Oct,42,0,0,1,11.75852324521422,27.11316103379722,85.16540755467197,4.437872535534159,0.0,7.0,1.8571428571428572,3.2142857142857144,7.0,0.0,0.0
KALIMANTAN BARAT,2024-10-17,2024,4,10,Oct,42,0,0,1,11.75852324521422,27.11316103379722,85.16540755467197,4.437872535534159,0.0,1.0,0.8571428571428571,3.2142857142857144,2.0,0.0,0.0
KALIMANTAN BARAT,2024-10-18,2024,4,10,Oct,42,27,0,1,11.75852324521422,27.11316103379722,85.16540755467197,4.437872535534159,0.0,0.0,0.7142857142857143,1.7857142857142858,2.0,0.0,0.0
KALIMANTAN BARAT,2024-10-19,2024,4,10,Oct,42,43,1,1,11.75852324521422,27.11316103379722,85.16540755467197,4.437872535534159,27.0,2.0,4.571428571428571,3.5,27.0,0.0,0.0
KALIMANTAN BARAT,2024-10-20,2024,4,10,Oct,42,14,0,1,11.75852324521422,27.11316103379722,85.16540755467197,4.437872535534159,43.0,2.0,10.428571428571429,6.5,43.0,1.0,0.14285714285714285
KALIMANTAN BARAT,2024-10-21,2024,4,10,Oct,43,1,0,1,11.75852324521422,27.11316103379722,85.16540755467197,4.437872535534159,14.0,1.0,12.142857142857142,7.285714285714286,43.0,0.0,0.14285714285714285
KALIMANTAN BARAT,2024-10-22,2024,4,10,Oct,43,26,0,1,11.75852324521422,27.11316103379722,85.16540755467197,4.437872535534159,1.0,0.0,12.142857142857142,7.357142857142857,43.0,0.0,0.14285714285714285
KALIMANTAN BARAT,2024-10-23,2024,4,10,Oct,43,73,1,1,11.75852324521422,27.11316103379722,85.16540755467197,4.437872535534159,26.0,0.0,15.857142857142858,8.857142857142858,43.0,0.0,0.14285714285714285
KALIMANTAN BARAT,2024-10-24,2024,4,10,Oct,43,91,1,1,11.75852324521422,27.11316103379722,85.16540755467197,4.437872535534159,73.0,0.0,26.285714285714285,13.571428571428571,73.0,1.0,0.2857142857142857
KALIMANTAN BARAT,2024-10-25,2024,4,10,Oct,43,18,0,1,11.75852324521422,27.11316103379722,85.16540755467197,4.437872535534159,91.0,27.0,39.285714285714285,20.0,91.0,1.0,0.42857142857142855
KALIMANTAN BARAT,2024-10-26,2024,4,10,Oct,43,62,1,1,11.75852324521422,27.11316103379722,85.16540755467197,4.437872535534159,18.0,43.0,38.0,21.285714285714285,91.0,0.0,0.42857142857142855
KALIMANTAN BARAT,2024-10-27,2024,4,10,Oct,43,134,1,1,11.75852324521422,27.11316103379722,85.16540755467197,4.437872535534159,62.0,14.0,40.714285714285715,25.571428571428573,91.0,1.0,0.42857142857142855
KALIMANTAN BARAT,2024-10-28,2024,4,10,Oct,44,128,1,1,11.75852324521422,27.11316103379722,85.16540755467197,4.437872535534159,134.0,1.0,57.857142857142854,35.0,134.0,1.0,0.5714285714285714
KALIMANTAN BARAT,2024-10-29,2024,4,10,Oct,44,78,1,1,11.75852324521422,27.11316103379722,85.16540755467197,4.437872535534159,128.0,26.0,76.0,44.07142857142857,134.0,1.0,0.7142857142857143
KALIMANTAN BARAT,2024-10-30,2024,4,10,Oct,44,60,1,1,11.75852324521422,27.11316103379722,85.16540755467197,4.437872535534159,78.0,73.0,83.42857142857143,49.642857142857146,134.0,1.0,0.8571428571428571
KALIMANTAN BARAT,2024-10-31,2024,4,10,Oct,44,5,0,1,11.75852324521422,27.11316103379722,85.16540755467197,4.437872535534159,60.0,91.0,81.57142857142857,53.92857142857143,134.0,1.0,0.8571428571428571
KALIMANTAN BARAT,2024-11-01,2024,4,11,Nov,44,11,0,0,13.737242614145032,26.969233887312527,86.50771103896103,4.4754751970329165,5.0,18.0,69.28571428571429,54.285714285714285,134.0,0.0,0.7142857142857143
KALIMANTAN BARAT,2024-11-02,2024,4,11,Nov,44,3,0,0,13.737242614145032,26.969233887312527,86.50771103896103,4.4754751970329165,11.0,62.0,68.28571428571429,53.142857142857146,134.0,0.0,0.7142857142857143
KALIMANTAN BARAT,2024-11-03,2024,4,11,Nov,44,1,0,0,13.737242614145032,26.969233887312527,86.50771103896103,4.4754751970329165,3.0,134.0,59.857142857142854,50.285714285714285,134.0,0.0,0.5714285714285714
KALIMANTAN BARAT,2024-11-04,2024,4,11,Nov,45,2,0,0,13.737242614145032,26.969233887312527,86.50771103896103,4.4754751970329165,1.0,128.0,40.857142857142854,49.357142857142854,128.0,0.0,0.42857142857142855
KALIMANTAN BARAT,2024-11-05,2024,4,11,Nov,45,3,0,0,13.737242614145032,26.969233887312527,86.50771103896103,4.4754751970329165,2.0,78.0,22.857142857142858,49.42857142857143,78.0,0.0,0.2857142857142857
KALIMANTAN BARAT,2024-11-06,2024,4,11,Nov,45,0,0,0,13.737242614145032,26.969233887312527,86.50771103896103,4.4754751970329165,3.0,60.0,12.142857142857142,47.785714285714285,60.0,0.0,0.14285714285714285
KALIMANTAN BARAT,2024-11-07,2024,4,11,Nov,45,1,0,0,13.737242614145032,26.969233887312527,86.50771103896103,4.4754751970329165,0.0,5.0,3.5714285714285716,42.57142857142857,11.0,0.0,0.0
KALIMANTAN BARAT,2024-11-08,2024,4,11,Nov,45,0,0,0,13.737242614145032,26.969233887312527,86.50771103896103,4.4754751970329165,1.0,11.0,3.0,36.142857142857146,11.0,0.0,0.0
KALIMANTAN BARAT,2024-11-09,2024,4,11,Nov,45,0,0,0,13.737242614145032,26.969233887312527,86.50771103896103,4.4754751970329165,0.0,3.0,1.4285714285714286,34.857142857142854,3.0,0.0,0.0
KALIMANTAN BARAT,2024-11-10,2024,4,11,Nov,45,2,0,0,13.737242614145032,26.969233887312527,86.50771103896103,4.4754751970329165,0.0,1.0,1.0,30.428571428571427,3.0,0.0,0.0
KALIMANTAN BARAT,2024-11-11,2024,4,11,Nov,46,0,0,0,13.737242614145032,26.969233887312527,86.50771103896103,4.4754751970329165,2.0,2.0,1.1428571428571428,21.0,3.0,0.0,0.0
KALIMANTAN BARAT,2024-11-12,2024,4,11,Nov,46,1,0,0,13.737242614145032,26.969233887312527,86.50771103896103,4.4754751970329165,0.0,3.0,0.8571428571428571,11.857142857142858,3.0,0.0,0.0
KALIMANTAN BARAT,2024-11-13,2024,4,11,Nov,46,1,0,0,13.737242614145032,26.969233887312527,86.50771103896103,4.4754751970329165,1.0,0.0,0.5714285714285714,6.357142857142857,2.0,0.0,0.0
KALIMANTAN BARAT,2024-11-14,2024,4,11,Nov,46,1,0,0,13.737242614145032,26.969233887312527,86.50771103896103,4.4754751970329165,1.0,1.0,0.7142857142857143,2.142857142857143,2.0,0.0,0.0
KALIMANTAN BARAT,2024-11-15,2024,4,11,Nov,46,0,0,0,13.737242614145032,26.969233887312527,86.50771103896103,4.4754751970329165,1.0,0.0,0.7142857142857143,1.8571428571428572,2.0,0.0,0.0
KALIMANTAN BARAT,2024-11-16,2024,4,11,Nov,46,0,0,0,13.737242614145032,26.969233887312527,86.50771103896103,4.4754751970329165,0.0,0.0,0.7142857142857143,1.0714285714285714,2.0,0.0,0.0
KALIMANTAN BARAT,2024-11-17,2024,4,11,Nov,46,0,0,0,13.737242614145032,26.969233887312527,86.50771103896103,4.4754751970329165,0.0,2.0,0.7142857142857143,0.8571428571428571,2.0,0.0,0.0
KALIMANTAN BARAT,2024-11-18,2024,4,11,Nov,47,0,0,0,13.737242614145032,26.969233887312527,86.50771103896103,4.4754751970329165,0.0,0.0,0.42857142857142855,0.7857142857142857,1.0,0.0,0.0
KALIMANTAN BARAT,2024-11-19,2024,4,11,Nov,47,0,0,0,13.737242614145032,26.969233887312527,86.50771103896103,4.4754751970329165,0.0,1.0,0.42857142857142855,0.6428571428571429,1.0,0.0,0.0
KALIMANTAN BARAT,2024-11-20,2024,4,11,Nov,47,0,0,0,13.737242614145032,26.969233887312527,86.50771103896103,4.4754751970329165,0.0,1.0,0.2857142857142857,0.42857142857142855,1.0,0.0,0.0
KALIMANTAN BARAT,2024-11-21,2024,4,11,Nov,47,0,0,0,13.737242614145032,26.969233887312527,86.50771103896103,4.4754751970329165,0.0,1.0,0.14285714285714285,0.42857142857142855,1.0,0.0,0.0
KALIMANTAN BARAT,2024-11-22,2024,4,11,Nov,47,0,0,0,13.737242614145032,26.969233887312527,86.50771103896103,4.4754751970329165,0.0,0.0,0.0,0.35714285714285715,0.0,0.0,0.0
KALIMANTAN BARAT,2024-11-23,2024,4,11,Nov,47,0,0,0,13.737242614145032,26.969233887312527,86.50771103896103,4.4754751970329165,0.0,0.0,0.0,0.35714285714285715,0.0,0.0,0.0
KALIMANTAN BARAT,2024-11-24,2024,4,11,Nov,47,0,0,0,13.737242614145032,26.969233887312527,86.50771103896103,4.4754751970329165,0.0,0.0,0.0,0.35714285714285715,0.0,0.0,0.0
KALIMANTAN BARAT,2024-11-25,2024,4,11,Nov,48,0,0,0,13.737242614145032,26.969233887312527,86.50771103896103,4.4754751970329165,0.0,0.0,0.0,0.21428571428571427,0.0,0.0,0.0
KALIMANTAN BARAT,2024-11-26,2024,4,11,Nov,48,0,0,0,13.737242614145032,26.969233887312527,86.50771103896103,4.4754751970329165,0.0,0.0,0.0,0.21428571428571427,0.0,0.0,0.0
KALIMANTAN BARAT,2024-11-27,2024,4,11,Nov,48,0,0,0,13.737242614145032,26.969233887312527,86.50771103896103,4.4754751970329165,0.0,0.0,0.0,0.14285714285714285,0.0,0.0,0.0
KALIMANTAN BARAT,2024-11-28,2024,4,11,Nov,48,0,0,0,13.737242614145032,26.969233887312527,86.50771103896103,4.4754751970329165,0.0,0.0,0.0,0.07142857142857142,0.0,0.0,0.0
KALIMANTAN BARAT,2024-11-29,2024,4,11,Nov,48,0,0,0,13.737242614145032,26.969233887312527,86.50771103896103,4.4754751970329165,0.0,0.0,0.0,0.0,0.0,0.0,0.0
KALIMANTAN BARAT,2024-11-30,2024,4,11,Nov,48,0,0,0,13.737242614145032,26.969233887312527,86.50771103896103,4.4754751970329165,0.0,0.0,0.0,0.0,0.0,0.0,0.0
KALIMANTAN BARAT,2024-12-01,2024,4,12,Dec,48,0,0,0,14.126607066836952,26.79866565001906,86.69351145038168,4.2537450722733245,0.0,0.0,0.0,0.0,0.0,0.0,0.0
KALIMANTAN BARAT,2024-12-02,2024,4,12,Dec,49,0,0,0,14.126607066836952,26.79866565001906,86.69351145038168,4.2537450722733245,0.0,0.0,0.0,0.0,0.0,0.0,0.0
KALIMANTAN BARAT,2024-12-03,2024,4,12,Dec,49,0,0,0,14.126607066836952,26.79866565001906,86.69351145038168,4.2537450722733245,0.0,0.0,0.0,0.0,0.0,0.0,0.0
KALIMANTAN BARAT,2024-12-04,2024,4,12,Dec,49,0,0,0,14.126607066836952,26.79866565001906,86.69351145038168,4.2537450722733245,0.0,0.0,0.0,0.0,0.0,0.0,0.0
KALIMANTAN BARAT,2024-12-05,2024,4,12,Dec,49,0,0,0,14.126607066836952,26.79866565001906,86.69351145038168,4.2537450722733245,0.0,0.0,0.0,0.0,0.0,0.0,0.0
KALIMANTAN BARAT,2024-12-06,2024,4,12,Dec,49,0,0,0,14.126607066836952,26.79866565001906,86.69351145038168,4.2537450722733245,0.0,0.0,0.0,0.0,0.0,0.0,0.0
KALIMANTAN BARAT,2024-12-07,2024,4,12,Dec,49,0,0,0,14.126607066836952,26.79866565001906,86.69351145038168,4.2537450722733245,0.0,0.0,0.0,0.0,0.0,0.0,0.0
KALIMANTAN BARAT,2024-12-08,2024,4,12,Dec,49,2,0,0,14.126607066836952,26.79866565001906,86.69351145038168,4.2537450722733245,0.0,0.0,0.0,0.0,0.0,0.0,0.0
KALIMANTAN BARAT,2024-12-09,2024,4,12,Dec,50,0,0,0,14.126607066836952,26.79866565001906,86.69351145038168,4.2537450722733245,2.0,0.0,0.2857142857142857,0.14285714285714285,2.0,0.0,0.0
KALIMANTAN BARAT,2024-12-10,2024,4,12,Dec,50,0,0,0,14.126607066836952,26.79866565001906,86.69351145038168,4.2537450722733245,0.0,0.0,0.2857142857142857,0.14285714285714285,2.0,0.0,0.0
KALIMANTAN BARAT,2024-12-11,2024,4,12,Dec,50,0,0,0,14.126607066836952,26.79866565001906,86.69351145038168,4.2537450722733245,0.0,0.0,0.2857142857142857,0.14285714285714285,2.0,0.0,0.0
KALIMANTAN BARAT,2024-12-12,2024,4,12,Dec,50,0,0,0,14.126607066836952,26.79866565001906,86.69351145038168,4.2537450722733245,0.0,0.0,0.2857142857142857,0.14285714285714285,2.0,0.0,0.0
KALIMANTAN BARAT,2024-12-13,2024,4,12,Dec,50,0,0,0,14.126607066836952,26.79866565001906,86.69351145038168,4.2537450722733245,0.0,0.0,0.2857142857142857,0.14285714285714285,2.0,0.0,0.0
KALIMANTAN BARAT,2024-12-14,2024,4,12,Dec,50,0,0,0,14.126607066836952,26.79866565001906,86.69351145038168,4.2537450722733245,0.0,0.0,0.2857142857142857,0.14285714285714285,2.0,0.0,0.0
KALIMANTAN BARAT,2024-12-15,2024,4,12,Dec,50,4,0,0,14.126607066836952,26.79866565001906,86.69351145038168,4.2537450722733245,0.0,2.0,0.2857142857142857,0.14285714285714285,2.0,0.0,0.0
KALIMANTAN BARAT,2024-12-16,2024,4,12,Dec,51,9,0,0,14.126607066836952,26.79866565001906,86.69351145038168,4.2537450722733245,4.0,0.0,0.5714285714285714,0.42857142857142855,4.0,0.0,0.0
KALIMANTAN BARAT,2024-12-17,2024,4,12,Dec,51,2,0,0,14.126607066836952,26.79866565001906,86.69351145038168,4.2537450722733245,9.0,0.0,1.8571428571428572,1.0714285714285714,9.0,0.0,0.0
KALIMANTAN BARAT,2024-12-18,2024,4,12,Dec,51,0,0,0,14.126607066836952,26.79866565001906,86.69351145038168,4.2537450722733245,2.0,0.0,2.142857142857143,1.2142857142857142,9.0,0.0,0.0
KALIMANTAN BARAT,2024-12-19,2024,4,12,Dec,51,0,0,0,14.126607066836952,26.79866565001906,86.69351145038168,4.2537450722733245,0.0,0.0,2.142857142857143,1.2142857142857142,9.0,0.0,0.0
KALIMANTAN BARAT,2024-12-20,2024,4,12,Dec,51,0,0,0,14.126607066836952,26.79866565001906,86.69351145038168,4.2537450722733245,0.0,0.0,2.142857142857143,1.2142857142857142,9.0,0.0,0.0
KALIMANTAN BARAT,2024-12-21,2024,4,12,Dec,51,0,0,0,14.126607066836952,26.79866565001906,86.69351145038168,4.2537450722733245,0.0,0.0,2.142857142857143,1.2142857142857142,9.0,0.0,0.0
KALIMANTAN BARAT,2024-12-22,2024,4,12,Dec,51,4,0,0,14.126607066836952,26.79866565001906,86.69351145038168,4.2537450722733245,0.0,4.0,2.142857142857143,1.2142857142857142,9.0,0.0,0.0
KALIMANTAN BARAT,2024-12-23,2024,4,12,Dec,52,3,0,0,14.126607066836952,26.79866565001906,86.69351145038168,4.2537450722733245,4.0,9.0,2.142857142857143,1.3571428571428572,9.0,0.0,0.0
KALIMANTAN BARAT,2024-12-24,2024,4,12,Dec,52,0,0,0,14.126607066836952,26.79866565001906,86.69351145038168,4.2537450722733245,3.0,2.0,1.2857142857142858,1.5714285714285714,4.0,0.0,0.0
KALIMANTAN BARAT,2024-12-25,2024,4,12,Dec,52,0,0,0,14.126607066836952,26.79866565001906,86.69351145038168,4.2537450722733245,0.0,0.0,1.0,1.5714285714285714,4.0,0.0,0.0
KALIMANTAN BARAT,2024-12-26,2024,4,12,Dec,52,1,0,0,14.126607066836952,26.79866565001906,86.69351145038168,4.2537450722733245,0.0,0.0,1.0,1.5714285714285714,4.0,0.0,0.0
KALIMANTAN BARAT,2024-12-27,2024,4,12,Dec,52,0,0,0,14.126607066836952,26.79866565001906,86.69351145038168,4.2537450722733245,1.0,0.0,1.1428571428571428,1.6428571428571428,4.0,0.0,0.0
KALIMANTAN BARAT,2024-12-28,2024,4,12,Dec,52,5,0,0,14.126607066836952,26.79866565001906,86.69351145038168,4.2537450722733245,0.0,0.0,1.1428571428571428,1.6428571428571428,4.0,0.0,0.0
KALIMANTAN BARAT,2024-12-29,2024,4,12,Dec,52,3,0,0,14.126607066836952,26.79866565001906,86.69351145038168,4.2537450722733245,5.0,4.0,1.8571428571428572,2.0,5.0,0.0,0.0
KALIMANTAN BARAT,2024-12-30,2024,4,12,Dec,1,7,0,0,14.126607066836952,26.79866565001906,86.69351145038168,4.2537450722733245,3.0,3.0,1.7142857142857142,1.9285714285714286,5.0,0.0,0.0
KALIMANTAN BARAT,2024-12-31,2024,4,12,Dec,1,0,0,0,14.126607066836952,26.79866565001906,86.69351145038168,4.2537450722733245,7.0,0.0,2.2857142857142856,1.7857142857142858,7.0,0.0,0.0
KALIMANTAN BARAT,2025-01-01,2025,1,1,Jan,1,1,0,0,11.156701940035274,26.771613394216136,86.14280274181264,4.2456336766681595,0.0,0.0,2.2857142857142856,1.6428571428571428,7.0,0.0,0.0
KALIMANTAN BARAT,2025-01-02,2025,1,1,Jan,1,4,0,0,11.156701940035274,26.771613394216136,86.14280274181264,4.2456336766681595,1.0,1.0,2.4285714285714284,1.7142857142857142,7.0,0.0,0.0
KALIMANTAN BARAT,2025-01-03,2025,1,1,Jan,1,9,0,0,11.156701940035274,26.771613394216136,86.14280274181264,4.2456336766681595,4.0,0.0,2.857142857142857,2.0,7.0,0.0,0.0
KALIMANTAN BARAT,2025-01-04,2025,1,1,Jan,1,2,0,0,11.156701940035274,26.771613394216136,86.14280274181264,4.2456336766681595,9.0,5.0,4.142857142857143,2.642857142857143,9.0,0.0,0.0
KALIMANTAN BARAT,2025-01-05,2025,1,1,Jan,1,0,0,0,11.156701940035274,26.771613394216136,86.14280274181264,4.2456336766681595,2.0,3.0,3.7142857142857144,2.7857142857142856,9.0,0.0,0.0
KALIMANTAN BARAT,2025-01-06,2025,1,1,Jan,2,4,0,0,11.156701940035274,26.771613394216136,86.14280274181264,4.2456336766681595,0.0,7.0,3.2857142857142856,2.5,9.0,0.0,0.0
KALIMANTAN BARAT,2025-01-07,2025,1,1,Jan,2,0,0,0,11.156701940035274,26.771613394216136,86.14280274181264,4.2456336766681595,4.0,0.0,2.857142857142857,2.5714285714285716,9.0,0.0,0.0
KALIMANTAN BARAT,2025-01-08,2025,1,1,Jan,2,1,0,0,11.156701940035274,26.771613394216136,86.14280274181264,4.2456336766681595,0.0,1.0,2.857142857142857,2.5714285714285716,9.0,0.0,0.0
KALIMANTAN BARAT,2025-01-09,2025,1,1,Jan,2,0,0,0,11.156701940035274,26.771613394216136,86.14280274181264,4.2456336766681595,1.0,4.0,2.857142857142857,2.642857142857143,9.0,0.0,0.0
KALIMANTAN BARAT,2025-01-10,2025,1,1,Jan,2,1,0,0,11.156701940035274,26.771613394216136,86.14280274181264,4.2456336766681595,0.0,9.0,2.2857142857142856,2.5714285714285716,9.0,0.0,0.0
KALIMANTAN BARAT,2025-01-11,2025,1,1,Jan,2,0,0,0,11.156701940035274,26.771613394216136,86.14280274181264,4.2456336766681595,1.0,2.0,1.1428571428571428,2.642857142857143,4.0,0.0,0.0
KALIMANTAN BARAT,2025-01-12,2025,1,1,Jan,2,0,0,0,11.156701940035274,26.771613394216136,86.14280274181264,4.2456336766681595,0.0,0.0,0.8571428571428571,2.2857142857142856,4.0,0.0,0.0
KALIMANTAN BARAT,2025-01-13,2025,1,1,Jan,3,0,0,0,11.156701940035274,26.771613394216136,86.14280274181264,4.2456336766681595,0.0,4.0,0.8571428571428571,2.0714285714285716,4.0,0.0,0.0
KALIMANTAN BARAT,2025-01-14,2025,1,1,Jan,3,0,0,0,11.156701940035274,26.771613394216136,86.14280274181264,4.2456336766681595,0.0,0.0,0.2857142857142857,1.5714285714285714,1.0,0.0,0.0
KALIMANTAN BARAT,2025-01-15,2025,1,1,Jan,3,0,0,0,11.156701940035274,26.771613394216136,86.14280274181264,4.2456336766681595,0.0,1.0,0.2857142857142857,1.5714285714285714,1.0,0.0,0.0
KALIMANTAN BARAT,2025-01-16,2025,1,1,Jan,3,0,0,0,11.156701940035274,26.771613394216136,86.14280274181264,4.2456336766681595,0.0,0.0,0.14285714285714285,1.5,1.0,0.0,0.0
KALIMANTAN BARAT,2025-01-17,2025,1,1,Jan,3,1,0,0,11.156701940035274,26.771613394216136,86.14280274181264,4.2456336766681595,0.0,1.0,0.14285714285714285,1.2142857142857142,1.0,0.0,0.0
KALIMANTAN BARAT,2025-01-18,2025,1,1,Jan,3,4,0,0,11.156701940035274,26.771613394216136,86.14280274181264,4.2456336766681595,1.0,0.0,0.14285714285714285,0.6428571428571429,1.0,0.0,0.0
KALIMANTAN BARAT,2025-01-19,2025,1,1,Jan,3,0,0,0,11.156701940035274,26.771613394216136,86.14280274181264,4.2456336766681595,4.0,0.0,0.7142857142857143,0.7857142857142857,4.0,0.0,0.0
KALIMANTAN BARAT,2025-01-20,2025,1,1,Jan,4,0,0,0,11.156701940035274,26.771613394216136,86.14280274181264,4.2456336766681595,0.0,0.0,0.7142857142857143,0.7857142857142857,4.0,0.0,0.0
KALIMANTAN BARAT,2025-01-21,2025,1,1,Jan,4,0,0,0,11.156701940035274,26.771613394216136,86.14280274181264,4.2456336766681595,0.0,0.0,0.7142857142857143,0.5,4.0,0.0,0.0
KALIMANTAN BARAT,2025-01-22,2025,1,1,Jan,4,0,0,0,11.156701940035274,26.771613394216136,86.14280274181264,4.2456336766681595,0.0,0.0,0.7142857142857143,0.5,4.0,0.0,0.0
KALIMANTAN BARAT,2025-01-23,2025,1,1,Jan,4,0,0,0,11.156701940035274,26.771613394216136,86.14280274181264,4.2456336766681595,0.0,0.0,0.7142857142857143,0.42857142857142855,4.0,0.0,0.0
KALIMANTAN BARAT,2025-01-24,2025,1,1,Jan,4,0,0,0,11.156701940035274,26.771613394216136,86.14280274181264,4.2456336766681595,0.0,1.0,0.7142857142857143,0.42857142857142855,4.0,0.0,0.0
KALIMANTAN BARAT,2025-01-25,2025,1,1,Jan,4,0,0,0,11.156701940035274,26.771613394216136,86.14280274181264,4.2456336766681595,0.0,4.0,0.5714285714285714,0.35714285714285715,4.0,0.0,0.0
KALIMANTAN BARAT,2025-01-26,2025,1,1,Jan,4,0,0,0,11.156701940035274,26.771613394216136,86.14280274181264,4.2456336766681595,0.0,0.0,0.0,0.35714285714285715,0.0,0.0,0.0
KALIMANTAN BARAT,2025-01-27,2025,1,1,Jan,5,0,0,0,11.156701940035274,26.771613394216136,86.14280274181264,4.2456336766681595,0.0,0.0,0.0,0.35714285714285715,0.0,0.0,0.0
KALIMANTAN BARAT,2025-01-28,2025,1,1,Jan,5,0,0,0,11.156701940035274,26.771613394216136,86.14280274181264,4.2456336766681595,0.0,0.0,0.0,0.35714285714285715,0.0,0.0,0.0
KALIMANTAN BARAT,2025-01-29,2025,1,1,Jan,5,0,0,0,11.156701940035274,26.771613394216136,86.14280274181264,4.2456336766681595,0.0,0.0,0.0,0.35714285714285715,0.0,0.0,0.0
KALIMANTAN BARAT,2025-01-30,2025,1,1,Jan,5,0,0,0,11.156701940035274,26.771613394216136,86.14280274181264,4.2456336766681595,0.0,0.0,0.0,0.35714285714285715,0.0,0.0,0.0
KALIMANTAN BARAT,2025-01-31,2025,1,1,Jan,5,0,0,0,11.156701940035274,26.771613394216136,86.14280274181264,4.2456336766681595,0.0,0.0,0.0,0.35714285714285715,0.0,0.0,0.0
KALIMANTAN BARAT,2025-02-01,2025,1,2,Feb,5,0,0,0,11.740329012961116,26.842545920546776,85.57289439931594,4.566254940711462,0.0,0.0,0.0,0.2857142857142857,0.0,0.0,0.0
KALIMANTAN BARAT,2025-02-02,2025,1,2,Feb,5,3,0,0,11.740329012961116,26.842545920546776,85.57289439931594,4.566254940711462,0.0,0.0,0.0,0.0,0.0,0.0,0.0
KALIMANTAN BARAT,2025-02-03,2025,1,2,Feb,6,2,0,0,11.740329012961116,26.842545920546776,85.57289439931594,4.566254940711462,3.0,0.0,0.42857142857142855,0.21428571428571427,3.0,0.0,0.0
KALIMANTAN BARAT,2025-02-04,2025,1,2,Feb,6,1,0,0,11.740329012961116,26.842545920546776,85.57289439931594,4.566254940711462,2.0,0.0,0.7142857142857143,0.35714285714285715,3.0,0.0,0.0
KALIMANTAN BARAT,2025-02-05,2025,1,2,Feb,6,0,0,0,11.740329012961116,26.842545920546776,85.57289439931594,4.566254940711462,1.0,0.0,0.8571428571428571,0.42857142857142855,3.0,0.0,0.0
KALIMANTAN BARAT,2025-02-06,2025,1,2,Feb,6,0,0,0,11.740329012961116,26.842545920546776,85.57289439931594,4.566254940711462,0.0,0.0,0.8571428571428571,0.42857142857142855,3.0,0.0,0.0
KALIMANTAN BARAT,2025-02-07,2025,1,2,Feb,6,3,0,0,11.740329012961116,26.842545920546776,85.57289439931594,4.566254940711462,0.0,0.0,0.8571428571428571,0.42857142857142855,3.0,0.0,0.0
KALIMANTAN BARAT,2025-02-08,2025,1,2,Feb,6,11,0,0,11.740329012961116,26.842545920546776,85.57289439931594,4.566254940711462,3.0,0.0,1.2857142857142858,0.6428571428571429,3.0,0.0,0.0
KALIMANTAN BARAT,2025-02-09,2025,1,2,Feb,6,5,0,0,11.740329012961116,26.842545920546776,85.57289439931594,4.566254940711462,11.0,3.0,2.857142857142857,1.4285714285714286,11.0,0.0,0.0
KALIMANTAN BARAT,2025-02-10,2025,1,2,Feb,7,10,0,0,11.740329012961116,26.842545920546776,85.57289439931594,4.566254940711462,5.0,2.0,3.142857142857143,1.7857142857142858,11.0,0.0,0.0
KALIMANTAN BARAT,2025-02-11,2025,1,2,Feb,7,1,0,0,11.740329012961116,26.842545920546776,85.57289439931594,4.566254940711462,10.0,1.0,4.285714285714286,2.5,11.0,0.0,0.0
KALIMANTAN BARAT,2025-02-12,2025,1,2,Feb,7,14,0,0,11.740329012961116,26.842545920546776,85.57289439931594,4.566254940711462,1.0,0.0,4.285714285714286,2.5714285714285716,11.0,0.0,0.0
KALIMANTAN BARAT,2025-02-13,2025,1,2,Feb,7,16,0,0,11.740329012961116,26.842545920546776,85.57289439931594,4.566254940711462,14.0,0.0,6.285714285714286,3.5714285714285716,14.0,0.0,0.0
KALIMANTAN BARAT,2025-02-14,2025,1,2,Feb,7,0,0,0,11.740329012961116,26.842545920546776,85.57289439931594,4.566254940711462,16.0,3.0,8.571428571428571,4.714285714285714,16.0,0.0,0.0
KALIMANTAN BARAT,2025-02-15,2025,1,2,Feb,7,8,0,0,11.740329012961116,26.842545920546776,85.57289439931594,4.566254940711462,0.0,11.0,8.142857142857142,4.714285714285714,16.0,0.0,0.0
KALIMANTAN BARAT,2025-02-16,2025,1,2,Feb,7,1,0,0,11.740329012961116,26.842545920546776,85.57289439931594,4.566254940711462,8.0,5.0,7.714285714285714,5.285714285714286,16.0,0.0,0.0
KALIMANTAN BARAT,2025-02-17,2025,1,2,Feb,8,7,0,0,11.740329012961116,26.842545920546776,85.57289439931594,4.566254940711462,1.0,10.0,7.142857142857143,5.142857142857143,16.0,0.0,0.0
KALIMANTAN BARAT,2025-02-18,2025,1,2,Feb,8,11,0,0,11.740329012961116,26.842545920546776,85.57289439931594,4.566254940711462,7.0,1.0,6.714285714285714,5.5,16.0,0.0,0.0
KALIMANTAN BARAT,2025-02-19,2025,1,2,Feb,8,0,0,0,11.740329012961116,26.842545920546776,85.57289439931594,4.566254940711462,11.0,14.0,8.142857142857142,6.214285714285714,16.0,0.0,0.0
KALIMANTAN BARAT,2025-02-20,2025,1,2,Feb,8,4,0,0,11.740329012961116,26.842545920546776,85.57289439931594,4.566254940711462,0.0,16.0,6.142857142857143,6.214285714285714,16.0,0.0,0.0
KALIMANTAN BARAT,2025-02-21,2025,1,2,Feb,8,0,0,0,11.740329012961116,26.842545920546776,85.57289439931594,4.566254940711462,4.0,0.0,4.428571428571429,6.5,11.0,0.0,0.0
KALIMANTAN BARAT,2025-02-22,2025,1,2,Feb,8,7,0,0,11.740329012961116,26.842545920546776,85.57289439931594,4.566254940711462,0.0,8.0,4.428571428571429,6.285714285714286,11.0,0.0,0.0
KALIMANTAN BARAT,2025-02-23,2025,1,2,Feb,8,1,0,0,11.740329012961116,26.842545920546776,85.57289439931594,4.566254940711462,7.0,1.0,4.285714285714286,6.0,11.0,0.0,0.0
KALIMANTAN BARAT,2025-02-24,2025,1,2,Feb,9,0,0,0,11.740329012961116,26.842545920546776,85.57289439931594,4.566254940711462,1.0,7.0,4.285714285714286,5.714285714285714,11.0,0.0,0.0
KALIMANTAN BARAT,2025-02-25,2025,1,2,Feb,9,1,0,0,11.740329012961116,26.842545920546776,85.57289439931594,4.566254940711462,0.0,11.0,3.2857142857142856,5.0,11.0,0.0,0.0
KALIMANTAN BARAT,2025-02-26,2025,1,2,Feb,9,0,0,0,11.740329012961116,26.842545920546776,85.57289439931594,4.566254940711462,1.0,0.0,1.8571428571428572,5.0,7.0,0.0,0.0
KALIMANTAN BARAT,2025-02-27,2025,1,2,Feb,9,0,0,0,11.740329012961116,26.842545920546776,85.57289439931594,4.566254940711462,0.0,4.0,1.8571428571428572,4.0,7.0,0.0,0.0
KALIMANTAN BARAT,2025-02-28,2025,1,2,Feb,9,0,0,0,11.740329012961116,26.842545920546776,85.57289439931594,4.566254940711462,0.0,0.0,1.2857142857142858,2.857142857142857,7.0,0.0,0.0
KALIMANTAN BARAT,2025-03-01,2025,1,3,Mar,9,2,0,0,9.94321608040201,27.21897496087637,84.84618395303326,4.720621341737956,0.0,7.0,1.2857142857142858,2.857142857142857,7.0,0.0,0.0
KALIMANTAN BARAT,2025-03-02,2025,1,3,Mar,9,2,0,0,9.94321608040201,27.21897496087637,84.84618395303326,4.720621341737956,2.0,1.0,0.5714285714285714,2.4285714285714284,2.0,0.0,0.0
KALIMANTAN BARAT,2025-03-03,2025,1,3,Mar,10,0,0,0,9.94321608040201,27.21897496087637,84.84618395303326,4.720621341737956,2.0,0.0,0.7142857142857143,2.5,2.0,0.0,0.0
KALIMANTAN BARAT,2025-03-04,2025,1,3,Mar,10,0,0,0,9.94321608040201,27.21897496087637,84.84618395303326,4.720621341737956,0.0,1.0,0.7142857142857143,2.0,2.0,0.0,0.0
KALIMANTAN BARAT,2025-03-05,2025,1,3,Mar,10,0,0,0,9.94321608040201,27.21897496087637,84.84618395303326,4.720621341737956,0.0,0.0,0.5714285714285714,1.2142857142857142,2.0,0.0,0.0
KALIMANTAN BARAT,2025-03-06,2025,1,3,Mar,10,1,0,0,9.94321608040201,27.21897496087637,84.84618395303326,4.720621341737956,0.0,0.0,0.5714285714285714,1.2142857142857142,2.0,0.0,0.0
KALIMANTAN BARAT,2025-03-07,2025,1,3,Mar,10,0,0,0,9.94321608040201,27.21897496087637,84.84618395303326,4.720621341737956,1.0,0.0,0.7142857142857143,1.0,2.0,0.0,0.0
KALIMANTAN BARAT,2025-03-08,2025,1,3,Mar,10,1,0,0,9.94321608040201,27.21897496087637,84.84618395303326,4.720621341737956,0.0,2.0,0.7142857142857143,1.0,2.0,0.0,0.0
KALIMANTAN BARAT,2025-03-09,2025,1,3,Mar,10,0,0,0,9.94321608040201,27.21897496087637,84.84618395303326,4.720621341737956,1.0,2.0,0.5714285714285714,0.5714285714285714,2.0,0.0,0.0
KALIMANTAN BARAT,2025-03-10,2025,1,3,Mar,11,0,0,0,9.94321608040201,27.21897496087637,84.84618395303326,4.720621341737956,0.0,0.0,0.2857142857142857,0.5,1.0,0.0,0.0
KALIMANTAN BARAT,2025-03-11,2025,1,3,Mar,11,1,0,0,9.94321608040201,27.21897496087637,84.84618395303326,4.720621341737956,0.0,0.0,0.2857142857142857,0.5,1.0,0.0,0.0
KALIMANTAN BARAT,2025-03-12,2025,1,3,Mar,11,0,0,0,9.94321608040201,27.21897496087637,84.84618395303326,4.720621341737956,1.0,0.0,0.42857142857142855,0.5,1.0,0.0,0.0
KALIMANTAN BARAT,2025-03-13,2025,1,3,Mar,11,1,0,0,9.94321608040201,27.21897496087637,84.84618395303326,4.720621341737956,0.0,1.0,0.42857142857142855,0.5,1.0,0.0,0.0
KALIMANTAN BARAT,2025-03-14,2025,1,3,Mar,11,0,0,0,9.94321608040201,27.21897496087637,84.84618395303326,4.720621341737956,1.0,0.0,0.42857142857142855,0.5714285714285714,1.0,0.0,0.0
KALIMANTAN BARAT,2025-03-15,2025,1,3,Mar,11,0,0,0,9.94321608040201,27.21897496087637,84.84618395303326,4.720621341737956,0.0,1.0,0.42857142857142855,0.5714285714285714,1.0,0.0,0.0
KALIMANTAN BARAT,2025-03-16,2025,1,3,Mar,11,0,0,0,9.94321608040201,27.21897496087637,84.84618395303326,4.720621341737956,0.0,0.0,0.2857142857142857,0.42857142857142855,1.0,0.0,0.0
KALIMANTAN BARAT,2025-03-17,2025,1,3,Mar,12,11,0,0,9.94321608040201,27.21897496087637,84.84618395303326,4.720621341737956,0.0,0.0,0.2857142857142857,0.2857142857142857,1.0,0.0,0.0
KALIMANTAN BARAT,2025-03-18,2025,1,3,Mar,12,1,0,0,9.94321608040201,27.21897496087637,84.84618395303326,4.720621341737956,11.0,1.0,1.8571428571428572,1.0714285714285714,11.0,0.0,0.0
KALIMANTAN BARAT,2025-03-19,2025,1,3,Mar,12,0,0,0,9.94321608040201,27.21897496087637,84.84618395303326,4.720621341737956,1.0,0.0,1.8571428571428572,1.1428571428571428,11.0,0.0,0.0
KALIMANTAN BARAT,2025-03-20,2025,1,3,Mar,12,0,0,0,9.94321608040201,27.21897496087637,84.84618395303326,4.720621341737956,0.0,1.0,1.8571428571428572,1.1428571428571428,11.0,0.0,0.0
KALIMANTAN BARAT,2025-03-21,2025,1,3,Mar,12,0,0,0,9.94321608040201,27.21897496087637,84.84618395303326,4.720621341737956,0.0,0.0,1.7142857142857142,1.0714285714285714,11.0,0.0,0.0
KALIMANTAN BARAT,2025-03-22,2025,1,3,Mar,12,0,0,0,9.94321608040201,27.21897496087637,84.84618395303326,4.720621341737956,0.0,0.0,1.7142857142857142,1.0714285714285714,11.0,0.0,0.0
KALIMANTAN BARAT,2025-03-23,2025,1,3,Mar,12,0,0,0,9.94321608040201,27.21897496087637,84.84618395303326,4.720621341737956,0.0,0.0,1.7142857142857142,1.0,11.0,0.0,0.0
KALIMANTAN BARAT,2025-03-24,2025,1,3,Mar,13,3,0,0,9.94321608040201,27.21897496087637,84.84618395303326,4.720621341737956,0.0,11.0,1.7142857142857142,1.0,11.0,0.0,0.0
KALIMANTAN BARAT,2025-03-25,2025,1,3,Mar,13,0,0,0,9.94321608040201,27.21897496087637,84.84618395303326,4.720621341737956,3.0,1.0,0.5714285714285714,1.2142857142857142,3.0,0.0,0.0
KALIMANTAN BARAT,2025-03-26,2025,1,3,Mar,13,11,0,0,9.94321608040201,27.21897496087637,84.84618395303326,4.720621341737956,0.0,0.0,0.42857142857142855,1.1428571428571428,3.0,0.0,0.0
KALIMANTAN BARAT,2025-03-27,2025,1,3,Mar,13,16,0,0,9.94321608040201,27.21897496087637,84.84618395303326,4.720621341737956,11.0,0.0,2.0,1.9285714285714286,11.0,0.0,0.0
KALIMANTAN BARAT,2025-03-28,2025,1,3,Mar,13,9,0,0,9.94321608040201,27.21897496087637,84.84618395303326,4.720621341737956,16.0,0.0,4.285714285714286,3.0,16.0,0.0,0.0
KALIMANTAN BARAT,2025-03-29,2025,1,3,Mar,13,2,0,0,9.94321608040201,27.21897496087637,84.84618395303326,4.720621341737956,9.0,0.0,5.571428571428571,3.642857142857143,16.0,0.0,0.0
KALIMANTAN BARAT,2025-03-30,2025,1,3,Mar,13,1,0,0,9.94321608040201,27.21897496087637,84.84618395303326,4.720621341737956,2.0,0.0,5.857142857142857,3.7857142857142856,16.0,0.0,0.0
KALIMANTAN BARAT,2025-03-31,2025,1,3,Mar,14,3,0,0,9.94321608040201,27.21897496087637,84.84618395303326,4.720621341737956,1.0,3.0,6.0,3.857142857142857,16.0,0.0,0.0
KALIMANTAN BARAT,2025-04-01,2025,2,4,Apr,14,2,0,0,10.966158245948522,27.530961145194272,84.92675941080196,5.301047619047619,3.0,0.0,6.0,3.2857142857142856,16.0,0.0,0.0
KALIMANTAN BARAT,2025-04-02,2025,2,4,Apr,14,3,0,0,10.966158245948522,27.530961145194272,84.92675941080196,5.301047619047619,2.0,11.0,6.285714285714286,3.357142857142857,16.0,0.0,0.0
KALIMANTAN BARAT,2025-04-03,2025,2,4,Apr,14,0,0,0,10.966158245948522,27.530961145194272,84.92675941080196,5.301047619047619,3.0,16.0,5.142857142857143,3.5714285714285716,16.0,0.0,0.0
KALIMANTAN BARAT,2025-04-04,2025,2,4,Apr,14,4,0,0,10.966158245948522,27.530961145194272,84.92675941080196,5.301047619047619,0.0,9.0,2.857142857142857,3.5714285714285716,9.0,0.0,0.0
KALIMANTAN BARAT,2025-04-05,2025,2,4,Apr,14,1,0,0,10.966158245948522,27.530961145194272,84.92675941080196,5.301047619047619,4.0,2.0,2.142857142857143,3.857142857142857,4.0,0.0,0.0
KALIMANTAN BARAT,2025-04-06,2025,2,4,Apr,14,0,0,0,10.966158245948522,27.530961145194272,84.92675941080196,5.301047619047619,1.0,1.0,2.0,3.9285714285714284,4.0,0.0,0.0
KALIMANTAN BARAT,2025-04-07,2025,2,4,Apr,15,1,0,0,10.966158245948522,27.530961145194272,84.92675941080196,5.301047619047619,0.0,3.0,1.8571428571428572,3.9285714285714284,4.0,0.0,0.0
KALIMANTAN BARAT,2025-04-08,2025,2,4,Apr,15,0,0,0,10.966158245948522,27.530961145194272,84.92675941080196,5.301047619047619,1.0,2.0,1.5714285714285714,3.7857142857142856,4.0,0.0,0.0
KALIMANTAN BARAT,2025-04-09,2025,2,4,Apr,15,0,0,0,10.966158245948522,27.530961145194272,84.92675941080196,5.301047619047619,0.0,3.0,1.2857142857142858,3.7857142857142856,4.0,0.0,0.0
KALIMANTAN BARAT,2025-04-10,2025,2,4,Apr,15,0,0,0,10.966158245948522,27.530961145194272,84.92675941080196,5.301047619047619,0.0,0.0,0.8571428571428571,3.0,4.0,0.0,0.0
KALIMANTAN BARAT,2025-04-11,2025,2,4,Apr,15,1,0,0,10.966158245948522,27.530961145194272,84.92675941080196,5.301047619047619,0.0,4.0,0.8571428571428571,1.8571428571428572,4.0,0.0,0.0
KALIMANTAN BARAT,2025-04-12,2025,2,4,Apr,15,4,0,0,10.966158245948522,27.530961145194272,84.92675941080196,5.301047619047619,1.0,1.0,0.42857142857142855,1.2857142857142858,1.0,0.0,0.0
KALIMANTAN BARAT,2025-04-13,2025,2,4,Apr,15,0,0,0,10.966158245948522,27.530961145194272,84.92675941080196,5.301047619047619,4.0,0.0,0.8571428571428571,1.4285714285714286,4.0,0.0,0.0
KALIMANTAN BARAT,2025-04-14,2025,2,4,Apr,16,0,0,0,10.966158245948522,27.530961145194272,84.92675941080196,5.301047619047619,0.0,1.0,0.8571428571428571,1.3571428571428572,4.0,0.0,0.0
KALIMANTAN BARAT,2025-04-15,2025,2,4,Apr,16,0,0,0,10.966158245948522,27.530961145194272,84.92675941080196,5.301047619047619,0.0,0.0,0.7142857142857143,1.1428571428571428,4.0,0.0,0.0
KALIMANTAN BARAT,2025-04-16,2025,2,4,Apr,16,4,0,0,10.966158245948522,27.530961145194272,84.92675941080196,5.301047619047619,0.0,0.0,0.7142857142857143,1.0,4.0,0.0,0.0
KALIMANTAN BARAT,2025-04-17,2025,2,4,Apr,16,4,0,0,10.966158245948522,27.530961145194272,84.92675941080196,5.301047619047619,4.0,0.0,1.2857142857142858,1.0714285714285714,4.0,0.0,0.0
KALIMANTAN BARAT,2025-04-18,2025,2,4,Apr,16,1,0,0,10.966158245948522,27.530961145194272,84.92675941080196,5.301047619047619,4.0,1.0,1.8571428571428572,1.3571428571428572,4.0,0.0,0.0
KALIMANTAN BARAT,2025-04-19,2025,2,4,Apr,16,2,0,0,10.966158245948522,27.530961145194272,84.92675941080196,5.301047619047619,1.0,4.0,1.8571428571428572,1.1428571428571428,4.0,0.0,0.0
KALIMANTAN BARAT,2025-04-20,2025,2,4,Apr,16,0,0,0,10.966158245948522,27.530961145194272,84.92675941080196,5.301047619047619,2.0,0.0,1.5714285714285714,1.2142857142857142,4.0,0.0,0.0
KALIMANTAN BARAT,2025-04-21,2025,2,4,Apr,17,0,0,0,10.966158245948522,27.530961145194272,84.92675941080196,5.301047619047619,0.0,0.0,1.5714285714285714,1.2142857142857142,4.0,0.0,0.0
KALIMANTAN BARAT,2025-04-22,2025,2,4,Apr,17,0,0,0,10.966158245948522,27.530961145194272,84.92675941080196,5.301047619047619,0.0,0.0,1.5714285714285714,1.1428571428571428,4.0,0.0,0.0
KALIMANTAN BARAT,2025-04-23,2025,2,4,Apr,17,1,0,0,10.966158245948522,27.530961145194272,84.92675941080196,5.301047619047619,0.0,4.0,1.5714285714285714,1.1428571428571428,4.0,0.0,0.0
KALIMANTAN BARAT,2025-04-24,2025,2,4,Apr,17,0,0,0,10.966158245948522,27.530961145194272,84.92675941080196,5.301047619047619,1.0,4.0,1.1428571428571428,1.2142857142857142,4.0,0.0,0.0
KALIMANTAN BARAT,2025-04-25,2025,2,4,Apr,17,1,0,0,10.966158245948522,27.530961145194272,84.92675941080196,5.301047619047619,0.0,1.0,0.5714285714285714,1.2142857142857142,2.0,0.0,0.0
KALIMANTAN BARAT,2025-04-26,2025,2,4,Apr,17,1,0,0,10.966158245948522,27.530961145194272,84.92675941080196,5.301047619047619,1.0,2.0,0.5714285714285714,1.2142857142857142,2.0,0.0,0.0
KALIMANTAN BARAT,2025-04-27,2025,2,4,Apr,17,6,0,0,10.966158245948522,27.530961145194272,84.92675941080196,5.301047619047619,1.0,0.0,0.42857142857142855,1.0,1.0,0.0,0.0
KALIMANTAN BARAT,2025-04-28,2025,2,4,Apr,18,11,0,0,10.966158245948522,27.530961145194272,84.92675941080196,5.301047619047619,6.0,0.0,1.2857142857142858,1.4285714285714286,6.0,0.0,0.0
KALIMANTAN BARAT,2025-04-29,2025,2,4,Apr,18,7,0,0,10.966158245948522,27.530961145194272,84.92675941080196,5.301047619047619,11.0,0.0,2.857142857142857,2.2142857142857144,11.0,0.0,0.0
KALIMANTAN BARAT,2025-04-30,2025,2,4,Apr,18,5,0,0,10.966158245948522,27.530961145194272,84.92675941080196,5.301047619047619,7.0,1.0,3.857142857142857,2.7142857142857144,11.0,0.0,0.0
KALIMANTAN BARAT,2025-05-01,2025,2,5,May,18,5,0,0,10.783427230046948,27.81301824212272,84.57368202573682,5.447949080622348,5.0,0.0,4.428571428571429,2.7857142857142856,11.0,0.0,0.0
KALIMANTAN BARAT,2025-05-02,2025,2,5,May,18,10,0,0,10.783427230046948,27.81301824212272,84.57368202573682,5.447949080622348,5.0,1.0,5.142857142857143,2.857142857142857,11.0,0.0,0.0
KALIMANTAN BARAT,2025-05-03,2025,2,5,May,18,34,0,0,10.783427230046948,27.81301824212272,84.57368202573682,5.447949080622348,10.0,1.0,6.428571428571429,3.5,11.0,0.0,0.0
KALIMANTAN BARAT,2025-05-04,2025,2,5,May,18,48,1,0,10.783427230046948,27.81301824212272,84.57368202573682,5.447949080622348,34.0,6.0,11.142857142857142,5.785714285714286,34.0,0.0,0.0
KALIMANTAN BARAT,2025-05-05,2025,2,5,May,19,9,0,0,10.783427230046948,27.81301824212272,84.57368202573682,5.447949080622348,48.0,11.0,17.142857142857142,9.214285714285714,48.0,1.0,0.14285714285714285
KALIMANTAN BARAT,2025-05-06,2025,2,5,May,19,5,0,0,10.783427230046948,27.81301824212272,84.57368202573682,5.447949080622348,9.0,7.0,16.857142857142858,9.857142857142858,48.0,0.0,0.14285714285714285
KALIMANTAN BARAT,2025-05-07,2025,2,5,May,19,17,0,0,10.783427230046948,27.81301824212272,84.57368202573682,5.447949080622348,5.0,5.0,16.571428571428573,10.214285714285714,48.0,0.0,0.14285714285714285
KALIMANTAN BARAT,2025-05-08,2025,2,5,May,19,7,0,0,10.783427230046948,27.81301824212272,84.57368202573682,5.447949080622348,17.0,5.0,18.285714285714285,11.357142857142858,48.0,0.0,0.14285714285714285
KALIMANTAN BARAT,2025-05-09,2025,2,5,May,19,13,0,0,10.783427230046948,27.81301824212272,84.57368202573682,5.447949080622348,7.0,10.0,18.571428571428573,11.857142857142858,48.0,0.0,0.14285714285714285
KALIMANTAN BARAT,2025-05-10,2025,2,5,May,19,12,0,0,10.783427230046948,27.81301824212272,84.57368202573682,5.447949080622348,13.0,34.0,19.0,12.714285714285714,48.0,0.0,0.14285714285714285
KALIMANTAN BARAT,2025-05-11,2025,2,5,May,19,6,0,0,10.783427230046948,27.81301824212272,84.57368202573682,5.447949080622348,12.0,48.0,15.857142857142858,13.5,48.0,0.0,0.14285714285714285
KALIMANTAN BARAT,2025-05-12,2025,2,5,May,20,3,0,0,10.783427230046948,27.81301824212272,84.57368202573682,5.447949080622348,6.0,9.0,9.857142857142858,13.5,17.0,0.0,0.0
KALIMANTAN BARAT,2025-05-13,2025,2,5,May,20,4,0,0,10.783427230046948,27.81301824212272,84.57368202573682,5.447949080622348,3.0,5.0,9.0,12.928571428571429,17.0,0.0,0.0
KALIMANTAN BARAT,2025-05-14,2025,2,5,May,20,2,0,0,10.783427230046948,27.81301824212272,84.57368202573682,5.447949080622348,4.0,17.0,8.857142857142858,12.714285714285714,17.0,0.0,0.0
KALIMANTAN BARAT,2025-05-15,2025,2,5,May,20,8,0,0,10.783427230046948,27.81301824212272,84.57368202573682,5.447949080622348,2.0,7.0,6.714285714285714,12.5,13.0,0.0,0.0
KALIMANTAN BARAT,2025-05-16,2025,2,5,May,20,3,0,0,10.783427230046948,27.81301824212272,84.57368202573682,5.447949080622348,8.0,13.0,6.857142857142857,12.714285714285714,13.0,0.0,0.0
KALIMANTAN BARAT,2025-05-17,2025,2,5,May,20,1,0,0,10.783427230046948,27.81301824212272,84.57368202573682,5.447949080622348,3.0,12.0,5.428571428571429,12.214285714285714,12.0,0.0,0.0
KALIMANTAN BARAT,2025-05-18,2025,2,5,May,20,5,0,0,10.783427230046948,27.81301824212272,84.57368202573682,5.447949080622348,1.0,6.0,3.857142857142857,9.857142857142858,8.0,0.0,0.0
KALIMANTAN BARAT,2025-05-19,2025,2,5,May,21,4,0,0,10.783427230046948,27.81301824212272,84.57368202573682,5.447949080622348,5.0,3.0,3.7142857142857144,6.785714285714286,8.0,0.0,0.0
KALIMANTAN BARAT,2025-05-20,2025,2,5,May,21,5,0,0,10.783427230046948,27.81301824212272,84.57368202573682,5.447949080622348,4.0,4.0,3.857142857142857,6.428571428571429,8.0,0.0,0.0
KALIMANTAN BARAT,2025-05-21,2025,2,5,May,21,13,0,0,10.783427230046948,27.81301824212272,84.57368202573682,5.447949080622348,5.0,2.0,4.0,6.428571428571429,8.0,0.0,0.0
KALIMANTAN BARAT,2025-05-22,2025,2,5,May,21,8,0,0,10.783427230046948,27.81301824212272,84.57368202573682,5.447949080622348,13.0,8.0,5.571428571428571,6.142857142857143,13.0,0.0,0.0
KALIMANTAN BARAT,2025-05-23,2025,2,5,May,21,3,0,0,10.783427230046948,27.81301824212272,84.57368202573682,5.447949080622348,8.0,3.0,5.571428571428571,6.214285714285714,13.0,0.0,0.0
KALIMANTAN BARAT,2025-05-24,2025,2,5,May,21,9,0,0,10.783427230046948,27.81301824212272,84.57368202573682,5.447949080622348,3.0,1.0,5.571428571428571,5.5,13.0,0.0,0.0
KALIMANTAN BARAT,2025-05-25,2025,2,5,May,21,44,1,0,10.783427230046948,27.81301824212272,84.57368202573682,5.447949080622348,9.0,5.0,6.714285714285714,5.285714285714286,13.0,0.0,0.0
KALIMANTAN BARAT,2025-05-26,2025,2,5,May,22,11,0,0,10.783427230046948,27.81301824212272,84.57368202573682,5.447949080622348,44.0,4.0,12.285714285714286,8.0,44.0,1.0,0.14285714285714285
KALIMANTAN BARAT,2025-05-27,2025,2,5,May,22,11,0,0,10.783427230046948,27.81301824212272,84.57368202573682,5.447949080622348,11.0,5.0,13.285714285714286,8.571428571428571,44.0,0.0,0.14285714285714285
KALIMANTAN BARAT,2025-05-28,2025,2,5,May,22,0,0,0,10.783427230046948,27.81301824212272,84.57368202573682,5.447949080622348,11.0,13.0,14.142857142857142,9.071428571428571,44.0,0.0,0.14285714285714285
KALIMANTAN BARAT,2025-05-29,2025,2,5,May,22,10,0,0,10.783427230046948,27.81301824212272,84.57368202573682,5.447949080622348,0.0,8.0,12.285714285714286,8.928571428571429,44.0,0.0,0.14285714285714285
KALIMANTAN BARAT,2025-05-30,2025,2,5,May,22,3,0,0,10.783427230046948,27.81301824212272,84.57368202573682,5.447949080622348,10.0,3.0,12.571428571428571,9.071428571428571,44.0,0.0,0.14285714285714285
KALIMANTAN BARAT,2025-05-31,2025,2,5,May,22,7,0,0,10.783427230046948,27.81301824212272,84.57368202573682,5.447949080622348,3.0,9.0,12.571428571428571,9.071428571428571,44.0,0.0,0.14285714285714285
KALIMANTAN BARAT,2025-06-01,2025,2,6,Jun,22,2,0,0,9.36418491484185,27.61167428334026,83.55800415800415,5.4963576158940395,7.0,44.0,12.285714285714286,9.5,44.0,0.0,0.14285714285714285
KALIMANTAN BARAT,2025-06-02,2025,2,6,Jun,23,0,0,0,9.36418491484185,27.61167428334026,83.55800415800415,5.4963576158940395,2.0,11.0,6.285714285714286,9.285714285714286,11.0,0.0,0.0
KALIMANTAN BARAT,2025-06-03,2025,2,6,Jun,23,7,0,0,9.36418491484185,27.61167428334026,83.55800415800415,5.4963576158940395,0.0,11.0,4.714285714285714,9.0,11.0,0.0,0.0
KALIMANTAN BARAT,2025-06-04,2025,2,6,Jun,23,6,0,0,9.36418491484185,27.61167428334026,83.55800415800415,5.4963576158940395,7.0,0.0,4.142857142857143,9.142857142857142,10.0,0.0,0.0
KALIMANTAN BARAT,2025-06-05,2025,2,6,Jun,23,22,0,0,9.36418491484185,27.61167428334026,83.55800415800415,5.4963576158940395,6.0,10.0,5.0,8.642857142857142,10.0,0.0,0.0
KALIMANTAN BARAT,2025-06-06,2025,2,6,Jun,23,10,0,0,9.36418491484185,27.61167428334026,83.55800415800415,5.4963576158940395,22.0,3.0,6.714285714285714,9.642857142857142,22.0,0.0,0.0
KALIMANTAN BARAT,2025-06-07,2025,2,6,Jun,23,4,0,0,9.36418491484185,27.61167428334026,83.55800415800415,5.4963576158940395,10.0,7.0,7.714285714285714,10.142857142857142,22.0,0.0,0.0
KALIMANTAN BARAT,2025-06-08,2025,2,6,Jun,23,21,0,0,9.36418491484185,27.61167428334026,83.55800415800415,5.4963576158940395,4.0,2.0,7.285714285714286,9.785714285714286,22.0,0.0,0.0
KALIMANTAN BARAT,2025-06-09,2025,2,6,Jun,24,12,0,0,9.36418491484185,27.61167428334026,83.55800415800415,5.4963576158940395,21.0,0.0,10.0,8.142857142857142,22.0,0.0,0.0
KALIMANTAN BARAT,2025-06-10,2025,2,6,Jun,24,42,1,0,9.36418491484185,27.61167428334026,83.55800415800415,5.4963576158940395,12.0,7.0,11.714285714285714,8.214285714285714,22.0,0.0,0.0
KALIMANTAN BARAT,2025-06-11,2025,2,6,Jun,24,20,0,0,9.36418491484185,27.61167428334026,83.55800415800415,5.4963576158940395,42.0,6.0,16.714285714285715,10.428571428571429,42.0,1.0,0.14285714285714285
KALIMANTAN BARAT,2025-06-12,2025,2,6,Jun,24,49,1,0,9.36418491484185,27.61167428334026,83.55800415800415,5.4963576158940395,20.0,22.0,18.714285714285715,11.857142857142858,42.0,0.0,0.14285714285714285
KALIMANTAN BARAT,2025-06-13,2025,2,6,Jun,24,11,0,0,9.36418491484185,27.61167428334026,83.55800415800415,5.4963576158940395,49.0,10.0,22.571428571428573,14.642857142857142,49.0,1.0,0.2857142857142857
KALIMANTAN BARAT,2025-06-14,2025,2,6,Jun,24,8,0,0,9.36418491484185,27.61167428334026,83.55800415800415,5.4963576158940395,11.0,4.0,22.714285714285715,15.214285714285714,49.0,0.0,0.2857142857142857
KALIMANTAN BARAT,2025-06-15,2025,2,6,Jun,24,17,0,0,9.36418491484185,27.61167428334026,83.55800415800415,5.4963576158940395,8.0,21.0,23.285714285714285,15.285714285714286,49.0,0.0,0.2857142857142857
KALIMANTAN BARAT,2025-06-16,2025,2,6,Jun,25,4,0,0,9.36418491484185,27.61167428334026,83.55800415800415,5.4963576158940395,17.0,12.0,22.714285714285715,16.357142857142858,49.0,0.0,0.2857142857142857
KALIMANTAN BARAT,2025-06-17,2025,2,6,Jun,25,0,0,0,9.36418491484185,27.61167428334026,83.55800415800415,5.4963576158940395,4.0,42.0,21.571428571428573,16.642857142857142,49.0,0.0,0.2857142857142857
KALIMANTAN BARAT,2025-06-18,2025,2,6,Jun,25,1,0,0,9.36418491484185,27.61167428334026,83.55800415800415,5.4963576158940395,0.0,20.0,15.571428571428571,16.142857142857142,49.0,0.0,0.14285714285714285
KALIMANTAN BARAT,2025-06-19,2025,2,6,Jun,25,0,0,0,9.36418491484185,27.61167428334026,83.55800415800415,5.4963576158940395,1.0,49.0,12.857142857142858,15.785714285714286,49.0,0.0,0.14285714285714285
KALIMANTAN BARAT,2025-06-20,2025,2,6,Jun,25,0,0,0,9.36418491484185,27.61167428334026,83.55800415800415,5.4963576158940395,0.0,11.0,5.857142857142857,14.214285714285714,17.0,0.0,0.0
KALIMANTAN BARAT,2025-06-21,2025,2,6,Jun,25,1,0,0,9.36418491484185,27.61167428334026,83.55800415800415,5.4963576158940395,0.0,8.0,4.285714285714286,13.5,17.0,0.0,0.0
KALIMANTAN BARAT,2025-06-22,2025,2,6,Jun,25,5,0,0,9.36418491484185,27.61167428334026,83.55800415800415,5.4963576158940395,1.0,17.0,3.2857142857142856,13.285714285714286,17.0,0.0,0.0
KALIMANTAN BARAT,2025-06-23,2025,2,6,Jun,26,16,0,0,9.36418491484185,27.61167428334026,83.55800415800415,5.4963576158940395,5.0,4.0,1.5714285714285714,12.142857142857142,5.0,0.0,0.0
KALIMANTAN BARAT,2025-06-24,2025,2,6,Jun,26,8,0,0,9.36418491484185,27.61167428334026,83.55800415800415,5.4963576158940395,16.0,0.0,3.2857142857142856,12.428571428571429,16.0,0.0,0.0
KALIMANTAN BARAT,2025-06-25,2025,2,6,Jun,26,12,0,0,9.36418491484185,27.61167428334026,83.55800415800415,5.4963576158940395,8.0,1.0,4.428571428571429,10.0,16.0,0.0,0.0
KALIMANTAN BARAT,2025-06-26,2025,2,6,Jun,26,37,1,0,9.36418491484185,27.61167428334026,83.55800415800415,5.4963576158940395,12.0,0.0,6.0,9.428571428571429,16.0,0.0,0.0
KALIMANTAN BARAT,2025-06-27,2025,2,6,Jun,26,28,0,0,9.36418491484185,27.61167428334026,83.55800415800415,5.4963576158940395,37.0,0.0,11.285714285714286,8.571428571428571,37.0,1.0,0.14285714285714285
KALIMANTAN BARAT,2025-06-28,2025,2,6,Jun,26,0,0,0,9.36418491484185,27.61167428334026,83.55800415800415,5.4963576158940395,28.0,1.0,15.285714285714286,9.785714285714286,37.0,0.0,0.14285714285714285
KALIMANTAN BARAT,2025-06-29,2025,2,6,Jun,26,2,0,0,9.36418491484185,27.61167428334026,83.55800415800415,5.4963576158940395,0.0,5.0,15.142857142857142,9.214285714285714,37.0,0.0,0.14285714285714285
KALIMANTAN BARAT,2025-06-30,2025,2,6,Jun,27,5,0,0,9.36418491484185,27.61167428334026,83.55800415800415,5.4963576158940395,2.0,16.0,14.714285714285714,8.142857142857142,37.0,0.0,0.14285714285714285
KALIMANTAN BARAT,2025-07-01,2025,3,7,Jul,27,21,0,1,9.252521408182682,27.308436132113016,82.98725607327758,5.704145785876993,5.0,8.0,13.142857142857142,8.214285714285714,37.0,0.0,0.14285714285714285
KALIMANTAN BARAT,2025-07-02,2025,3,7,Jul,27,77,1,1,9.252521408182682,27.308436132113016,82.98725607327758,5.704145785876993,21.0,12.0,15.0,9.714285714285714,37.0,0.0,0.14285714285714285
KALIMANTAN BARAT,2025-07-03,2025,3,7,Jul,27,18,0,1,9.252521408182682,27.308436132113016,82.98725607327758,5.704145785876993,77.0,37.0,24.285714285714285,15.142857142857142,77.0,1.0,0.2857142857142857
KALIMANTAN BARAT,2025-07-04,2025,3,7,Jul,27,7,0,1,9.252521408182682,27.308436132113016,82.98725607327758,5.704145785876993,18.0,28.0,21.571428571428573,16.428571428571427,77.0,0.0,0.14285714285714285
KALIMANTAN BARAT,2025-07-05,2025,3,7,Jul,27,42,1,1,9.252521408182682,27.308436132113016,82.98725607327758,5.704145785876993,7.0,0.0,18.571428571428573,16.928571428571427,77.0,0.0,0.14285714285714285
KALIMANTAN BARAT,2025-07-06,2025,3,7,Jul,27,73,1,1,9.252521408182682,27.308436132113016,82.98725607327758,5.704145785876993,42.0,2.0,24.571428571428573,19.857142857142858,77.0,1.0,0.2857142857142857
KALIMANTAN BARAT,2025-07-07,2025,3,7,Jul,28,3,0,1,9.252521408182682,27.308436132113016,82.98725607327758,5.704145785876993,73.0,5.0,34.714285714285715,24.714285714285715,77.0,1.0,0.42857142857142855
KALIMANTAN BARAT,2025-07-08,2025,3,7,Jul,28,65,1,1,9.252521408182682,27.308436132113016,82.98725607327758,5.704145785876993,3.0,21.0,34.42857142857143,23.785714285714285,77.0,0.0,0.42857142857142855
KALIMANTAN BARAT,2025-07-09,2025,3,7,Jul,28,18,0,1,9.252521408182682,27.308436132113016,82.98725607327758,5.704145785876993,65.0,77.0,40.714285714285715,27.857142857142858,77.0,1.0,0.5714285714285714
KALIMANTAN BARAT,2025-07-10,2025,3,7,Jul,28,2,0,1,9.252521408182682,27.308436132113016,82.98725607327758,5.704145785876993,18.0,18.0,32.285714285714285,28.285714285714285,73.0,0.0,0.42857142857142855
KALIMANTAN BARAT,2025-07-11,2025,3,7,Jul,28,33,0,1,9.252521408182682,27.308436132113016,82.98725607327758,5.704145785876993,2.0,7.0,30.0,25.785714285714285,73.0,0.0,0.42857142857142855
KALIMANTAN BARAT,2025-07-12,2025,3,7,Jul,28,53,1,1,9.252521408182682,27.308436132113016,82.98725607327758,5.704145785876993,33.0,42.0,33.714285714285715,26.142857142857142,73.0,0.0,0.42857142857142855
KALIMANTAN BARAT,2025-07-13,2025,3,7,Jul,28,93,1,1,9.252521408182682,27.308436132113016,82.98725607327758,5.704145785876993,53.0,73.0,35.285714285714285,29.928571428571427,73.0,1.0,0.42857142857142855
KALIMANTAN BARAT,2025-07-14,2025,3,7,Jul,29,6,0,1,9.252521408182682,27.308436132113016,82.98725607327758,5.704145785876993,93.0,3.0,38.142857142857146,36.42857142857143,93.0,1.0,0.42857142857142855
KALIMANTAN BARAT,2025-07-15,2025,3,7,Jul,29,9,0,1,9.252521408182682,27.308436132113016,82.98725607327758,5.704145785876993,6.0,65.0,38.57142857142857,36.5,93.0,0.0,0.42857142857142855
KALIMANTAN BARAT,2025-07-16,2025,3,7,Jul,29,34,0,1,9.252521408182682,27.308436132113016,82.98725607327758,5.704145785876993,9.0,18.0,30.571428571428573,35.642857142857146,93.0,0.0,0.2857142857142857
KALIMANTAN BARAT,2025-07-17,2025,3,7,Jul,29,31,0,1,9.252521408182682,27.308436132113016,82.98725607327758,5.704145785876993,34.0,2.0,32.857142857142854,32.57142857142857,93.0,0.0,0.2857142857142857
KALIMANTAN BARAT,2025-07-18,2025,3,7,Jul,29,20,0,1,9.252521408182682,27.308436132113016,82.98725607327758,5.704145785876993,31.0,33.0,37.0,33.5,93.0,0.0,0.2857142857142857
KALIMANTAN BARAT,2025-07-19,2025,3,7,Jul,29,102,1,1,9.252521408182682,27.308436132113016,82.98725607327758,5.704145785876993,20.0,53.0,35.142857142857146,34.42857142857143,93.0,0.0,0.2857142857142857
KALIMANTAN BARAT,2025-07-20,2025,3,7,Jul,29,232,1,1,9.252521408182682,27.308436132113016,82.98725607327758,5.704145785876993,102.0,93.0,42.142857142857146,38.714285714285715,102.0,1.0,0.2857142857142857
KALIMANTAN BARAT,2025-07-21,2025,3,7,Jul,30,281,1,1,9.252521408182682,27.308436132113016,82.98725607327758,5.704145785876993,232.0,6.0,62.0,50.07142857142857,232.0,1.0,0.2857142857142857
KALIMANTAN BARAT,2025-07-22,2025,3,7,Jul,30,303,1,1,9.252521408182682,27.308436132113016,82.98725607327758,5.704145785876993,281.0,9.0,101.28571428571429,69.92857142857143,281.0,1.0,0.42857142857142855
KALIMANTAN BARAT,2025-07-23,2025,3,7,Jul,30,424,1,1,9.252521408182682,27.308436132113016,82.98725607327758,5.704145785876993,303.0,34.0,143.28571428571428,86.92857142857143,303.0,1.0,0.5714285714285714
KALIMANTAN BARAT,2025-07-24,2025,3,7,Jul,30,240,1,1,9.252521408182682,27.308436132113016,82.98725607327758,5.704145785876993,424.0,31.0,199.0,115.92857142857143,424.0,1.0,0.7142857142857143
KALIMANTAN BARAT,2025-07-25,2025,3,7,Jul,30,250,1,1,9.252521408182682,27.308436132113016,82.98725607327758,5.704145785876993,240.0,20.0,228.85714285714286,132.92857142857142,424.0,1.0,0.8571428571428571
KALIMANTAN BARAT,2025-07-26,2025,3,7,Jul,30,311,1,1,9.252521408182682,27.308436132113016,82.98725607327758,5.704145785876993,250.0,102.0,261.7142857142857,148.42857142857142,424.0,1.0,1.0
KALIMANTAN BARAT,2025-07-27,2025,3,7,Jul,30,373,1,1,9.252521408182682,27.308436132113016,82.98725607327758,5.704145785876993,311.0,232.0,291.57142857142856,166.85714285714286,424.0,1.0,1.0
KALIMANTAN BARAT,2025-07-28,2025,3,7,Jul,31,531,1,1,9.252521408182682,27.308436132113016,82.98725607327758,5.704145785876993,373.0,281.0,311.7142857142857,186.85714285714286,424.0,1.0,1.0
KALIMANTAN BARAT,2025-07-29,2025,3,7,Jul,31,630,1,1,9.252521408182682,27.308436132113016,82.98725607327758,5.704145785876993,531.0,303.0,347.42857142857144,224.35714285714286,531.0,1.0,1.0
KALIMANTAN BARAT,2025-07-30,2025,3,7,Jul,31,827,1,1,9.252521408182682,27.308436132113016,82.98725607327758,5.704145785876993,630.0,424.0,394.14285714285717,268.7142857142857,630.0,1.0,1.0
KALIMANTAN BARAT,2025-07-31,2025,3,7,Jul,31,329,1,1,9.252521408182682,27.308436132113016,82.98725607327758,5.704145785876993,827.0,240.0,451.7142857142857,325.35714285714283,827.0,1.0,1.0
KALIMANTAN BARAT,2025-08-01,2025,3,8,Aug,31,295,1,1,7.724772400574988,27.32267555904276,82.44252648097293,5.539719837324898,329.0,250.0,464.42857142857144,346.64285714285717,827.0,1.0,1.0
KALIMANTAN BARAT,2025-08-02,2025,3,8,Aug,31,59,1,1,7.724772400574988,27.32267555904276,82.44252648097293,5.539719837324898,295.0,311.0,470.85714285714283,366.2857142857143,827.0,1.0,1.0
KALIMANTAN BARAT,2025-08-03,2025,3,8,Aug,31,57,1,1,7.724772400574988,27.32267555904276,82.44252648097293,5.539719837324898,59.0,373.0,434.85714285714283,363.2142857142857,827.0,1.0,1.0
KALIMANTAN BARAT,2025-08-04,2025,3,8,Aug,32,0,0,1,7.724772400574988,27.32267555904276,82.44252648097293,5.539719837324898,57.0,531.0,389.7142857142857,350.7142857142857,827.0,1.0,1.0
KALIMANTAN BARAT,2025-08-05,2025,3,8,Aug,32,15,0,1,7.724772400574988,27.32267555904276,82.44252648097293,5.539719837324898,0.0,630.0,313.85714285714283,330.64285714285717,827.0,0.0,0.8571428571428571
KALIMANTAN BARAT,2025-08-06,2025,3,8,Aug,32,55,1,1,7.724772400574988,27.32267555904276,82.44252648097293,5.539719837324898,15.0,827.0,226.0,310.07142857142856,827.0,0.0,0.7142857142857143
KALIMANTAN BARAT,2025-08-07,2025,3,8,Aug,32,352,1,1,7.724772400574988,27.32267555904276,82.44252648097293,5.539719837324898,55.0,329.0,115.71428571428571,283.7142857142857,329.0,1.0,0.7142857142857143
KALIMANTAN BARAT,2025-08-08,2025,3,8,Aug,32,289,1,1,7.724772400574988,27.32267555904276,82.44252648097293,5.539719837324898,352.0,295.0,119.0,291.7142857142857,352.0,1.0,0.7142857142857143
KALIMANTAN BARAT,2025-08-09,2025,3,8,Aug,32,0,0,1,7.724772400574988,27.32267555904276,82.44252648097293,5.539719837324898,289.0,59.0,118.14285714285714,294.5,352.0,1.0,0.7142857142857143
KALIMANTAN BARAT,2025-08-10,2025,3,8,Aug,32,23,0,1,7.724772400574988,27.32267555904276,82.44252648097293,5.539719837324898,0.0,57.0,109.71428571428571,272.2857142857143,352.0,0.0,0.5714285714285714
KALIMANTAN BARAT,2025-08-11,2025,3,8,Aug,33,17,0,1,7.724772400574988,27.32267555904276,82.44252648097293,5.539719837324898,23.0,0.0,104.85714285714286,247.28571428571428,352.0,0.0,0.42857142857142855
KALIMANTAN BARAT,2025-08-12,2025,3,8,Aug,33,0,0,1,7.724772400574988,27.32267555904276,82.44252648097293,5.539719837324898,17.0,15.0,107.28571428571429,210.57142857142858,352.0,0.0,0.42857142857142855
KALIMANTAN BARAT,2025-08-13,2025,3,8,Aug,33,5,0,1,7.724772400574988,27.32267555904276,82.44252648097293,5.539719837324898,0.0,55.0,105.14285714285714,165.57142857142858,352.0,0.0,0.42857142857142855
KALIMANTAN BARAT,2025-08-14,2025,3,8,Aug,33,0,0,1,7.724772400574988,27.32267555904276,82.44252648097293,5.539719837324898,5.0,352.0,98.0,106.85714285714286,352.0,0.0,0.2857142857142857
KALIMANTAN BARAT,2025-08-15,2025,3,8,Aug,33,8,0,1,7.724772400574988,27.32267555904276,82.44252648097293,5.539719837324898,0.0,289.0,47.714285714285715,83.35714285714286,289.0,0.0,0.14285714285714285
KALIMANTAN BARAT,2025-08-16,2025,3,8,Aug,33,31,0,1,7.724772400574988,27.32267555904276,82.44252648097293,5.539719837324898,8.0,0.0,7.571428571428571,62.857142857142854,23.0,0.0,0.0
KALIMANTAN BARAT,2025-08-17,2025,3,8,Aug,33,80,1,1,7.724772400574988,27.32267555904276,82.44252648097293,5.539719837324898,31.0,23.0,12.0,60.857142857142854,31.0,0.0,0.0
KALIMANTAN BARAT,2025-08-18,2025,3,8,Aug,34,115,1,1,7.724772400574988,27.32267555904276,82.44252648097293,5.539719837324898,80.0,17.0,20.142857142857142,62.5,80.0,1.0,0.14285714285714285
KALIMANTAN BARAT,2025-08-19,2025,3,8,Aug,34,50,1,1,7.724772400574988,27.32267555904276,82.44252648097293,5.539719837324898,115.0,0.0,34.142857142857146,70.71428571428571,115.0,1.0,0.2857142857142857
KALIMANTAN BARAT,2025-08-20,2025,3,8,Aug,34,0,0,1,7.724772400574988,27.32267555904276,82.44252648097293,5.539719837324898,50.0,5.0,41.285714285714285,73.21428571428571,115.0,1.0,0.42857142857142855
KALIMANTAN BARAT,2025-08-21,2025,3,8,Aug,34,0,0,1,7.724772400574988,27.32267555904276,82.44252648097293,5.539719837324898,0.0,0.0,40.57142857142857,69.28571428571429,115.0,0.0,0.42857142857142855
KALIMANTAN BARAT,2025-08-22,2025,3,8,Aug,34,55,1,1,7.724772400574988,27.32267555904276,82.44252648097293,5.539719837324898,0.0,8.0,40.57142857142857,44.142857142857146,115.0,0.0,0.42857142857142855
KALIMANTAN BARAT,2025-08-23,2025,3,8,Aug,34,512,1,1,7.724772400574988,27.32267555904276,82.44252648097293,5.539719837324898,55.0,31.0,47.285714285714285,27.428571428571427,115.0,1.0,0.5714285714285714
KALIMANTAN BARAT,2025-08-24,2025,3,8,Aug,34,413,1,1,7.724772400574988,27.32267555904276,82.44252648097293,5.539719837324898,512.0,80.0,116.0,64.0,512.0,1.0,0.7142857142857143
KALIMANTAN BARAT,2025-08-25,2025,3,8,Aug,35,10,0,1,7.724772400574988,27.32267555904276,82.44252648097293,5.539719837324898,413.0,115.0,163.57142857142858,91.85714285714286,512.0,1.0,0.7142857142857143
KALIMANTAN BARAT,2025-08-26,2025,3,8,Aug,35,225,1,1,7.724772400574988,27.32267555904276,82.44252648097293,5.539719837324898,10.0,50.0,148.57142857142858,91.35714285714286,512.0,0.0,0.5714285714285714
KALIMANTAN BARAT,2025-08-27,2025,3,8,Aug,35,652,1,1,7.724772400574988,27.32267555904276,82.44252648097293,5.539719837324898,225.0,0.0,173.57142857142858,107.42857142857143,512.0,1.0,0.5714285714285714
KALIMANTAN BARAT,2025-08-28,2025,3,8,Aug,35,1630,1,1,7.724772400574988,27.32267555904276,82.44252648097293,5.539719837324898,652.0,0.0,266.7142857142857,153.64285714285714,652.0,1.0,0.7142857142857143
KALIMANTAN BARAT,2025-08-29,2025,3,8,Aug,35,1100,1,1,7.724772400574988,27.32267555904276,82.44252648097293,5.539719837324898,1630.0,55.0,499.57142857142856,270.07142857142856,1630.0,1.0,0.8571428571428571
KALIMANTAN BARAT,2025-08-30,2025,3,8,Aug,35,323,1,1,7.724772400574988,27.32267555904276,82.44252648097293,5.539719837324898,1100.0,512.0,648.8571428571429,348.07142857142856,1630.0,1.0,0.8571428571428571
KALIMANTAN BARAT,2025-08-31,2025,3,8,Aug,35,21,0,1,7.724772400574988,27.32267555904276,82.44252648097293,5.539719837324898,323.0,413.0,621.8571428571429,368.92857142857144,1630.0,1.0,0.8571428571428571
KALIMANTAN BARAT,2025-09-01,2025,3,9,Sep,36,318,1,1,8.449897119341562,27.269048625792813,83.23866044934294,4.648818897637795,21.0,10.0,565.8571428571429,364.7142857142857,1630.0,0.0,0.7142857142857143
KALIMANTAN BARAT,2025-09-02,2025,3,9,Sep,36,21,0,1,8.449897119341562,27.269048625792813,83.23866044934294,4.648818897637795,318.0,225.0,609.8571428571429,379.2142857142857,1630.0,1.0,0.8571428571428571
KALIMANTAN BARAT,2025-09-03,2025,3,9,Sep,36,1,0,1,8.449897119341562,27.269048625792813,83.23866044934294,4.648818897637795,21.0,652.0,580.7142857142857,377.14285714285717,1630.0,0.0,0.7142857142857143
KALIMANTAN BARAT,2025-09-04,2025,3,9,Sep,36,52,1,1,8.449897119341562,27.269048625792813,83.23866044934294,4.648818897637795,1.0,1630.0,487.7142857142857,377.2142857142857,1630.0,0.0,0.5714285714285714
KALIMANTAN BARAT,2025-09-05,2025,3,9,Sep,36,20,0,1,8.449897119341562,27.269048625792813,83.23866044934294,4.648818897637795,52.0,1100.0,262.2857142857143,380.92857142857144,1100.0,1.0,0.5714285714285714
KALIMANTAN BARAT,2025-09-06,2025,3,9,Sep,36,1,0,1,8.449897119341562,27.269048625792813,83.23866044934294,4.648818897637795,20.0,323.0,108.0,378.42857142857144,323.0,0.0,0.42857142857142855
KALIMANTAN BARAT,2025-09-07,2025,3,9,Sep,36,2,0,1,8.449897119341562,27.269048625792813,83.23866044934294,4.648818897637795,1.0,21.0,62.0,341.92857142857144,318.0,0.0,0.2857142857142857
KALIMANTAN BARAT,2025-09-08,2025,3,9,Sep,37,2,0,1,8.449897119341562,27.269048625792813,83.23866044934294,4.648818897637795,2.0,318.0,59.285714285714285,312.57142857142856,318.0,0.0,0.2857142857142857
KALIMANTAN BARAT,2025-09-09,2025,3,9,Sep,37,5,0,1,8.449897119341562,27.269048625792813,83.23866044934294,4.648818897637795,2.0,21.0,14.142857142857142,312.0,52.0,0.0,0.14285714285714285
KALIMANTAN BARAT,2025-09-10,2025,3,9,Sep,37,5,0,1,8.449897119341562,27.269048625792813,83.23866044934294,4.648818897637795,5.0,1.0,11.857142857142858,296.2857142857143,52.0,0.0,0.14285714285714285
KALIMANTAN BARAT,2025-09-11,2025,3,9,Sep,37,47,1,1,8.449897119341562,27.269048625792813,83.23866044934294,4.648818897637795,5.0,52.0,12.428571428571429,250.07142857142858,52.0,0.0,0.14285714285714285
KALIMANTAN BARAT,2025-09-12,2025,3,9,Sep,37,0,0,1,8.449897119341562,27.269048625792813,83.23866044934294,4.648818897637795,47.0,20.0,11.714285714285714,137.0,47.0,1.0,0.14285714285714285
KALIMANTAN BARAT,2025-09-13,2025,3,9,Sep,37,0,0,1,8.449897119341562,27.269048625792813,83.23866044934294,4.648818897637795,0.0,1.0,8.857142857142858,58.42857142857143,47.0,0.0,0.14285714285714285
KALIMANTAN BARAT,2025-09-14,2025,3,9,Sep,37,3,0,1,8.449897119341562,27.269048625792813,83.23866044934294,4.648818897637795,0.0,2.0,8.714285714285714,35.357142857142854,47.0,0.0,0.14285714285714285
KALIMANTAN BARAT,2025-09-15,2025,3,9,Sep,38,17,0,1,8.449897119341562,27.269048625792813,83.23866044934294,4.648818897637795,3.0,2.0,8.857142857142858,34.07142857142857,47.0,0.0,0.14285714285714285
KALIMANTAN BARAT,2025-09-16,2025,3,9,Sep,38,14,0,1,8.449897119341562,27.269048625792813,83.23866044934294,4.648818897637795,17.0,5.0,11.0,12.571428571428571,47.0,0.0,0.14285714285714285
KALIMANTAN BARAT,2025-09-17,2025,3,9,Sep,38,0,0,1,8.449897119341562,27.269048625792813,83.23866044934294,4.648818897637795,14.0,5.0,12.285714285714286,12.071428571428571,47.0,0.0,0.14285714285714285
KALIMANTAN BARAT,2025-09-18,2025,3,9,Sep,38,0,0,1,8.449897119341562,27.269048625792813,83.23866044934294,4.648818897637795,0.0,47.0,11.571428571428571,12.0,47.0,0.0,0.14285714285714285
KALIMANTAN BARAT,2025-09-19,2025,3,9,Sep,38,256,1,1,8.449897119341562,27.269048625792813,83.23866044934294,4.648818897637795,0.0,0.0,4.857142857142857,8.285714285714286,17.0,0.0,0.0
KALIMANTAN BARAT,2025-09-20,2025,3,9,Sep,38,78,1,1,8.449897119341562,27.269048625792813,83.23866044934294,4.648818897637795,256.0,0.0,41.42857142857143,25.142857142857142,256.0,1.0,0.14285714285714285
KALIMANTAN BARAT,2025-09-21,2025,3,9,Sep,38,57,1,1,8.449897119341562,27.269048625792813,83.23866044934294,4.648818897637795,78.0,3.0,52.57142857142857,30.642857142857142,256.0,1.0,0.2857142857142857
KALIMANTAN BARAT,2025-09-22,2025,3,9,Sep,39,1263,1,1,8.449897119341562,27.269048625792813,83.23866044934294,4.648818897637795,57.0,17.0,60.285714285714285,34.57142857142857,256.0,1.0,0.42857142857142855
KALIMANTAN BARAT,2025-09-23,2025,3,9,Sep,39,1027,1,1,8.449897119341562,27.269048625792813,83.23866044934294,4.648818897637795,1263.0,14.0,238.28571428571428,124.64285714285714,1263.0,1.0,0.5714285714285714
KALIMANTAN BARAT,2025-09-24,2025,3,9,Sep,39,1396,1,1,8.449897119341562,27.269048625792813,83.23866044934294,4.648818897637795,1027.0,0.0,383.0,197.64285714285714,1263.0,1.0,0.7142857142857143
KALIMANTAN BARAT,2025-09-25,2025,3,9,Sep,39,928,1,1,8.449897119341562,27.269048625792813,83.23866044934294,4.648818897637795,1396.0,0.0,582.4285714285714,297.0,1396.0,1.0,0.8571428571428571
KALIMANTAN BARAT,2025-09-26,2025,3,9,Sep,39,106,1,1,8.449897119341562,27.269048625792813,83.23866044934294,4.648818897637795,928.0,256.0,715.0,359.92857142857144,1396.0,1.0,1.0
KALIMANTAN BARAT,2025-09-27,2025,3,9,Sep,39,238,1,1,8.449897119341562,27.269048625792813,83.23866044934294,4.648818897637795,106.0,78.0,693.5714285714286,367.5,1396.0,1.0,1.0
KALIMANTAN BARAT,2025-09-28,2025,3,9,Sep,39,74,1,1,8.449897119341562,27.269048625792813,83.23866044934294,4.648818897637795,238.0,57.0,716.4285714285714,384.5,1396.0,1.0,1.0
KALIMANTAN BARAT,2025-09-29,2025,3,9,Sep,40,0,0,1,8.449897119341562,27.269048625792813,83.23866044934294,4.648818897637795,74.0,1263.0,718.8571428571429,389.57142857142856,1396.0,1.0,1.0
KALIMANTAN BARAT,2025-09-30,2025,3,9,Sep,40,2,0,1,8.449897119341562,27.269048625792813,83.23866044934294,4.648818897637795,0.0,1027.0,538.4285714285714,388.35714285714283,1396.0,0.0,0.8571428571428571
KALIMANTAN BARAT,2025-10-01,2025,4,10,Oct,40,1,0,1,11.75852324521422,27.11316103379722,85.16540755467197,4.437872535534159,2.0,1396.0,392.0,387.5,1396.0,0.0,0.7142857142857143
KALIMANTAN BARAT,2025-10-02,2025,4,10,Oct,40,26,0,1,11.75852324521422,27.11316103379722,85.16540755467197,4.437872535534159,1.0,928.0,192.71428571428572,387.57142857142856,928.0,0.0,0.5714285714285714
KALIMANTAN BARAT,2025-10-03,2025,4,10,Oct,40,11,0,1,11.75852324521422,27.11316103379722,85.16540755467197,4.437872535534159,26.0,106.0,63.857142857142854,389.42857142857144,238.0,0.0,0.42857142857142855
KALIMANTAN BARAT,2025-10-04,2025,4,10,Oct,40,0,0,1,11.75852324521422,27.11316103379722,85.16540755467197,4.437872535534159,11.0,238.0,50.285714285714285,371.92857142857144,238.0,0.0,0.2857142857142857
KALIMANTAN BARAT,2025-10-05,2025,4,10,Oct,40,10,0,1,11.75852324521422,27.11316103379722,85.16540755467197,4.437872535534159,0.0,74.0,16.285714285714285,366.35714285714283,74.0,0.0,0.14285714285714285
KALIMANTAN BARAT,2025-10-06,2025,4,10,Oct,41,21,0,1,11.75852324521422,27.11316103379722,85.16540755467197,4.437872535534159,10.0,0.0,7.142857142857143,363.0,26.0,0.0,0.0
KALIMANTAN BARAT,2025-10-07,2025,4,10,Oct,41,14,0,1,11.75852324521422,27.11316103379722,85.16540755467197,4.437872535534159,21.0,2.0,10.142857142857142,274.2857142857143,26.0,0.0,0.0
KALIMANTAN BARAT,2025-10-08,2025,4,10,Oct,41,20,0,1,11.75852324521422,27.11316103379722,85.16540755467197,4.437872535534159,14.0,1.0,11.857142857142858,201.92857142857142,26.0,0.0,0.0
KALIMANTAN BARAT,2025-10-09,2025,4,10,Oct,41,12,0,1,11.75852324521422,27.11316103379722,85.16540755467197,4.437872535534159,20.0,26.0,14.571428571428571,103.64285714285714,26.0,0.0,0.0
KALIMANTAN BARAT,2025-10-10,2025,4,10,Oct,41,22,0,1,11.75852324521422,27.11316103379722,85.16540755467197,4.437872535534159,12.0,11.0,12.571428571428571,38.214285714285715,21.0,0.0,0.0
KALIMANTAN BARAT,2025-10-11,2025,4,10,Oct,41,42,1,1,11.75852324521422,27.11316103379722,85.16540755467197,4.437872535534159,22.0,0.0,14.142857142857142,32.214285714285715,22.0,0.0,0.0
KALIMANTAN BARAT,2025-10-12,2025,4,10,Oct,41,19,0,1,11.75852324521422,27.11316103379722,85.16540755467197,4.437872535534159,42.0,10.0,20.142857142857142,18.214285714285715,42.0,1.0,0.14285714285714285
KALIMANTAN BARAT,2025-10-13,2025,4,10,Oct,42,0,0,1,11.75852324521422,27.11316103379722,85.16540755467197,4.437872535534159,19.0,21.0,21.428571428571427,14.285714285714286,42.0,0.0,0.14285714285714285
KALIMANTAN BARAT,2025-10-14,2025,4,10,Oct,42,3,0,1,11.75852324521422,27.11316103379722,85.16540755467197,4.437872535534159,0.0,14.0,18.428571428571427,14.285714285714286,42.0,0.0,0.14285714285714285
KALIMANTAN BARAT,2025-10-15,2025,4,10,Oct,42,4,0,1,11.75852324521422,27.11316103379722,85.16540755467197,4.437872535534159,3.0,20.0,16.857142857142858,14.357142857142858,42.0,0.0,0.14285714285714285
KALIMANTAN BARAT,2025-10-16,2025,4,10,Oct,42,5,0,1,11.75852324521422,27.11316103379722,85.16540755467197,4.437872535534159,4.0,12.0,14.571428571428571,14.571428571428571,42.0,0.0,0.14285714285714285
KALIMANTAN BARAT,2025-10-17,2025,4,10,Oct,42,0,0,1,11.75852324521422,27.11316103379722,85.16540755467197,4.437872535534159,5.0,22.0,13.571428571428571,13.071428571428571,42.0,0.0,0.14285714285714285
KALIMANTAN BARAT,2025-10-18,2025,4,10,Oct,42,5,0,1,11.75852324521422,27.11316103379722,85.16540755467197,4.437872535534159,0.0,42.0,10.428571428571429,12.285714285714286,42.0,0.0,0.14285714285714285
KALIMANTAN BARAT,2025-10-19,2025,4,10,Oct,42,0,0,1,11.75852324521422,27.11316103379722,85.16540755467197,4.437872535534159,5.0,19.0,5.142857142857143,12.642857142857142,19.0,0.0,0.0
KALIMANTAN BARAT,2025-10-20,2025,4,10,Oct,43,0,0,1,11.75852324521422,27.11316103379722,85.16540755467197,4.437872535534159,0.0,0.0,2.4285714285714284,11.928571428571429,5.0,0.0,0.0
KALIMANTAN BARAT,2025-10-21,2025,4,10,Oct,43,4,0,1,11.75852324521422,27.11316103379722,85.16540755467197,4.437872535534159,0.0,3.0,2.4285714285714284,10.428571428571429,5.0,0.0,0.0
KALIMANTAN BARAT,2025-10-22,2025,4,10,Oct,43,0,0,1,11.75852324521422,27.11316103379722,85.16540755467197,4.437872535534159,4.0,4.0,2.5714285714285716,9.714285714285714,5.0,0.0,0.0
KALIMANTAN BARAT,2025-10-23,2025,4,10,Oct,43,0,0,1,11.75852324521422,27.11316103379722,85.16540755467197,4.437872535534159,0.0,5.0,2.0,8.285714285714286,5.0,0.0,0.0
KALIMANTAN BARAT,2025-10-24,2025,4,10,Oct,43,0,0,1,11.75852324521422,27.11316103379722,85.16540755467197,4.437872535534159,0.0,0.0,1.2857142857142858,7.428571428571429,5.0,0.0,0.0
KALIMANTAN BARAT,2025-10-25,2025,4,10,Oct,43,0,0,1,11.75852324521422,27.11316103379722,85.16540755467197,4.437872535534159,0.0,5.0,1.2857142857142858,5.857142857142857,5.0,0.0,0.0
KALIMANTAN BARAT,2025-10-26,2025,4,10,Oct,43,0,0,1,11.75852324521422,27.11316103379722,85.16540755467197,4.437872535534159,0.0,0.0,0.5714285714285714,2.857142857142857,4.0,0.0,0.0
KALIMANTAN BARAT,2025-10-27,2025,4,10,Oct,44,19,0,1,11.75852324521422,27.11316103379722,85.16540755467197,4.437872535534159,0.0,0.0,0.5714285714285714,1.5,4.0,0.0,0.0
KALIMANTAN BARAT,2025-10-28,2025,4,10,Oct,44,5,0,1,11.75852324521422,27.11316103379722,85.16540755467197,4.437872535534159,19.0,4.0,3.2857142857142856,2.857142857142857,19.0,0.0,0.0
KALIMANTAN BARAT,2025-10-29,2025,4,10,Oct,44,24,0,1,11.75852324521422,27.11316103379722,85.16540755467197,4.437872535534159,5.0,0.0,3.4285714285714284,3.0,19.0,0.0,0.0
KALIMANTAN BARAT,2025-10-30,2025,4,10,Oct,44,21,0,1,11.75852324521422,27.11316103379722,85.16540755467197,4.437872535534159,24.0,0.0,6.857142857142857,4.428571428571429,24.0,0.0,0.0
KALIMANTAN BARAT,2025-10-31,2025,4,10,Oct,44,8,0,1,11.75852324521422,27.11316103379722,85.16540755467197,4.437872535534159,21.0,0.0,9.857142857142858,5.571428571428571,24.0,0.0,0.0
KALIMANTAN BARAT,2025-11-01,2025,4,11,Nov,44,56,1,0,13.737242614145032,26.969233887312527,86.50771103896103,4.4754751970329165,8.0,0.0,11.0,6.142857142857143,24.0,0.0,0.0
KALIMANTAN BARAT,2025-11-02,2025,4,11,Nov,44,20,0,0,13.737242614145032,26.969233887312527,86.50771103896103,4.4754751970329165,56.0,0.0,19.0,9.785714285714286,56.0,1.0,0.14285714285714285
KALIMANTAN BARAT,2025-11-03,2025,4,11,Nov,45,5,0,0,13.737242614145032,26.969233887312527,86.50771103896103,4.4754751970329165,20.0,19.0,21.857142857142858,11.214285714285714,56.0,0.0,0.14285714285714285
KALIMANTAN BARAT,2025-11-04,2025,4,11,Nov,45,9,0,0,13.737242614145032,26.969233887312527,86.50771103896103,4.4754751970329165,5.0,5.0,19.857142857142858,11.571428571428571,56.0,0.0,0.14285714285714285
KALIMANTAN BARAT,2025-11-05,2025,4,11,Nov,45,2,0,0,13.737242614145032,26.969233887312527,86.50771103896103,4.4754751970329165,9.0,24.0,20.428571428571427,11.928571428571429,56.0,0.0,0.14285714285714285
KALIMANTAN BARAT,2025-11-06,2025,4,11,Nov,45,1,0,0,13.737242614145032,26.969233887312527,86.50771103896103,4.4754751970329165,2.0,21.0,17.285714285714285,12.071428571428571,56.0,0.0,0.14285714285714285
KALIMANTAN BARAT,2025-11-07,2025,4,11,Nov,45,5,0,0,13.737242614145032,26.969233887312527,86.50771103896103,4.4754751970329165,1.0,8.0,14.428571428571429,12.142857142857142,56.0,0.0,0.14285714285714285
KALIMANTAN BARAT,2025-11-08,2025,4,11,Nov,45,39,1,0,13.737242614145032,26.969233887312527,86.50771103896103,4.4754751970329165,5.0,56.0,14.0,12.5,56.0,0.0,0.14285714285714285
KALIMANTAN BARAT,2025-11-09,2025,4,11,Nov,45,11,0,0,13.737242614145032,26.969233887312527,86.50771103896103,4.4754751970329165,39.0,20.0,11.571428571428571,15.285714285714286,39.0,1.0,0.14285714285714285
KALIMANTAN BARAT,2025-11-10,2025,4,11,Nov,46,10,0,0,13.737242614145032,26.969233887312527,86.50771103896103,4.4754751970329165,11.0,5.0,10.285714285714286,16.071428571428573,39.0,0.0,0.14285714285714285
KALIMANTAN BARAT,2025-11-11,2025,4,11,Nov,46,4,0,0,13.737242614145032,26.969233887312527,86.50771103896103,4.4754751970329165,10.0,9.0,11.0,15.428571428571429,39.0,0.0,0.14285714285714285
KALIMANTAN BARAT,2025-11-12,2025,4,11,Nov,46,1,0,0,13.737242614145032,26.969233887312527,86.50771103896103,4.4754751970329165,4.0,2.0,10.285714285714286,15.357142857142858,39.0,0.0,0.14285714285714285
KALIMANTAN BARAT,2025-11-13,2025,4,11,Nov,46,0,0,0,13.737242614145032,26.969233887312527,86.50771103896103,4.4754751970329165,1.0,1.0,10.142857142857142,13.714285714285714,39.0,0.0,0.14285714285714285
KALIMANTAN BARAT,2025-11-14,2025,4,11,Nov,46,1,0,0,13.737242614145032,26.969233887312527,86.50771103896103,4.4754751970329165,0.0,5.0,10.0,12.214285714285714,39.0,0.0,0.14285714285714285
KALIMANTAN BARAT,2025-11-15,2025,4,11,Nov,46,0,0,0,13.737242614145032,26.969233887312527,86.50771103896103,4.4754751970329165,1.0,39.0,9.428571428571429,11.714285714285714,39.0,0.0,0.14285714285714285
KALIMANTAN BARAT,2025-11-16,2025,4,11,Nov,46,0,0,0,13.737242614145032,26.969233887312527,86.50771103896103,4.4754751970329165,0.0,11.0,3.857142857142857,7.714285714285714,11.0,0.0,0.0
KALIMANTAN BARAT,2025-11-17,2025,4,11,Nov,47,0,0,0,13.737242614145032,26.969233887312527,86.50771103896103,4.4754751970329165,0.0,10.0,2.2857142857142856,6.285714285714286,10.0,0.0,0.0
KALIMANTAN BARAT,2025-11-18,2025,4,11,Nov,47,1,0,0,13.737242614145032,26.969233887312527,86.50771103896103,4.4754751970329165,0.0,4.0,0.8571428571428571,5.928571428571429,4.0,0.0,0.0
KALIMANTAN BARAT,2025-11-19,2025,4,11,Nov,47,1,0,0,13.737242614145032,26.969233887312527,86.50771103896103,4.4754751970329165,1.0,1.0,0.42857142857142855,5.357142857142857,1.0,0.0,0.0
KALIMANTAN BARAT,2025-11-20,2025,4,11,Nov,47,0,0,0,13.737242614145032,26.969233887312527,86.50771103896103,4.4754751970329165,1.0,0.0,0.42857142857142855,5.285714285714286,1.0,0.0,0.0
KALIMANTAN BARAT,2025-11-21,2025,4,11,Nov,47,0,0,0,13.737242614145032,26.969233887312527,86.50771103896103,4.4754751970329165,0.0,1.0,0.42857142857142855,5.214285714285714,1.0,0.0,0.0
KALIMANTAN BARAT,2025-11-22,2025,4,11,Nov,47,0,0,0,13.737242614145032,26.969233887312527,86.50771103896103,4.4754751970329165,0.0,0.0,0.2857142857142857,4.857142857142857,1.0,0.0,0.0
KALIMANTAN BARAT,2025-11-23,2025,4,11,Nov,47,4,0,0,13.737242614145032,26.969233887312527,86.50771103896103,4.4754751970329165,0.0,0.0,0.2857142857142857,2.0714285714285716,1.0,0.0,0.0
KALIMANTAN BARAT,2025-11-24,2025,4,11,Nov,48,0,0,0,13.737242614145032,26.969233887312527,86.50771103896103,4.4754751970329165,4.0,0.0,0.8571428571428571,1.5714285714285714,4.0,0.0,0.0
KALIMANTAN BARAT,2025-11-25,2025,4,11,Nov,48,0,0,0,13.737242614145032,26.969233887312527,86.50771103896103,4.4754751970329165,0.0,1.0,0.8571428571428571,0.8571428571428571,4.0,0.0,0.0
KALIMANTAN BARAT,2025-11-26,2025,4,11,Nov,48,0,0,0,13.737242614145032,26.969233887312527,86.50771103896103,4.4754751970329165,0.0,1.0,0.7142857142857143,0.5714285714285714,4.0,0.0,0.0
KALIMANTAN BARAT,2025-11-27,2025,4,11,Nov,48,3,0,0,13.737242614145032,26.969233887312527,86.50771103896103,4.4754751970329165,0.0,0.0,0.5714285714285714,0.5,4.0,0.0,0.0
KALIMANTAN BARAT,2025-11-28,2025,4,11,Nov,48,4,0,0,13.737242614145032,26.969233887312527,86.50771103896103,4.4754751970329165,3.0,0.0,1.0,0.7142857142857143,4.0,0.0,0.0
KALIMANTAN BARAT,2025-11-29,2025,4,11,Nov,48,0,0,0,13.737242614145032,26.969233887312527,86.50771103896103,4.4754751970329165,4.0,0.0,1.5714285714285714,0.9285714285714286,4.0,0.0,0.0
KALIMANTAN BARAT,2025-11-30,2025,4,11,Nov,48,0,0,0,13.737242614145032,26.969233887312527,86.50771103896103,4.4754751970329165,0.0,4.0,1.5714285714285714,0.9285714285714286,4.0,0.0,0.0
KALIMANTAN BARAT,2025-12-01,2025,4,12,Dec,49,0,0,0,14.126607066836952,26.79866565001906,86.69351145038168,4.2537450722733245,0.0,0.0,1.0,0.9285714285714286,4.0,0.0,0.0
KALIMANTAN BARAT,2025-12-02,2025,4,12,Dec,49,0,0,0,14.126607066836952,26.79866565001906,86.69351145038168,4.2537450722733245,0.0,0.0,1.0,0.9285714285714286,4.0,0.0,0.0
KALIMANTAN BARAT,2025-12-03,2025,4,12,Dec,49,1,0,0,14.126607066836952,26.79866565001906,86.69351145038168,4.2537450722733245,0.0,0.0,1.0,0.8571428571428571,4.0,0.0,0.0
KALIMANTAN BARAT,2025-12-04,2025,4,12,Dec,49,2,0,0,14.126607066836952,26.79866565001906,86.69351145038168,4.2537450722733245,1.0,3.0,1.1428571428571428,0.8571428571428571,4.0,0.0,0.0
KALIMANTAN BARAT,2025-12-05,2025,4,12,Dec,49,0,0,0,14.126607066836952,26.79866565001906,86.69351145038168,4.2537450722733245,2.0,4.0,1.0,1.0,4.0,0.0,0.0
KALIMANTAN BARAT,2025-12-06,2025,4,12,Dec,49,0,0,0,14.126607066836952,26.79866565001906,86.69351145038168,4.2537450722733245,0.0,0.0,0.42857142857142855,1.0,2.0,0.0,0.0
KALIMANTAN BARAT,2025-12-07,2025,4,12,Dec,49,0,0,0,14.126607066836952,26.79866565001906,86.69351145038168,4.2537450722733245,0.0,0.0,0.42857142857142855,1.0,2.0,0.0,0.0
KALIMANTAN BARAT,2025-12-08,2025,4,12,Dec,50,0,0,0,14.126607066836952,26.79866565001906,86.69351145038168,4.2537450722733245,0.0,0.0,0.42857142857142855,0.7142857142857143,2.0,0.0,0.0
KALIMANTAN BARAT,2025-12-09,2025,4,12,Dec,50,0,0,0,14.126607066836952,26.79866565001906,86.69351145038168,4.2537450722733245,0.0,0.0,0.42857142857142855,0.7142857142857143,2.0,0.0,0.0
KALIMANTAN BARAT,2025-12-10,2025,4,12,Dec,50,3,0,0,14.126607066836952,26.79866565001906,86.69351145038168,4.2537450722733245,0.0,1.0,0.42857142857142855,0.7142857142857143,2.0,0.0,0.0
KALIMANTAN BARAT,2025-12-11,2025,4,12,Dec,50,1,0,0,14.126607066836952,26.79866565001906,86.69351145038168,4.2537450722733245,3.0,2.0,0.7142857142857143,0.9285714285714286,3.0,0.0,0.0
KALIMANTAN BARAT,2025-12-12,2025,4,12,Dec,50,1,0,0,14.126607066836952,26.79866565001906,86.69351145038168,4.2537450722733245,1.0,0.0,0.5714285714285714,0.7857142857142857,3.0,0.0,0.0
KALIMANTAN BARAT,2025-12-13,2025,4,12,Dec,50,0,0,0,14.126607066836952,26.79866565001906,86.69351145038168,4.2537450722733245,1.0,0.0,0.7142857142857143,0.5714285714285714,3.0,0.0,0.0
KALIMANTAN BARAT,2025-12-14,2025,4,12,Dec,50,1,0,0,14.126607066836952,26.79866565001906,86.69351145038168,4.2537450722733245,0.0,0.0,0.7142857142857143,0.5714285714285714,3.0,0.0,0.0
KALIMANTAN BARAT,2025-12-15,2025,4,12,Dec,51,0,0,0,14.126607066836952,26.79866565001906,86.69351145038168,4.2537450722733245,1.0,0.0,0.8571428571428571,0.6428571428571429,3.0,0.0,0.0
KALIMANTAN BARAT,2025-12-16,2025,4,12,Dec,51,0,0,0,14.126607066836952,26.79866565001906,86.69351145038168,4.2537450722733245,0.0,0.0,0.8571428571428571,0.6428571428571429,3.0,0.0,0.0
KALIMANTAN BARAT,2025-12-17,2025,4,12,Dec,51,4,0,0,14.126607066836952,26.79866565001906,86.69351145038168,4.2537450722733245,0.0,3.0,0.8571428571428571,0.6428571428571429,3.0,0.0,0.0
KALIMANTAN BARAT,2025-12-18,2025,4,12,Dec,51,5,0,0,14.126607066836952,26.79866565001906,86.69351145038168,4.2537450722733245,4.0,1.0,1.0,0.8571428571428571,4.0,0.0,0.0
KALIMANTAN BARAT,2025-12-19,2025,4,12,Dec,51,3,0,0,14.126607066836952,26.79866565001906,86.69351145038168,4.2537450722733245,5.0,1.0,1.5714285714285714,1.0714285714285714,5.0,0.0,0.0
KALIMANTAN BARAT,2025-12-20,2025,4,12,Dec,51,9,0,0,14.126607066836952,26.79866565001906,86.69351145038168,4.2537450722733245,3.0,0.0,1.8571428571428572,1.2857142857142858,5.0,0.0,0.0
KALIMANTAN BARAT,2025-12-21,2025,4,12,Dec,51,0,0,0,14.126607066836952,26.79866565001906,86.69351145038168,4.2537450722733245,9.0,1.0,3.142857142857143,1.9285714285714286,9.0,0.0,0.0
KALIMANTAN BARAT,2025-12-22,2025,4,12,Dec,52,0,0,0,14.126607066836952,26.79866565001906,86.69351145038168,4.2537450722733245,0.0,0.0,3.0,1.9285714285714286,9.0,0.0,0.0
KALIMANTAN BARAT,2025-12-23,2025,4,12,Dec,52,1,0,0,14.126607066836952,26.79866565001906,86.69351145038168,4.2537450722733245,0.0,0.0,3.0,1.9285714285714286,9.0,0.0,0.0
KALIMANTAN BARAT,2025-12-24,2025,4,12,Dec,52,1,0,0,14.126607066836952,26.79866565001906,86.69351145038168,4.2537450722733245,1.0,4.0,3.142857142857143,2.0,9.0,0.0,0.0
KALIMANTAN BARAT,2025-12-25,2025,4,12,Dec,52,7,0,0,14.126607066836952,26.79866565001906,86.69351145038168,4.2537450722733245,1.0,5.0,2.7142857142857144,1.8571428571428572,9.0,0.0,0.0
KALIMANTAN BARAT,2025-12-26,2025,4,12,Dec,52,0,0,0,14.126607066836952,26.79866565001906,86.69351145038168,4.2537450722733245,7.0,3.0,3.0,2.2857142857142856,9.0,0.0,0.0
KALIMANTAN BARAT,2025-12-27,2025,4,12,Dec,52,0,0,0,14.126607066836952,26.79866565001906,86.69351145038168,4.2537450722733245,0.0,9.0,2.5714285714285716,2.2142857142857144,9.0,0.0,0.0
KALIMANTAN BARAT,2025-12-28,2025,4,12,Dec,52,0,0,0,14.126607066836952,26.79866565001906,86.69351145038168,4.2537450722733245,0.0,0.0,1.2857142857142858,2.2142857142857144,7.0,0.0,0.0
KALIMANTAN BARAT,2025-12-29,2025,4,12,Dec,1,0,0,0,14.126607066836952,26.79866565001906,86.69351145038168,4.2537450722733245,0.0,0.0,1.2857142857142858,2.142857142857143,7.0,0.0,0.0
KALIMANTAN BARAT,2025-12-30,2025,4,12,Dec,1,0,0,0,14.126607066836952,26.79866565001906,86.69351145038168,4.2537450722733245,0.0,1.0,1.2857142857142858,2.142857142857143,7.0,0.0,0.0
KALIMANTAN BARAT,2025-12-31,2025,4,12,Dec,1,0,0,0,14.126607066836952,26.79866565001906,86.69351145038168,4.2537450722733245,0.0,1.0,1.1428571428571428,2.142857142857143,7.0,0.0,0.0
KALIMANTAN BARAT,2026-01-01,2026,1,1,Jan,1,0,0,0,11.156701940035274,26.771613394216136,86.14280274181264,4.2456336766681595,0.0,7.0,1.0,1.8571428571428572,7.0,0.0,0.0
KALIMANTAN BARAT,2026-01-02,2026,1,1,Jan,1,0,0,0,11.156701940035274,26.771613394216136,86.14280274181264,4.2456336766681595,0.0,0.0,0.0,1.5,0.0,0.0,0.0
KALIMANTAN BARAT,2026-01-03,2026,1,1,Jan,1,0,0,0,11.156701940035274,26.771613394216136,86.14280274181264,4.2456336766681595,0.0,0.0,0.0,1.2857142857142858,0.0,0.0,0.0
KALIMANTAN BARAT,2026-01-04,2026,1,1,Jan,1,0,0,0,11.156701940035274,26.771613394216136,86.14280274181264,4.2456336766681595,0.0,0.0,0.0,0.6428571428571429,0.0,0.0,0.0
KALIMANTAN BARAT,2026-01-05,2026,1,1,Jan,2,0,0,0,11.156701940035274,26.771613394216136,86.14280274181264,4.2456336766681595,0.0,0.0,0.0,0.6428571428571429,0.0,0.0,0.0
KALIMANTAN BARAT,2026-01-06,2026,1,1,Jan,2,3,0,0,11.156701940035274,26.771613394216136,86.14280274181264,4.2456336766681595,0.0,0.0,0.0,0.6428571428571429,0.0,0.0,0.0
KALIMANTAN BARAT,2026-01-07,2026,1,1,Jan,2,1,0,0,11.156701940035274,26.771613394216136,86.14280274181264,4.2456336766681595,3.0,0.0,0.42857142857142855,0.7857142857142857,3.0,0.0,0.0
KALIMANTAN BARAT,2026-01-08,2026,1,1,Jan,2,0,0,0,11.156701940035274,26.771613394216136,86.14280274181264,4.2456336766681595,1.0,0.0,0.5714285714285714,0.7857142857142857,3.0,0.0,0.0
KALIMANTAN BARAT,2026-01-09,2026,1,1,Jan,2,0,0,0,11.156701940035274,26.771613394216136,86.14280274181264,4.2456336766681595,0.0,0.0,0.5714285714285714,0.2857142857142857,3.0,0.0,0.0
KALIMANTAN BARAT,2026-01-10,2026,1,1,Jan,2,0,0,0,11.156701940035274,26.771613394216136,86.14280274181264,4.2456336766681595,0.0,0.0,0.5714285714285714,0.2857142857142857,3.0,0.0,0.0
KALIMANTAN BARAT,2026-01-11,2026,1,1,Jan,2,1,0,0,11.156701940035274,26.771613394216136,86.14280274181264,4.2456336766681595,0.0,0.0,0.5714285714285714,0.2857142857142857,3.0,0.0,0.0
KALIMANTAN BARAT,2026-01-12,2026,1,1,Jan,3,3,0,0,11.156701940035274,26.771613394216136,86.14280274181264,4.2456336766681595,1.0,0.0,0.7142857142857143,0.35714285714285715,3.0,0.0,0.0
KALIMANTAN BARAT,2026-01-13,2026,1,1,Jan,3,1,0,0,11.156701940035274,26.771613394216136,86.14280274181264,4.2456336766681595,3.0,3.0,1.1428571428571428,0.5714285714285714,3.0,0.0,0.0
KALIMANTAN BARAT,2026-01-14,2026,1,1,Jan,3,10,0,0,11.156701940035274,26.771613394216136,86.14280274181264,4.2456336766681595,1.0,1.0,0.8571428571428571,0.6428571428571429,3.0,0.0,0.0
KALIMANTAN BARAT,2026-01-15,2026,1,1,Jan,3,42,1,0,11.156701940035274,26.771613394216136,86.14280274181264,4.2456336766681595,10.0,0.0,2.142857142857143,1.3571428571428572,10.0,0.0,0.0
KALIMANTAN BARAT,2026-01-16,2026,1,1,Jan,3,40,1,0,11.156701940035274,26.771613394216136,86.14280274181264,4.2456336766681595,42.0,0.0,8.142857142857142,4.357142857142857,42.0,1.0,0.14285714285714285
KALIMANTAN BARAT,2026-01-17,2026,1,1,Jan,3,42,1,0,11.156701940035274,26.771613394216136,86.14280274181264,4.2456336766681595,40.0,0.0,13.857142857142858,7.214285714285714,42.0,1.0,0.2857142857142857
KALIMANTAN BARAT,2026-01-18,2026,1,1,Jan,3,68,1,0,11.156701940035274,26.771613394216136,86.14280274181264,4.2456336766681595,42.0,1.0,19.857142857142858,10.214285714285714,42.0,1.0,0.42857142857142855
KALIMANTAN BARAT,2026-01-19,2026,1,1,Jan,4,41,1,0,11.156701940035274,26.771613394216136,86.14280274181264,4.2456336766681595,68.0,3.0,29.428571428571427,15.071428571428571,68.0,1.0,0.5714285714285714
KALIMANTAN BARAT,2026-01-20,2026,1,1,Jan,4,80,1,0,11.156701940035274,26.771613394216136,86.14280274181264,4.2456336766681595,41.0,1.0,34.857142857142854,18.0,68.0,1.0,0.7142857142857143
KALIMANTAN BARAT,2026-01-21,2026,1,1,Jan,4,52,1,0,11.156701940035274,26.771613394216136,86.14280274181264,4.2456336766681595,80.0,10.0,46.142857142857146,23.5,80.0,1.0,0.8571428571428571
KALIMANTAN BARAT,2026-01-22,2026,1,1,Jan,4,154,1,0,11.156701940035274,26.771613394216136,86.14280274181264,4.2456336766681595,52.0,42.0,52.142857142857146,27.142857142857142,80.0,1.0,1.0
KALIMANTAN BARAT,2026-01-23,2026,1,1,Jan,4,96,1,0,11.156701940035274,26.771613394216136,86.14280274181264,4.2456336766681595,154.0,40.0,68.14285714285714,38.142857142857146,154.0,1.0,1.0
KALIMANTAN BARAT,2026-01-24,2026,1,1,Jan,4,42,1,0,11.156701940035274,26.771613394216136,86.14280274181264,4.2456336766681595,96.0,42.0,76.14285714285714,45.0,154.0,1.0,1.0
KALIMANTAN BARAT,2026-01-25,2026,1,1,Jan,4,24,0,0,11.156701940035274,26.771613394216136,86.14280274181264,4.2456336766681595,42.0,68.0,76.14285714285714,48.0,154.0,1.0,1.0
KALIMANTAN BARAT,2026-01-26,2026,1,1,Jan,5,28,0,0,11.156701940035274,26.771613394216136,86.14280274181264,4.2456336766681595,24.0,41.0,69.85714285714286,49.642857142857146,154.0,0.0,0.8571428571428571
KALIMANTAN BARAT,2026-01-27,2026,1,1,Jan,5,47,1,0,11.156701940035274,26.771613394216136,86.14280274181264,4.2456336766681595,28.0,80.0,68.0,51.42857142857143,154.0,0.0,0.7142857142857143
KALIMANTAN BARAT,2026-01-28,2026,1,1,Jan,5,4,0,0,11.156701940035274,26.771613394216136,86.14280274181264,4.2456336766681595,47.0,52.0,63.285714285714285,54.714285714285715,154.0,1.0,0.7142857142857143
KALIMANTAN BARAT,2026-01-29,2026,1,1,Jan,5,73,1,0,11.156701940035274,26.771613394216136,86.14280274181264,4.2456336766681595,4.0,154.0,56.42857142857143,54.285714285714285,154.0,0.0,0.5714285714285714
KALIMANTAN BARAT,2026-01-30,2026,1,1,Jan,5,115,1,0,11.156701940035274,26.771613394216136,86.14280274181264,4.2456336766681595,73.0,96.0,44.857142857142854,56.5,96.0,1.0,0.5714285714285714
KALIMANTAN BARAT,2026-01-31,2026,1,1,Jan,5,77,1,0,11.156701940035274,26.771613394216136,86.14280274181264,4.2456336766681595,115.0,42.0,47.57142857142857,61.857142857142854,115.0,1.0,0.5714285714285714
KALIMANTAN BARAT,2026-02-01,2026,1,2,Feb,5,60,1,0,11.740329012961116,26.842545920546776,85.57289439931594,4.566254940711462,77.0,24.0,52.57142857142857,64.35714285714286,115.0,1.0,0.5714285714285714
KALIMANTAN BARAT,2026-02-02,2026,1,2,Feb,6,32,0,0,11.740329012961116,26.842545920546776,85.57289439931594,4.566254940711462,60.0,28.0,57.714285714285715,63.785714285714285,115.0,1.0,0.7142857142857143
KALIMANTAN BARAT,2026-02-03,2026,1,2,Feb,6,4,0,0,11.740329012961116,26.842545920546776,85.57289439931594,4.566254940711462,32.0,47.0,58.285714285714285,63.142857142857146,115.0,0.0,0.7142857142857143
KALIMANTAN BARAT,2026-02-04,2026,1,2,Feb,6,0,0,0,11.740329012961116,26.842545920546776,85.57289439931594,4.566254940711462,4.0,4.0,52.142857142857146,57.714285714285715,115.0,0.0,0.5714285714285714
KALIMANTAN BARAT,2026-02-05,2026,1,2,Feb,6,4,0,0,11.740329012961116,26.842545920546776,85.57289439931594,4.566254940711462,0.0,73.0,51.57142857142857,54.0,115.0,0.0,0.5714285714285714
KALIMANTAN BARAT,2026-02-06,2026,1,2,Feb,6,1,0,0,11.740329012961116,26.842545920546776,85.57289439931594,4.566254940711462,4.0,115.0,41.714285714285715,43.285714285714285,115.0,0.0,0.42857142857142855
KALIMANTAN BARAT,2026-02-07,2026,1,2,Feb,6,42,1,0,11.740329012961116,26.842545920546776,85.57289439931594,4.566254940711462,1.0,77.0,25.428571428571427,36.5,77.0,0.0,0.2857142857142857
KALIMANTAN BARAT,2026-02-08,2026,1,2,Feb,6,32,0,0,11.740329012961116,26.842545920546776,85.57289439931594,4.566254940711462,42.0,60.0,20.428571428571427,36.5,60.0,1.0,0.2857142857142857
KALIMANTAN BARAT,2026-02-09,2026,1,2,Feb,7,36,0,0,11.740329012961116,26.842545920546776,85.57289439931594,4.566254940711462,32.0,32.0,16.428571428571427,37.07142857142857,42.0,0.0,0.14285714285714285
KALIMANTAN BARAT,2026-02-10,2026,1,2,Feb,7,5,0,0,11.740329012961116,26.842545920546776,85.57289439931594,4.566254940711462,36.0,4.0,17.0,37.642857142857146,42.0,0.0,0.14285714285714285
KALIMANTAN BARAT,2026-02-11,2026,1,2,Feb,7,32,0,0,11.740329012961116,26.842545920546776,85.57289439931594,4.566254940711462,5.0,0.0,17.142857142857142,34.642857142857146,42.0,0.0,0.14285714285714285
KALIMANTAN BARAT,2026-02-12,2026,1,2,Feb,7,2,0,0,11.740329012961116,26.842545920546776,85.57289439931594,4.566254940711462,32.0,4.0,21.714285714285715,36.642857142857146,42.0,0.0,0.14285714285714285
KALIMANTAN BARAT,2026-02-13,2026,1,2,Feb,7,7,0,0,11.740329012961116,26.842545920546776,85.57289439931594,4.566254940711462,2.0,1.0,21.428571428571427,31.571428571428573,42.0,0.0,0.14285714285714285
KALIMANTAN BARAT,2026-02-14,2026,1,2,Feb,7,50,1,0,11.740329012961116,26.842545920546776,85.57289439931594,4.566254940711462,7.0,42.0,22.285714285714285,23.857142857142858,42.0,0.0,0.14285714285714285
KALIMANTAN BARAT,2026-02-15,2026,1,2,Feb,7,32,0,0,11.740329012961116,26.842545920546776,85.57289439931594,4.566254940711462,50.0,32.0,23.428571428571427,21.928571428571427,50.0,1.0,0.14285714285714285
KALIMANTAN BARAT,2026-02-16,2026,1,2,Feb,8,44,1,0,11.740329012961116,26.842545920546776,85.57289439931594,4.566254940711462,32.0,36.0,23.428571428571427,19.928571428571427,50.0,0.0,0.14285714285714285
KALIMANTAN BARAT,2026-02-17,2026,1,2,Feb,8,1,0,0,11.740329012961116,26.842545920546776,85.57289439931594,4.566254940711462,44.0,5.0,24.571428571428573,20.785714285714285,50.0,1.0,0.2857142857142857
KALIMANTAN BARAT,2026-02-18,2026,1,2,Feb,8,1,0,0,11.740329012961116,26.842545920546776,85.57289439931594,4.566254940711462,1.0,32.0,24.0,20.571428571428573,50.0,0.0,0.2857142857142857
KALIMANTAN BARAT,2026-02-19,2026,1,2,Feb,8,2,0,0,11.740329012961116,26.842545920546776,85.57289439931594,4.566254940711462,1.0,2.0,19.571428571428573,20.642857142857142,50.0,0.0,0.2857142857142857
KALIMANTAN BARAT,2026-02-20,2026,1,2,Feb,8,0,0,0,11.740329012961116,26.842545920546776,85.57289439931594,4.566254940711462,2.0,7.0,19.571428571428573,20.5,50.0,0.0,0.2857142857142857
KALIMANTAN BARAT,2026-02-21,2026,1,2,Feb,8,0,0,0,11.740329012961116,26.842545920546776,85.57289439931594,4.566254940711462,0.0,50.0,18.571428571428573,20.428571428571427,50.0,0.0,0.2857142857142857
KALIMANTAN BARAT,2026-02-22,2026,1,2,Feb,8,0,0,0,11.740329012961116,26.842545920546776,85.57289439931594,4.566254940711462,0.0,32.0,11.428571428571429,17.428571428571427,44.0,0.0,0.14285714285714285
KALIMANTAN BARAT,2026-02-23,2026,1,2,Feb,9,0,0,0,11.740329012961116,26.842545920546776,85.57289439931594,4.566254940711462,0.0,44.0,6.857142857142857,15.142857142857142,44.0,0.0,0.14285714285714285
KALIMANTAN BARAT,2026-02-24,2026,1,2,Feb,9,0,0,0,11.740329012961116,26.842545920546776,85.57289439931594,4.566254940711462,0.0,1.0,0.5714285714285714,12.571428571428571,2.0,0.0,0.0
KALIMANTAN BARAT,2026-02-25,2026,1,2,Feb,9,4,0,0,11.740329012961116,26.842545920546776,85.57289439931594,4.566254940711462,0.0,1.0,0.42857142857142855,12.214285714285714,2.0,0.0,0.0
KALIMANTAN BARAT,2026-02-26,2026,1,2,Feb,9,17,0,0,11.740329012961116,26.842545920546776,85.57289439931594,4.566254940711462,4.0,2.0,0.8571428571428571,10.214285714285714,4.0,0.0,0.0
KALIMANTAN BARAT,2026-02-27,2026,1,2,Feb,9,6,0,0,11.740329012961116,26.842545920546776,85.57289439931594,4.566254940711462,17.0,0.0,3.0,11.285714285714286,17.0,0.0,0.0
KALIMANTAN BARAT,2026-02-28,2026,1,2,Feb,9,77,1,0,11.740329012961116,26.842545920546776,85.57289439931594,4.566254940711462,6.0,0.0,3.857142857142857,11.214285714285714,17.0,0.0,0.0
KALIMANTAN BARAT,2026-03-01,2026,1,3,Mar,9,57,1,0,9.94321608040201,27.21897496087637,84.84618395303326,4.720621341737956,77.0,0.0,14.857142857142858,13.142857142857142,77.0,1.0,0.14285714285714285
KALIMANTAN BARAT,2026-03-02,2026,1,3,Mar,10,61,1,0,9.94321608040201,27.21897496087637,84.84618395303326,4.720621341737956,57.0,0.0,23.0,14.928571428571429,77.0,1.0,0.2857142857142857
KALIMANTAN BARAT,2026-03-03,2026,1,3,Mar,10,114,1,0,9.94321608040201,27.21897496087637,84.84618395303326,4.720621341737956,61.0,0.0,31.714285714285715,16.142857142857142,77.0,1.0,0.42857142857142855
KALIMANTAN BARAT,2026-03-04,2026,1,3,Mar,10,126,1,0,9.94321608040201,27.21897496087637,84.84618395303326,4.720621341737956,114.0,4.0,48.0,24.214285714285715,114.0,1.0,0.5714285714285714
KALIMANTAN BARAT,2026-03-05,2026,1,3,Mar,10,35,0,0,9.94321608040201,27.21897496087637,84.84618395303326,4.720621341737956,126.0,17.0,65.42857142857143,33.142857142857146,126.0,1.0,0.7142857142857143
KALIMANTAN BARAT,2026-03-06,2026,1,3,Mar,10,54,1,0,9.94321608040201,27.21897496087637,84.84618395303326,4.720621341737956,35.0,6.0,68.0,35.5,126.0,0.0,0.7142857142857143
KALIMANTAN BARAT,2026-03-07,2026,1,3,Mar,10,13,0,0,9.94321608040201,27.21897496087637,84.84618395303326,4.720621341737956,54.0,77.0,74.85714285714286,39.357142857142854,126.0,1.0,0.8571428571428571
KALIMANTAN BARAT,2026-03-08,2026,1,3,Mar,10,10,0,0,9.94321608040201,27.21897496087637,84.84618395303326,4.720621341737956,13.0,57.0,65.71428571428571,40.285714285714285,126.0,0.0,0.7142857142857143
KALIMANTAN BARAT,2026-03-09,2026,1,3,Mar,11,5,0,0,9.94321608040201,27.21897496087637,84.84618395303326,4.720621341737956,10.0,61.0,59.0,41.0,126.0,0.0,0.5714285714285714
KALIMANTAN BARAT,2026-03-10,2026,1,3,Mar,11,3,0,0,9.94321608040201,27.21897496087637,84.84618395303326,4.720621341737956,5.0,114.0,51.0,41.357142857142854,126.0,0.0,0.42857142857142855
KALIMANTAN BARAT,2026-03-11,2026,1,3,Mar,11,2,0,0,9.94321608040201,27.21897496087637,84.84618395303326,4.720621341737956,3.0,126.0,35.142857142857146,41.57142857142857,126.0,0.0,0.2857142857142857
KALIMANTAN BARAT,2026-03-12,2026,1,3,Mar,11,22,0,0,9.94321608040201,27.21897496087637,84.84618395303326,4.720621341737956,2.0,35.0,17.428571428571427,41.42857142857143,54.0,0.0,0.14285714285714285
KALIMANTAN BARAT,2026-03-13,2026,1,3,Mar,11,70,1,0,9.94321608040201,27.21897496087637,84.84618395303326,4.720621341737956,22.0,54.0,15.571428571428571,41.785714285714285,54.0,0.0,0.14285714285714285
KALIMANTAN BARAT,2026-03-14,2026,1,3,Mar,11,158,1,0,9.94321608040201,27.21897496087637,84.84618395303326,4.720621341737956,70.0,13.0,17.857142857142858,46.357142857142854,70.0,1.0,0.14285714285714285
KALIMANTAN BARAT,2026-03-15,2026,1,3,Mar,11,108,1,0,9.94321608040201,27.21897496087637,84.84618395303326,4.720621341737956,158.0,10.0,38.57142857142857,52.142857142857146,158.0,1.0,0.2857142857142857
KALIMANTAN BARAT,2026-03-16,2026,1,3,Mar,12,36,0,0,9.94321608040201,27.21897496087637,84.84618395303326,4.720621341737956,108.0,5.0,52.57142857142857,55.785714285714285,158.0,1.0,0.42857142857142855
KALIMANTAN BARAT,2026-03-17,2026,1,3,Mar,12,5,0,0,9.94321608040201,27.21897496087637,84.84618395303326,4.720621341737956,36.0,3.0,57.0,54.0,158.0,0.0,0.42857142857142855
KALIMANTAN BARAT,2026-03-18,2026,1,3,Mar,12,18,0,0,9.94321608040201,27.21897496087637,84.84618395303326,4.720621341737956,5.0,2.0,57.285714285714285,46.214285714285715,158.0,0.0,0.42857142857142855
KALIMANTAN BARAT,2026-03-19,2026,1,3,Mar,12,8,0,0,9.94321608040201,27.21897496087637,84.84618395303326,4.720621341737956,18.0,22.0,59.57142857142857,38.5,158.0,0.0,0.42857142857142855
KALIMANTAN BARAT,2026-03-20,2026,1,3,Mar,12,58,1,0,9.94321608040201,27.21897496087637,84.84618395303326,4.720621341737956,8.0,70.0,57.57142857142857,36.57142857142857,158.0,0.0,0.42857142857142855
KALIMANTAN BARAT,2026-03-21,2026,1,3,Mar,12,26,0,0,9.94321608040201,27.21897496087637,84.84618395303326,4.720621341737956,58.0,158.0,55.857142857142854,36.857142857142854,158.0,1.0,0.42857142857142855
KALIMANTAN BARAT,2026-03-22,2026,1,3,Mar,12,47,1,0,9.94321608040201,27.21897496087637,84.84618395303326,4.720621341737956,26.0,108.0,37.0,37.785714285714285,108.0,0.0,0.2857142857142857
KALIMANTAN BARAT,2026-03-23,2026,1,3,Mar,13,186,1,0,9.94321608040201,27.21897496087637,84.84618395303326,4.720621341737956,47.0,36.0,28.285714285714285,40.42857142857143,58.0,1.0,0.2857142857142857
KALIMANTAN BARAT,2026-03-24,2026,1,3,Mar,13,175,1,0,9.94321608040201,27.21897496087637,84.84618395303326,4.720621341737956,186.0,5.0,49.714285714285715,53.357142857142854,186.0,1.0,0.42857142857142855
KALIMANTAN BARAT,2026-03-25,2026,1,3,Mar,13,335,1,0,9.94321608040201,27.21897496087637,84.84618395303326,4.720621341737956,175.0,18.0,74.0,65.64285714285714,186.0,1.0,0.5714285714285714
KALIMANTAN BARAT,2026-03-26,2026,1,3,Mar,13,182,1,0,9.94321608040201,27.21897496087637,84.84618395303326,4.720621341737956,335.0,8.0,119.28571428571429,89.42857142857143,335.0,1.0,0.7142857142857143
KALIMANTAN BARAT,2026-03-27,2026,1,3,Mar,13,81,1,0,9.94321608040201,27.21897496087637,84.84618395303326,4.720621341737956,182.0,58.0,144.14285714285714,100.85714285714286,335.0,1.0,0.8571428571428571
KALIMANTAN BARAT,2026-03-28,2026,1,3,Mar,13,19,0,0,9.94321608040201,27.21897496087637,84.84618395303326,4.720621341737956,81.0,26.0,147.42857142857142,101.64285714285714,335.0,1.0,0.8571428571428571
KALIMANTAN BARAT,2026-03-29,2026,1,3,Mar,13,8,0,0,9.94321608040201,27.21897496087637,84.84618395303326,4.720621341737956,19.0,47.0,146.42857142857142,91.71428571428571,335.0,0.0,0.8571428571428571
KALIMANTAN BARAT,2026-03-30,2026,1,3,Mar,14,2,0,0,9.94321608040201,27.21897496087637,84.84618395303326,4.720621341737956,8.0,186.0,140.85714285714286,84.57142857142857,335.0,0.0,0.7142857142857143
KALIMANTAN BARAT,2026-03-31,2026,1,3,Mar,14,3,0,0,9.94321608040201,27.21897496087637,84.84618395303326,4.720621341737956,2.0,175.0,114.57142857142857,82.14285714285714,335.0,0.0,0.5714285714285714
KALIMANTAN BARAT,2026-04-01,2026,2,4,Apr,14,24,0,0,10.966158245948522,27.530961145194272,84.92675941080196,5.301047619047619,3.0,335.0,90.0,82.0,335.0,0.0,0.42857142857142855
KALIMANTAN BARAT,2026-04-02,2026,2,4,Apr,14,1,0,0,10.966158245948522,27.530961145194272,84.92675941080196,5.301047619047619,24.0,182.0,45.57142857142857,82.42857142857143,182.0,0.0,0.2857142857142857
KALIMANTAN BARAT,2026-04-03,2026,2,4,Apr,14,6,0,0,10.966158245948522,27.530961145194272,84.92675941080196,5.301047619047619,1.0,81.0,19.714285714285715,81.92857142857143,81.0,0.0,0.14285714285714285
KALIMANTAN BARAT,2026-04-04,2026,2,4,Apr,14,1,0,0,10.966158245948522,27.530961145194272,84.92675941080196,5.301047619047619,6.0,19.0,9.0,78.21428571428571,24.0,0.0,0.0
KALIMANTAN BARAT,2026-04-05,2026,2,4,Apr,14,10,0,0,10.966158245948522,27.530961145194272,84.92675941080196,5.301047619047619,1.0,8.0,6.428571428571429,76.42857142857143,24.0,0.0,0.0
KALIMANTAN BARAT,2026-04-06,2026,2,4,Apr,15,2,0,0,10.966158245948522,27.530961145194272,84.92675941080196,5.301047619047619,10.0,2.0,6.714285714285714,73.78571428571429,24.0,0.0,0.0
KALIMANTAN BARAT,2026-04-07,2026,2,4,Apr,15,4,0,0,10.966158245948522,27.530961145194272,84.92675941080196,5.301047619047619,2.0,3.0,6.714285714285714,60.642857142857146,24.0,0.0,0.0
KALIMANTAN BARAT,2026-04-08,2026,2,4,Apr,15,1,0,0,10.966158245948522,27.530961145194272,84.92675941080196,5.301047619047619,4.0,24.0,6.857142857142857,48.42857142857143,24.0,0.0,0.0
KALIMANTAN BARAT,2026-04-09,2026,2,4,Apr,15,6,0,0,10.966158245948522,27.530961145194272,84.92675941080196,5.301047619047619,1.0,1.0,3.5714285714285716,24.571428571428573,10.0,0.0,0.0
KALIMANTAN BARAT,2026-04-10,2026,2,4,Apr,15,2,0,0,10.966158245948522,27.530961145194272,84.92675941080196,5.301047619047619,6.0,6.0,4.285714285714286,12.0,10.0,0.0,0.0
KALIMANTAN BARAT,2026-04-11,2026,2,4,Apr,15,5,0,0,10.966158245948522,27.530961145194272,84.92675941080196,5.301047619047619,2.0,1.0,3.7142857142857144,6.357142857142857,10.0,0.0,0.0
KALIMANTAN BARAT,2026-04-12,2026,2,4,Apr,15,6,0,0,10.966158245948522,27.530961145194272,84.92675941080196,5.301047619047619,5.0,10.0,4.285714285714286,5.357142857142857,10.0,0.0,0.0
KALIMANTAN BARAT,2026-04-13,2026,2,4,Apr,16,4,0,0,10.966158245948522,27.530961145194272,84.92675941080196,5.301047619047619,6.0,2.0,3.7142857142857144,5.214285714285714,6.0,0.0,0.0
KALIMANTAN BARAT,2026-04-14,2026,2,4,Apr,16,5,0,0,10.966158245948522,27.530961145194272,84.92675941080196,5.301047619047619,4.0,4.0,4.0,5.357142857142857,6.0,0.0,0.0
KALIMANTAN BARAT,2026-04-15,2026,2,4,Apr,16,5,0,0,10.966158245948522,27.530961145194272,84.92675941080196,5.301047619047619,5.0,1.0,4.142857142857143,5.5,6.0,0.0,0.0
KALIMANTAN BARAT,2026-04-16,2026,2,4,Apr,16,6,0,0,10.966158245948522,27.530961145194272,84.92675941080196,5.301047619047619,5.0,6.0,4.714285714285714,4.142857142857143,6.0,0.0,0.0
KALIMANTAN BARAT,2026-04-17,2026,2,4,Apr,16,15,0,0,10.966158245948522,27.530961145194272,84.92675941080196,5.301047619047619,6.0,2.0,4.714285714285714,4.5,6.0,0.0,0.0
KALIMANTAN BARAT,2026-04-18,2026,2,4,Apr,16,34,0,0,10.966158245948522,27.530961145194272,84.92675941080196,5.301047619047619,15.0,5.0,6.571428571428571,5.142857142857143,15.0,0.0,0.0
KALIMANTAN BARAT,2026-04-19,2026,2,4,Apr,16,41,1,0,10.966158245948522,27.530961145194272,84.92675941080196,5.301047619047619,34.0,6.0,10.714285714285714,7.5,34.0,0.0,0.0
KALIMANTAN BARAT,2026-04-20,2026,2,4,Apr,17,16,0,0,10.966158245948522,27.530961145194272,84.92675941080196,5.301047619047619,41.0,4.0,15.714285714285714,9.714285714285714,41.0,1.0,0.14285714285714285
KALIMANTAN BARAT,2026-04-21,2026,2,4,Apr,17,16,0,0,10.966158245948522,27.530961145194272,84.92675941080196,5.301047619047619,16.0,5.0,17.428571428571427,10.714285714285714,41.0,0.0,0.14285714285714285
KALIMANTAN BARAT,2026-04-22,2026,2,4,Apr,17,3,0,0,10.966158245948522,27.530961145194272,84.92675941080196,5.301047619047619,16.0,5.0,19.0,11.571428571428571,41.0,0.0,0.14285714285714285
KALIMANTAN BARAT,2026-04-23,2026,2,4,Apr,17,17,0,0,10.966158245948522,27.530961145194272,84.92675941080196,5.301047619047619,3.0,6.0,18.714285714285715,11.714285714285714,41.0,0.0,0.14285714285714285
KALIMANTAN BARAT,2026-04-24,2026,2,4,Apr,17,21,0,0,10.966158245948522,27.530961145194272,84.92675941080196,5.301047619047619,17.0,15.0,20.285714285714285,12.5,41.0,0.0,0.14285714285714285
KALIMANTAN BARAT,2026-04-25,2026,2,4,Apr,17,0,0,0,10.966158245948522,27.530961145194272,84.92675941080196,5.301047619047619,21.0,34.0,21.142857142857142,13.857142857142858,41.0,0.0,0.14285714285714285
KALIMANTAN BARAT,2026-04-26,2026,2,4,Apr,17,6,0,0,10.966158245948522,27.530961145194272,84.92675941080196,5.301047619047619,0.0,41.0,16.285714285714285,13.5,41.0,0.0,0.14285714285714285
KALIMANTAN BARAT,2026-04-27,2026,2,4,Apr,18,5,0,0,10.966158245948522,27.530961145194272,84.92675941080196,5.301047619047619,6.0,16.0,11.285714285714286,13.5,21.0,0.0,0.0
KALIMANTAN BARAT,2026-04-28,2026,2,4,Apr,18,0,0,0,10.966158245948522,27.530961145194272,84.92675941080196,5.301047619047619,5.0,16.0,9.714285714285714,13.571428571428571,21.0,0.0,0.0
KALIMANTAN BARAT,2026-04-29,2026,2,4,Apr,18,3,0,0,10.966158245948522,27.530961145194272,84.92675941080196,5.301047619047619,0.0,3.0,7.428571428571429,13.214285714285714,21.0,0.0,0.0
KALIMANTAN BARAT,2026-04-30,2026,2,4,Apr,18,2,0,0,10.966158245948522,27.530961145194272,84.92675941080196,5.301047619047619,3.0,17.0,7.428571428571429,13.071428571428571,21.0,0.0,0.0
KALIMANTAN BARAT,2026-05-01,2026,2,5,May,18,1,0,0,10.783427230046948,27.81301824212272,84.57368202573682,5.447949080622348,2.0,21.0,5.285714285714286,12.785714285714286,21.0,0.0,0.0
KALIMANTAN BARAT,2026-05-02,2026,2,5,May,18,4,0,0,10.783427230046948,27.81301824212272,84.57368202573682,5.447949080622348,1.0,0.0,2.4285714285714284,11.785714285714286,6.0,0.0,0.0
KALIMANTAN BARAT,2026-05-03,2026,2,5,May,18,7,0,0,10.783427230046948,27.81301824212272,84.57368202573682,5.447949080622348,4.0,6.0,3.0,9.642857142857142,6.0,0.0,0.0
KALIMANTAN BARAT,2026-05-04,2026,2,5,May,19,0,0,0,10.783427230046948,27.81301824212272,84.57368202573682,5.447949080622348,7.0,5.0,3.142857142857143,7.214285714285714,7.0,0.0,0.0
KALIMANTAN BARAT,2026-05-05,2026,2,5,May,19,0,0,0,10.783427230046948,27.81301824212272,84.57368202573682,5.447949080622348,0.0,0.0,2.4285714285714284,6.071428571428571,7.0,0.0,0.0
KALIMANTAN BARAT,2026-05-06,2026,2,5,May,19,7,0,0,10.783427230046948,27.81301824212272,84.57368202573682,5.447949080622348,0.0,3.0,2.4285714285714284,4.928571428571429,7.0,0.0,0.0
KALIMANTAN BARAT,2026-05-07,2026,2,5,May,19,4,0,0,10.783427230046948,27.81301824212272,84.57368202573682,5.447949080622348,7.0,2.0,3.0,5.214285714285714,7.0,0.0,0.0
KALIMANTAN BARAT,2026-05-08,2026,2,5,May,19,2,0,0,10.783427230046948,27.81301824212272,84.57368202573682,5.447949080622348,4.0,1.0,3.2857142857142856,4.285714285714286,7.0,0.0,0.0
KALIMANTAN BARAT,2026-05-09,2026,2,5,May,19,1,0,0,10.783427230046948,27.81301824212272,84.57368202573682,5.447949080622348,2.0,4.0,3.4285714285714284,2.9285714285714284,7.0,0.0,0.0
KALIMANTAN BARAT,2026-05-10,2026,2,5,May,19,0,0,0,10.783427230046948,27.81301824212272,84.57368202573682,5.447949080622348,1.0,7.0,3.0,3.0,7.0,0.0,0.0
KALIMANTAN BARAT,2026-05-11,2026,2,5,May,20,4,0,0,10.783427230046948,27.81301824212272,84.57368202573682,5.447949080622348,0.0,0.0,2.0,2.5714285714285716,7.0,0.0,0.0
KALIMANTAN BARAT,2026-05-12,2026,2,5,May,20,1,0,0,10.783427230046948,27.81301824212272,84.57368202573682,5.447949080622348,4.0,0.0,2.5714285714285716,2.5,7.0,0.0,0.0
KALIMANTAN BARAT,2026-05-13,2026,2,5,May,20,5,0,0,10.783427230046948,27.81301824212272,84.57368202573682,5.447949080622348,1.0,7.0,2.7142857142857144,2.5714285714285716,7.0,0.0,0.0
KALIMANTAN BARAT,2026-05-14,2026,2,5,May,20,9,0,0,10.783427230046948,27.81301824212272,84.57368202573682,5.447949080622348,5.0,4.0,2.4285714285714284,2.7142857142857144,5.0,0.0,0.0
KALIMANTAN BARAT,2026-05-15,2026,2,5,May,20,0,0,0,10.783427230046948,27.81301824212272,84.57368202573682,5.447949080622348,9.0,2.0,3.142857142857143,3.2142857142857144,9.0,0.0,0.0
KALIMANTAN BARAT,2026-05-16,2026,2,5,May,20,0,0,0,10.783427230046948,27.81301824212272,84.57368202573682,5.447949080622348,0.0,1.0,2.857142857142857,3.142857142857143,9.0,0.0,0.0
KALIMANTAN BARAT,2026-05-17,2026,2,5,May,20,0,0,0,10.783427230046948,27.81301824212272,84.57368202573682,5.447949080622348,0.0,0.0,2.7142857142857144,2.857142857142857,9.0,0.0,0.0
KALIMANTAN BARAT,2026-05-18,2026,2,5,May,21,2,0,0,10.783427230046948,27.81301824212272,84.57368202573682,5.447949080622348,0.0,4.0,2.7142857142857144,2.357142857142857,9.0,0.0,0.0
KALIMANTAN BARAT,2026-05-19,2026,2,5,May,21,8,0,0,10.783427230046948,27.81301824212272,84.57368202573682,5.447949080622348,2.0,1.0,2.4285714285714284,2.5,9.0,0.0,0.0
KALIMANTAN BARAT,2026-05-20,2026,2,5,May,21,18,0,0,10.783427230046948,27.81301824212272,84.57368202573682,5.447949080622348,8.0,5.0,3.4285714285714284,3.0714285714285716,9.0,0.0,0.0
KALIMANTAN BARAT,2026-05-21,2026,2,5,May,21,12,0,0,10.783427230046948,27.81301824212272,84.57368202573682,5.447949080622348,18.0,9.0,5.285714285714286,3.857142857142857,18.0,0.0,0.0
KALIMANTAN BARAT,2026-05-22,2026,2,5,May,21,4,0,0,10.783427230046948,27.81301824212272,84.57368202573682,5.447949080622348,12.0,0.0,5.714285714285714,4.428571428571429,18.0,0.0,0.0
KALIMANTAN BARAT,2026-05-23,2026,2,5,May,21,0,0,0,10.783427230046948,27.81301824212272,84.57368202573682,5.447949080622348,4.0,0.0,6.285714285714286,4.571428571428571,18.0,0.0,0.0
KALIMANTAN BARAT,2026-05-24,2026,2,5,May,21,5,0,0,10.783427230046948,27.81301824212272,84.57368202573682,5.447949080622348,0.0,0.0,6.285714285714286,4.5,18.0,0.0,0.0
KALIMANTAN BARAT,2026-05-25,2026,2,5,May,22,0,0,0,10.783427230046948,27.81301824212272,84.57368202573682,5.447949080622348,5.0,2.0,7.0,4.857142857142857,18.0,0.0,0.0
KALIMANTAN BARAT,2026-05-26,2026,2,5,May,22,4,0,0,10.783427230046948,27.81301824212272,84.57368202573682,5.447949080622348,0.0,8.0,6.714285714285714,4.571428571428571,18.0,0.0,0.0
KALIMANTAN BARAT,2026-05-27,2026,2,5,May,22,5,0,0,10.783427230046948,27.81301824212272,84.57368202573682,5.447949080622348,4.0,18.0,6.142857142857143,4.785714285714286,18.0,0.0,0.0
KALIMANTAN BARAT,2026-05-28,2026,2,5,May,22,11,0,0,10.783427230046948,27.81301824212272,84.57368202573682,5.447949080622348,5.0,12.0,4.285714285714286,4.785714285714286,12.0,0.0,0.0
KALIMANTAN BARAT,2026-05-29,2026,2,5,May,22,11,0,0,10.783427230046948,27.81301824212272,84.57368202573682,5.447949080622348,11.0,4.0,4.142857142857143,4.928571428571429,11.0,0.0,0.0
KALIMANTAN BARAT,2026-05-30,2026,2,5,May,22,7,0,0,10.783427230046948,27.81301824212272,84.57368202573682,5.447949080622348,11.0,0.0,5.142857142857143,5.714285714285714,11.0,0.0,0.0
KALIMANTAN BARAT,2026-05-31,2026,2,5,May,22,6,0,0,10.783427230046948,27.81301824212272,84.57368202573682,5.447949080622348,7.0,5.0,6.142857142857143,6.214285714285714,11.0,0.0,0.0
KALIMANTAN SELATAN,2024-08-08,2024,3,8,Aug,32,4,0,1,4.351246105919003,26.704149933065597,80.49531459170014,5.599781420765027,0.0,7.0,4.0,5.076923076923077,13.0,0.0,0.2857142857142857
KALIMANTAN SELATAN,2024-08-09,2024,3,8,Aug,32,7,1,1,4.351246105919003,26.704149933065597,80.49531459170014,5.599781420765027,4.0,0.0,3.5714285714285716,5.384615384615385,13.0,0.0,0.14285714285714285
KALIMANTAN SELATAN,2024-08-10,2024,3,8,Aug,32,6,0,1,4.351246105919003,26.704149933065597,80.49531459170014,5.599781420765027,7.0,5.0,4.571428571428571,5.615384615384615,13.0,1.0,0.2857142857142857
KALIMANTAN SELATAN,2024-08-11,2024,3,8,Aug,32,9,1,1,4.351246105919003,26.704149933065597,80.49531459170014,5.599781420765027,6.0,13.0,4.714285714285714,5.6923076923076925,13.0,0.0,0.2857142857142857
KALIMANTAN SELATAN,2024-08-12,2024,3,8,Aug,33,3,0,1,4.351246105919003,26.704149933065597,80.49531459170014,5.599781420765027,9.0,3.0,4.142857142857143,5.538461538461538,9.0,1.0,0.2857142857142857
KALIMANTAN SELATAN,2024-08-13,2024,3,8,Aug,33,8,1,1,4.351246105919003,26.704149933065597,80.49531459170014,5.599781420765027,3.0,0.0,4.142857142857143,4.923076923076923,9.0,0.0,0.2857142857142857
KALIMANTAN SELATAN,2024-08-14,2024,3,8,Aug,33,13,1,1,4.351246105919003,26.704149933065597,80.49531459170014,5.599781420765027,8.0,0.0,5.285714285714286,5.0,9.0,1.0,0.42857142857142855
KALIMANTAN SELATAN,2024-08-15,2024,3,8,Aug,33,7,1,1,4.351246105919003,26.704149933065597,80.49531459170014,5.599781420765027,13.0,4.0,7.142857142857143,5.571428571428571,13.0,1.0,0.5714285714285714
KALIMANTAN SELATAN,2024-08-16,2024,3,8,Aug,33,4,0,1,4.351246105919003,26.704149933065597,80.49531459170014,5.599781420765027,7.0,7.0,7.571428571428571,5.571428571428571,13.0,1.0,0.7142857142857143
KALIMANTAN SELATAN,2024-08-17,2024,3,8,Aug,33,11,1,1,4.351246105919003,26.704149933065597,80.49531459170014,5.599781420765027,4.0,6.0,7.142857142857143,5.857142857142857,13.0,0.0,0.5714285714285714
KALIMANTAN SELATAN,2024-08-18,2024,3,8,Aug,33,16,1,1,4.351246105919003,26.704149933065597,80.49531459170014,5.599781420765027,11.0,9.0,7.857142857142857,6.285714285714286,13.0,1.0,0.7142857142857143
KALIMANTAN SELATAN,2024-08-19,2024,3,8,Aug,34,19,1,1,4.351246105919003,26.704149933065597,80.49531459170014,5.599781420765027,16.0,3.0,8.857142857142858,6.5,16.0,1.0,0.7142857142857143
KALIMANTAN SELATAN,2024-08-20,2024,3,8,Aug,34,0,0,1,4.351246105919003,26.704149933065597,80.49531459170014,5.599781420765027,19.0,8.0,11.142857142857142,7.642857142857143,19.0,1.0,0.8571428571428571
KALIMANTAN SELATAN,2024-08-21,2024,3,8,Aug,34,0,0,1,4.351246105919003,26.704149933065597,80.49531459170014,5.599781420765027,0.0,13.0,10.0,7.642857142857143,19.0,0.0,0.7142857142857143
KALIMANTAN SELATAN,2024-08-22,2024,3,8,Aug,34,0,0,1,4.351246105919003,26.704149933065597,80.49531459170014,5.599781420765027,0.0,7.0,8.142857142857142,7.642857142857143,19.0,0.0,0.5714285714285714
KALIMANTAN SELATAN,2024-08-23,2024,3,8,Aug,34,2,0,1,4.351246105919003,26.704149933065597,80.49531459170014,5.599781420765027,0.0,4.0,7.142857142857143,7.357142857142857,19.0,0.0,0.42857142857142855
KALIMANTAN SELATAN,2024-08-24,2024,3,8,Aug,34,3,0,1,4.351246105919003,26.704149933065597,80.49531459170014,5.599781420765027,2.0,11.0,6.857142857142857,7.0,19.0,0.0,0.42857142857142855
KALIMANTAN SELATAN,2024-08-25,2024,3,8,Aug,34,8,1,1,4.351246105919003,26.704149933065597,80.49531459170014,5.599781420765027,3.0,16.0,5.714285714285714,6.785714285714286,19.0,0.0,0.2857142857142857
KALIMANTAN SELATAN,2024-08-26,2024,3,8,Aug,35,0,0,1,4.351246105919003,26.704149933065597,80.49531459170014,5.599781420765027,8.0,19.0,4.571428571428571,6.714285714285714,19.0,1.0,0.2857142857142857
KALIMANTAN SELATAN,2024-08-27,2024,3,8,Aug,35,0,0,1,4.351246105919003,26.704149933065597,80.49531459170014,5.599781420765027,0.0,0.0,1.8571428571428572,6.5,8.0,0.0,0.14285714285714285
KALIMANTAN SELATAN,2024-08-28,2024,3,8,Aug,35,0,0,1,4.351246105919003,26.704149933065597,80.49531459170014,5.599781420765027,0.0,0.0,1.8571428571428572,5.928571428571429,8.0,0.0,0.14285714285714285
KALIMANTAN SELATAN,2024-08-29,2024,3,8,Aug,35,1,0,1,4.351246105919003,26.704149933065597,80.49531459170014,5.599781420765027,0.0,0.0,1.8571428571428572,5.0,8.0,0.0,0.14285714285714285
KALIMANTAN SELATAN,2024-08-30,2024,3,8,Aug,35,3,0,1,4.351246105919003,26.704149933065597,80.49531459170014,5.599781420765027,1.0,2.0,2.0,4.571428571428571,8.0,0.0,0.14285714285714285
KALIMANTAN SELATAN,2024-08-31,2024,3,8,Aug,35,5,0,1,4.351246105919003,26.704149933065597,80.49531459170014,5.599781420765027,3.0,3.0,2.142857142857143,4.5,8.0,0.0,0.14285714285714285
KALIMANTAN SELATAN,2024-09-01,2024,3,9,Sep,35,7,1,1,4.386923076923077,27.03148936170213,79.47869318181819,5.188727272727273,5.0,8.0,2.4285714285714284,4.071428571428571,8.0,0.0,0.14285714285714285
KALIMANTAN SELATAN,2024-09-02,2024,3,9,Sep,36,40,1,1,4.386923076923077,27.03148936170213,79.47869318181819,5.188727272727273,7.0,0.0,2.2857142857142856,3.4285714285714284,7.0,1.0,0.14285714285714285
KALIMANTAN SELATAN,2024-09-03,2024,3,9,Sep,36,36,1,1,4.386923076923077,27.03148936170213,79.47869318181819,5.188727272727273,40.0,0.0,8.0,4.928571428571429,40.0,1.0,0.2857142857142857
KALIMANTAN SELATAN,2024-09-04,2024,3,9,Sep,36,10,1,1,4.386923076923077,27.03148936170213,79.47869318181819,5.188727272727273,36.0,0.0,13.142857142857142,7.5,40.0,1.0,0.42857142857142855
KALIMANTAN SELATAN,2024-09-05,2024,3,9,Sep,36,0,0,1,4.386923076923077,27.03148936170213,79.47869318181819,5.188727272727273,10.0,1.0,14.571428571428571,8.214285714285714,40.0,1.0,0.5714285714285714
KALIMANTAN SELATAN,2024-09-06,2024,3,9,Sep,36,6,0,1,4.386923076923077,27.03148936170213,79.47869318181819,5.188727272727273,0.0,3.0,14.428571428571429,8.214285714285714,40.0,0.0,0.5714285714285714
KALIMANTAN SELATAN,2024-09-07,2024,3,9,Sep,36,4,0,1,4.386923076923077,27.03148936170213,79.47869318181819,5.188727272727273,6.0,5.0,14.857142857142858,8.5,40.0,0.0,0.5714285714285714
KALIMANTAN SELATAN,2024-09-08,2024,3,9,Sep,36,0,0,1,4.386923076923077,27.03148936170213,79.47869318181819,5.188727272727273,4.0,7.0,14.714285714285714,8.571428571428571,40.0,0.0,0.5714285714285714
KALIMANTAN SELATAN,2024-09-09,2024,3,9,Sep,37,20,1,1,4.386923076923077,27.03148936170213,79.47869318181819,5.188727272727273,0.0,40.0,13.714285714285714,8.0,40.0,0.0,0.42857142857142855
KALIMANTAN SELATAN,2024-09-10,2024,3,9,Sep,37,9,1,1,4.386923076923077,27.03148936170213,79.47869318181819,5.188727272727273,20.0,36.0,10.857142857142858,9.428571428571429,36.0,1.0,0.42857142857142855
KALIMANTAN SELATAN,2024-09-11,2024,3,9,Sep,37,20,1,1,4.386923076923077,27.03148936170213,79.47869318181819,5.188727272727273,9.0,10.0,7.0,10.071428571428571,20.0,1.0,0.42857142857142855
KALIMANTAN SELATAN,2024-09-12,2024,3,9,Sep,37,133,1,1,4.386923076923077,27.03148936170213,79.47869318181819,5.188727272727273,20.0,0.0,8.428571428571429,11.5,20.0,1.0,0.42857142857142855
KALIMANTAN SELATAN,2024-09-13,2024,3,9,Sep,37,63,1,1,4.386923076923077,27.03148936170213,79.47869318181819,5.188727272727273,133.0,6.0,27.428571428571427,20.928571428571427,133.0,1.0,0.5714285714285714
KALIMANTAN SELATAN,2024-09-14,2024,3,9,Sep,37,115,1,1,4.386923076923077,27.03148936170213,79.47869318181819,5.188727272727273,63.0,4.0,35.57142857142857,25.214285714285715,133.0,1.0,0.7142857142857143
KALIMANTAN SELATAN,2024-09-15,2024,3,9,Sep,37,27,1,1,4.386923076923077,27.03148936170213,79.47869318181819,5.188727272727273,115.0,0.0,51.42857142857143,33.07142857142857,133.0,1.0,0.8571428571428571
KALIMANTAN SELATAN,2024-09-16,2024,3,9,Sep,38,15,1,1,4.386923076923077,27.03148936170213,79.47869318181819,5.188727272727273,27.0,20.0,55.285714285714285,34.5,133.0,1.0,1.0
KALIMANTAN SELATAN,2024-09-17,2024,3,9,Sep,38,151,1,1,4.386923076923077,27.03148936170213,79.47869318181819,5.188727272727273,15.0,9.0,54.57142857142857,32.714285714285715,133.0,1.0,1.0
KALIMANTAN SELATAN,2024-09-18,2024,3,9,Sep,38,59,1,1,4.386923076923077,27.03148936170213,79.47869318181819,5.188727272727273,151.0,20.0,74.85714285714286,40.92857142857143,151.0,1.0,1.0
KALIMANTAN SELATAN,2024-09-19,2024,3,9,Sep,38,25,1,1,4.386923076923077,27.03148936170213,79.47869318181819,5.188727272727273,59.0,133.0,80.42857142857143,44.42857142857143,151.0,1.0,1.0
KALIMANTAN SELATAN,2024-09-20,2024,3,9,Sep,38,48,1,1,4.386923076923077,27.03148936170213,79.47869318181819,5.188727272727273,25.0,63.0,65.0,46.214285714285715,151.0,1.0,1.0
KALIMANTAN SELATAN,2024-09-21,2024,3,9,Sep,38,19,1,1,4.386923076923077,27.03148936170213,79.47869318181819,5.188727272727273,48.0,115.0,62.857142857142854,49.214285714285715,151.0,1.0,1.0
KALIMANTAN SELATAN,2024-09-22,2024,3,9,Sep,38,42,1,1,4.386923076923077,27.03148936170213,79.47869318181819,5.188727272727273,19.0,27.0,49.142857142857146,50.285714285714285,151.0,1.0,1.0
KALIMANTAN SELATAN,2024-09-23,2024,3,9,Sep,39,60,1,1,4.386923076923077,27.03148936170213,79.47869318181819,5.188727272727273,42.0,15.0,51.285714285714285,53.285714285714285,151.0,1.0,1.0
KALIMANTAN SELATAN,2024-09-24,2024,3,9,Sep,39,22,1,1,4.386923076923077,27.03148936170213,79.47869318181819,5.188727272727273,60.0,151.0,57.714285714285715,56.142857142857146,151.0,1.0,1.0
KALIMANTAN SELATAN,2024-09-25,2024,3,9,Sep,39,2,0,1,4.386923076923077,27.03148936170213,79.47869318181819,5.188727272727273,22.0,59.0,39.285714285714285,57.07142857142857,60.0,1.0,1.0
KALIMANTAN SELATAN,2024-09-26,2024,3,9,Sep,39,27,1,1,4.386923076923077,27.03148936170213,79.47869318181819,5.188727272727273,2.0,25.0,31.142857142857142,55.785714285714285,60.0,0.0,0.8571428571428571
KALIMANTAN SELATAN,2024-09-27,2024,3,9,Sep,39,23,1,1,4.386923076923077,27.03148936170213,79.47869318181819,5.188727272727273,27.0,48.0,31.428571428571427,48.214285714285715,60.0,1.0,0.8571428571428571
KALIMANTAN SELATAN,2024-09-28,2024,3,9,Sep,39,74,1,1,4.386923076923077,27.03148936170213,79.47869318181819,5.188727272727273,23.0,19.0,27.857142857142858,45.357142857142854,60.0,1.0,0.8571428571428571
KALIMANTAN SELATAN,2024-09-29,2024,3,9,Sep,39,1,0,1,4.386923076923077,27.03148936170213,79.47869318181819,5.188727272727273,74.0,42.0,35.714285714285715,42.42857142857143,74.0,1.0,0.8571428571428571
KALIMANTAN SELATAN,2024-09-30,2024,3,9,Sep,40,7,1,1,4.386923076923077,27.03148936170213,79.47869318181819,5.188727272727273,1.0,60.0,29.857142857142858,40.57142857142857,74.0,0.0,0.7142857142857143
KALIMANTAN SELATAN,2024-10-01,2024,4,10,Oct,40,13,1,1,5.492352092352092,27.50257452574526,80.19918699186992,4.9282633371169124,7.0,22.0,22.285714285714285,40.0,74.0,1.0,0.7142857142857143
KALIMANTAN SELATAN,2024-10-02,2024,4,10,Oct,40,3,0,1,5.492352092352092,27.50257452574526,80.19918699186992,4.9282633371169124,13.0,2.0,21.0,30.142857142857142,74.0,1.0,0.7142857142857143
KALIMANTAN SELATAN,2024-10-03,2024,4,10,Oct,40,2,0,1,5.492352092352092,27.50257452574526,80.19918699186992,4.9282633371169124,3.0,27.0,21.142857142857142,26.142857142857142,74.0,0.0,0.7142857142857143
KALIMANTAN SELATAN,2024-10-04,2024,4,10,Oct,40,2,0,1,5.492352092352092,27.50257452574526,80.19918699186992,4.9282633371169124,2.0,23.0,17.571428571428573,24.5,74.0,0.0,0.5714285714285714
KALIMANTAN SELATAN,2024-10-05,2024,4,10,Oct,40,9,1,1,5.492352092352092,27.50257452574526,80.19918699186992,4.9282633371169124,2.0,74.0,14.571428571428571,21.214285714285715,74.0,0.0,0.42857142857142855
KALIMANTAN SELATAN,2024-10-06,2024,4,10,Oct,40,29,1,1,5.492352092352092,27.50257452574526,80.19918699186992,4.9282633371169124,9.0,1.0,5.285714285714286,20.5,13.0,1.0,0.42857142857142855
KALIMANTAN SELATAN,2024-10-07,2024,4,10,Oct,41,23,1,1,5.492352092352092,27.50257452574526,80.19918699186992,4.9282633371169124,29.0,7.0,9.285714285714286,19.571428571428573,29.0,1.0,0.5714285714285714
KALIMANTAN SELATAN,2024-10-08,2024,4,10,Oct,41,4,0,1,5.492352092352092,27.50257452574526,80.19918699186992,4.9282633371169124,23.0,13.0,11.571428571428571,16.928571428571427,29.0,1.0,0.5714285714285714
KALIMANTAN SELATAN,2024-10-09,2024,4,10,Oct,41,90,1,1,5.492352092352092,27.50257452574526,80.19918699186992,4.9282633371169124,4.0,3.0,10.285714285714286,15.642857142857142,29.0,0.0,0.42857142857142855
KALIMANTAN SELATAN,2024-10-10,2024,4,10,Oct,41,4,0,1,5.492352092352092,27.50257452574526,80.19918699186992,4.9282633371169124,90.0,2.0,22.714285714285715,21.928571428571427,90.0,1.0,0.5714285714285714
KALIMANTAN SELATAN,2024-10-11,2024,4,10,Oct,41,9,1,1,5.492352092352092,27.50257452574526,80.19918699186992,4.9282633371169124,4.0,2.0,23.0,20.285714285714285,90.0,0.0,0.5714285714285714
KALIMANTAN SELATAN,2024-10-12,2024,4,10,Oct,41,11,1,1,5.492352092352092,27.50257452574526,80.19918699186992,4.9282633371169124,9.0,9.0,24.0,19.285714285714285,90.0,1.0,0.7142857142857143
KALIMANTAN SELATAN,2024-10-13,2024,4,10,Oct,41,7,1,1,5.492352092352092,27.50257452574526,80.19918699186992,4.9282633371169124,11.0,29.0,24.285714285714285,14.785714285714286,90.0,1.0,0.7142857142857143
KALIMANTAN SELATAN,2024-10-14,2024,4,10,Oct,42,9,1,1,5.492352092352092,27.50257452574526,80.19918699186992,4.9282633371169124,7.0,23.0,21.142857142857142,15.214285714285714,90.0,1.0,0.7142857142857143
KALIMANTAN SELATAN,2024-10-15,2024,4,10,Oct,42,1,0,1,5.492352092352092,27.50257452574526,80.19918699186992,4.9282633371169124,9.0,4.0,19.142857142857142,15.357142857142858,90.0,1.0,0.7142857142857143
KALIMANTAN SELATAN,2024-10-16,2024,4,10,Oct,42,1,0,1,5.492352092352092,27.50257452574526,80.19918699186992,4.9282633371169124,1.0,90.0,18.714285714285715,14.5,90.0,0.0,0.7142857142857143
KALIMANTAN SELATAN,2024-10-17,2024,4,10,Oct,42,0,0,1,5.492352092352092,27.50257452574526,80.19918699186992,4.9282633371169124,1.0,4.0,6.0,14.357142857142858,11.0,0.0,0.5714285714285714
KALIMANTAN SELATAN,2024-10-18,2024,4,10,Oct,42,5,0,1,5.492352092352092,27.50257452574526,80.19918699186992,4.9282633371169124,0.0,9.0,5.428571428571429,14.214285714285714,11.0,0.0,0.5714285714285714
KALIMANTAN SELATAN,2024-10-19,2024,4,10,Oct,42,3,0,1,5.492352092352092,27.50257452574526,80.19918699186992,4.9282633371169124,5.0,11.0,4.857142857142857,14.428571428571429,11.0,0.0,0.42857142857142855
KALIMANTAN SELATAN,2024-10-20,2024,4,10,Oct,42,2,0,1,5.492352092352092,27.50257452574526,80.19918699186992,4.9282633371169124,3.0,7.0,3.7142857142857144,14.0,9.0,0.0,0.2857142857142857
KALIMANTAN SELATAN,2024-10-21,2024,4,10,Oct,43,0,0,1,5.492352092352092,27.50257452574526,80.19918699186992,4.9282633371169124,2.0,9.0,3.0,12.071428571428571,9.0,0.0,0.14285714285714285
KALIMANTAN SELATAN,2024-10-22,2024,4,10,Oct,43,22,1,1,5.492352092352092,27.50257452574526,80.19918699186992,4.9282633371169124,0.0,1.0,1.7142857142857142,10.428571428571429,5.0,0.0,0.0
KALIMANTAN SELATAN,2024-10-23,2024,4,10,Oct,43,8,1,1,5.492352092352092,27.50257452574526,80.19918699186992,4.9282633371169124,22.0,1.0,4.714285714285714,11.714285714285714,22.0,1.0,0.14285714285714285
KALIMANTAN SELATAN,2024-10-24,2024,4,10,Oct,43,35,1,1,5.492352092352092,27.50257452574526,80.19918699186992,4.9282633371169124,8.0,0.0,5.714285714285714,5.857142857142857,22.0,1.0,0.2857142857142857
KALIMANTAN SELATAN,2024-10-25,2024,4,10,Oct,43,113,1,1,5.492352092352092,27.50257452574526,80.19918699186992,4.9282633371169124,35.0,5.0,10.714285714285714,8.071428571428571,35.0,1.0,0.42857142857142855
KALIMANTAN SELATAN,2024-10-26,2024,4,10,Oct,43,59,1,1,5.492352092352092,27.50257452574526,80.19918699186992,4.9282633371169124,113.0,3.0,26.142857142857142,15.5,113.0,1.0,0.5714285714285714
KALIMANTAN SELATAN,2024-10-27,2024,4,10,Oct,43,40,1,1,5.492352092352092,27.50257452574526,80.19918699186992,4.9282633371169124,59.0,2.0,34.142857142857146,18.928571428571427,113.0,1.0,0.7142857142857143
KALIMANTAN SELATAN,2024-10-28,2024,4,10,Oct,44,25,1,1,5.492352092352092,27.50257452574526,80.19918699186992,4.9282633371169124,40.0,0.0,39.57142857142857,21.285714285714285,113.0,1.0,0.8571428571428571
KALIMANTAN SELATAN,2024-10-29,2024,4,10,Oct,44,25,1,1,5.492352092352092,27.50257452574526,80.19918699186992,4.9282633371169124,25.0,22.0,43.142857142857146,22.428571428571427,113.0,1.0,1.0
KALIMANTAN SELATAN,2024-10-30,2024,4,10,Oct,44,21,1,1,5.492352092352092,27.50257452574526,80.19918699186992,4.9282633371169124,25.0,8.0,43.57142857142857,24.142857142857142,113.0,1.0,1.0
KALIMANTAN SELATAN,2024-10-31,2024,4,10,Oct,44,1,0,1,5.492352092352092,27.50257452574526,80.19918699186992,4.9282633371169124,21.0,35.0,45.42857142857143,25.571428571428573,113.0,1.0,1.0
KALIMANTAN SELATAN,2024-11-01,2024,4,11,Nov,44,0,0,0,9.382246879334259,27.332489451476796,83.9831223628692,4.501149425287356,1.0,113.0,40.57142857142857,25.642857142857142,113.0,0.0,0.8571428571428571
KALIMANTAN SELATAN,2024-11-02,2024,4,11,Nov,44,4,0,0,9.382246879334259,27.332489451476796,83.9831223628692,4.501149425287356,0.0,59.0,24.428571428571427,25.285714285714285,59.0,0.0,0.7142857142857143
KALIMANTAN SELATAN,2024-11-03,2024,4,11,Nov,44,0,0,0,9.382246879334259,27.332489451476796,83.9831223628692,4.501149425287356,4.0,40.0,16.571428571428573,25.357142857142858,40.0,0.0,0.5714285714285714
KALIMANTAN SELATAN,2024-11-04,2024,4,11,Nov,45,1,0,0,9.382246879334259,27.332489451476796,83.9831223628692,4.501149425287356,0.0,25.0,10.857142857142858,25.214285714285715,25.0,0.0,0.42857142857142855
KALIMANTAN SELATAN,2024-11-05,2024,4,11,Nov,45,10,1,0,9.382246879334259,27.332489451476796,83.9831223628692,4.501149425287356,1.0,25.0,7.428571428571429,25.285714285714285,25.0,0.0,0.2857142857142857
KALIMANTAN SELATAN,2024-11-06,2024,4,11,Nov,45,8,1,0,9.382246879334259,27.332489451476796,83.9831223628692,4.501149425287356,10.0,21.0,5.285714285714286,24.428571428571427,21.0,1.0,0.2857142857142857
KALIMANTAN SELATAN,2024-11-07,2024,4,11,Nov,45,10,1,0,9.382246879334259,27.332489451476796,83.9831223628692,4.501149425287356,8.0,1.0,3.4285714285714284,24.428571428571427,10.0,1.0,0.2857142857142857
KALIMANTAN SELATAN,2024-11-08,2024,4,11,Nov,45,4,0,0,9.382246879334259,27.332489451476796,83.9831223628692,4.501149425287356,10.0,0.0,4.714285714285714,22.642857142857142,10.0,1.0,0.42857142857142855
KALIMANTAN SELATAN,2024-11-09,2024,4,11,Nov,45,6,0,0,9.382246879334259,27.332489451476796,83.9831223628692,4.501149425287356,4.0,4.0,5.285714285714286,14.857142857142858,10.0,0.0,0.42857142857142855
KALIMANTAN SELATAN,2024-11-10,2024,4,11,Nov,45,3,0,0,9.382246879334259,27.332489451476796,83.9831223628692,4.501149425287356,6.0,0.0,5.571428571428571,11.071428571428571,10.0,0.0,0.42857142857142855
KALIMANTAN SELATAN,2024-11-11,2024,4,11,Nov,46,3,0,0,9.382246879334259,27.332489451476796,83.9831223628692,4.501149425287356,3.0,1.0,6.0,8.428571428571429,10.0,0.0,0.42857142857142855
KALIMANTAN SELATAN,2024-11-12,2024,4,11,Nov,46,5,0,0,9.382246879334259,27.332489451476796,83.9831223628692,4.501149425287356,3.0,10.0,6.285714285714286,6.857142857142857,10.0,0.0,0.42857142857142855
KALIMANTAN SELATAN,2024-11-13,2024,4,11,Nov,46,9,1,0,9.382246879334259,27.332489451476796,83.9831223628692,4.501149425287356,5.0,8.0,5.571428571428571,5.428571428571429,10.0,0.0,0.2857142857142857
KALIMANTAN SELATAN,2024-11-14,2024,4,11,Nov,46,9,1,0,9.382246879334259,27.332489451476796,83.9831223628692,4.501149425287356,9.0,10.0,5.714285714285714,4.571428571428571,10.0,1.0,0.2857142857142857
KALIMANTAN SELATAN,2024-11-15,2024,4,11,Nov,46,4,0,0,9.382246879334259,27.332489451476796,83.9831223628692,4.501149425287356,9.0,4.0,5.571428571428571,5.142857142857143,9.0,1.0,0.2857142857142857
KALIMANTAN SELATAN,2024-11-16,2024,4,11,Nov,46,2,0,0,9.382246879334259,27.332489451476796,83.9831223628692,4.501149425287356,4.0,6.0,5.571428571428571,5.428571428571429,9.0,0.0,0.2857142857142857
KALIMANTAN SELATAN,2024-11-17,2024,4,11,Nov,46,7,1,0,9.382246879334259,27.332489451476796,83.9831223628692,4.501149425287356,2.0,3.0,5.0,5.285714285714286,9.0,0.0,0.2857142857142857
KALIMANTAN SELATAN,2024-11-18,2024,4,11,Nov,47,4,0,0,9.382246879334259,27.332489451476796,83.9831223628692,4.501149425287356,7.0,3.0,5.571428571428571,5.785714285714286,9.0,1.0,0.42857142857142855
KALIMANTAN SELATAN,2024-11-19,2024,4,11,Nov,47,5,0,0,9.382246879334259,27.332489451476796,83.9831223628692,4.501149425287356,4.0,5.0,5.714285714285714,6.0,9.0,0.0,0.42857142857142855
KALIMANTAN SELATAN,2024-11-20,2024,4,11,Nov,47,0,0,0,9.382246879334259,27.332489451476796,83.9831223628692,4.501149425287356,5.0,9.0,5.714285714285714,5.642857142857143,9.0,0.0,0.42857142857142855
KALIMANTAN SELATAN,2024-11-21,2024,4,11,Nov,47,5,0,0,9.382246879334259,27.332489451476796,83.9831223628692,4.501149425287356,0.0,9.0,4.428571428571429,5.071428571428571,9.0,0.0,0.2857142857142857
KALIMANTAN SELATAN,2024-11-22,2024,4,11,Nov,47,0,0,0,9.382246879334259,27.332489451476796,83.9831223628692,4.501149425287356,5.0,4.0,3.857142857142857,4.714285714285714,7.0,0.0,0.14285714285714285
KALIMANTAN SELATAN,2024-11-23,2024,4,11,Nov,47,0,0,0,9.382246879334259,27.332489451476796,83.9831223628692,4.501149425287356,0.0,2.0,3.2857142857142856,4.428571428571429,7.0,0.0,0.14285714285714285
KALIMANTAN SELATAN,2024-11-24,2024,4,11,Nov,47,0,0,0,9.382246879334259,27.332489451476796,83.9831223628692,4.501149425287356,0.0,7.0,3.0,4.0,7.0,0.0,0.14285714285714285
KALIMANTAN SELATAN,2024-11-25,2024,4,11,Nov,48,4,0,0,9.382246879334259,27.332489451476796,83.9831223628692,4.501149425287356,0.0,4.0,2.0,3.7857142857142856,5.0,0.0,0.0
KALIMANTAN SELATAN,2024-11-26,2024,4,11,Nov,48,2,0,0,9.382246879334259,27.332489451476796,83.9831223628692,4.501149425287356,4.0,5.0,2.0,3.857142857142857,5.0,0.0,0.0
KALIMANTAN SELATAN,2024-11-27,2024,4,11,Nov,48,0,0,0,9.382246879334259,27.332489451476796,83.9831223628692,4.501149425287356,2.0,0.0,1.5714285714285714,3.642857142857143,5.0,0.0,0.0
KALIMANTAN SELATAN,2024-11-28,2024,4,11,Nov,48,1,0,0,9.382246879334259,27.332489451476796,83.9831223628692,4.501149425287356,0.0,5.0,1.5714285714285714,3.0,5.0,0.0,0.0
KALIMANTAN SELATAN,2024-11-29,2024,4,11,Nov,48,2,0,0,9.382246879334259,27.332489451476796,83.9831223628692,4.501149425287356,1.0,0.0,1.0,2.4285714285714284,4.0,0.0,0.0
KALIMANTAN SELATAN,2024-11-30,2024,4,11,Nov,48,0,0,0,9.382246879334259,27.332489451476796,83.9831223628692,4.501149425287356,2.0,0.0,1.2857142857142858,2.2857142857142856,4.0,0.0,0.0
KALIMANTAN SELATAN,2024-12-01,2024,4,12,Dec,48,0,0,0,13.261892901618928,26.779753761969904,85.98768809849521,3.320044052863436,0.0,0.0,1.2857142857142858,2.142857142857143,4.0,0.0,0.0
KALIMANTAN SELATAN,2024-12-02,2024,4,12,Dec,49,1,0,0,13.261892901618928,26.779753761969904,85.98768809849521,3.320044052863436,0.0,4.0,1.2857142857142858,1.6428571428571428,4.0,0.0,0.0
KALIMANTAN SELATAN,2024-12-03,2024,4,12,Dec,49,0,0,0,13.261892901618928,26.779753761969904,85.98768809849521,3.320044052863436,1.0,2.0,0.8571428571428571,1.4285714285714286,2.0,0.0,0.0
KALIMANTAN SELATAN,2024-12-04,2024,4,12,Dec,49,0,0,0,13.261892901618928,26.779753761969904,85.98768809849521,3.320044052863436,0.0,0.0,0.5714285714285714,1.0714285714285714,2.0,0.0,0.0
KALIMANTAN SELATAN,2024-12-05,2024,4,12,Dec,49,0,0,0,13.261892901618928,26.779753761969904,85.98768809849521,3.320044052863436,0.0,1.0,0.5714285714285714,1.0714285714285714,2.0,0.0,0.0
KALIMANTAN SELATAN,2024-12-06,2024,4,12,Dec,49,0,0,0,13.261892901618928,26.779753761969904,85.98768809849521,3.320044052863436,0.0,2.0,0.42857142857142855,0.7142857142857143,2.0,0.0,0.0
KALIMANTAN SELATAN,2024-12-07,2024,4,12,Dec,49,5,0,0,13.261892901618928,26.779753761969904,85.98768809849521,3.320044052863436,0.0,0.0,0.14285714285714285,0.7142857142857143,1.0,0.0,0.0
KALIMANTAN SELATAN,2024-12-08,2024,4,12,Dec,49,2,0,0,13.261892901618928,26.779753761969904,85.98768809849521,3.320044052863436,5.0,0.0,0.8571428571428571,1.0714285714285714,5.0,0.0,0.0
KALIMANTAN SELATAN,2024-12-09,2024,4,12,Dec,50,1,0,0,13.261892901618928,26.779753761969904,85.98768809849521,3.320044052863436,2.0,1.0,1.1428571428571428,1.2142857142857142,5.0,0.0,0.0
KALIMANTAN SELATAN,2024-12-10,2024,4,12,Dec,50,2,0,0,13.261892901618928,26.779753761969904,85.98768809849521,3.320044052863436,1.0,0.0,1.1428571428571428,1.0,5.0,0.0,0.0
KALIMANTAN SELATAN,2024-12-11,2024,4,12,Dec,50,0,0,0,13.261892901618928,26.779753761969904,85.98768809849521,3.320044052863436,2.0,0.0,1.4285714285714286,1.0,5.0,0.0,0.0
KALIMANTAN SELATAN,2024-12-12,2024,4,12,Dec,50,0,0,0,13.261892901618928,26.779753761969904,85.98768809849521,3.320044052863436,0.0,0.0,1.4285714285714286,1.0,5.0,0.0,0.0
KALIMANTAN SELATAN,2024-12-13,2024,4,12,Dec,50,4,0,0,13.261892901618928,26.779753761969904,85.98768809849521,3.320044052863436,0.0,0.0,1.4285714285714286,0.9285714285714286,5.0,0.0,0.0
KALIMANTAN SELATAN,2024-12-14,2024,4,12,Dec,50,3,0,0,13.261892901618928,26.779753761969904,85.98768809849521,3.320044052863436,4.0,5.0,2.0,1.0714285714285714,5.0,0.0,0.0
KALIMANTAN SELATAN,2024-12-15,2024,4,12,Dec,50,1,0,0,13.261892901618928,26.779753761969904,85.98768809849521,3.320044052863436,3.0,2.0,1.7142857142857142,1.2857142857142858,4.0,0.0,0.0
KALIMANTAN SELATAN,2024-12-16,2024,4,12,Dec,51,0,0,0,13.261892901618928,26.779753761969904,85.98768809849521,3.320044052863436,1.0,1.0,1.5714285714285714,1.3571428571428572,4.0,0.0,0.0
KALIMANTAN SELATAN,2024-12-17,2024,4,12,Dec,51,1,0,0,13.261892901618928,26.779753761969904,85.98768809849521,3.320044052863436,0.0,2.0,1.4285714285714286,1.2857142857142858,4.0,0.0,0.0
KALIMANTAN SELATAN,2024-12-18,2024,4,12,Dec,51,2,0,0,13.261892901618928,26.779753761969904,85.98768809849521,3.320044052863436,1.0,0.0,1.2857142857142858,1.3571428571428572,4.0,0.0,0.0
KALIMANTAN SELATAN,2024-12-19,2024,4,12,Dec,51,2,0,0,13.261892901618928,26.779753761969904,85.98768809849521,3.320044052863436,2.0,0.0,1.5714285714285714,1.5,4.0,0.0,0.0
KALIMANTAN SELATAN,2024-12-20,2024,4,12,Dec,51,2,0,0,13.261892901618928,26.779753761969904,85.98768809849521,3.320044052863436,2.0,4.0,1.8571428571428572,1.6428571428571428,4.0,0.0,0.0
KALIMANTAN SELATAN,2024-12-21,2024,4,12,Dec,51,0,0,0,13.261892901618928,26.779753761969904,85.98768809849521,3.320044052863436,2.0,3.0,1.5714285714285714,1.7857142857142858,3.0,0.0,0.0
KALIMANTAN SELATAN,2024-12-22,2024,4,12,Dec,51,0,0,0,13.261892901618928,26.779753761969904,85.98768809849521,3.320044052863436,0.0,1.0,1.1428571428571428,1.4285714285714286,2.0,0.0,0.0
KALIMANTAN SELATAN,2024-12-23,2024,4,12,Dec,52,3,0,0,13.261892901618928,26.779753761969904,85.98768809849521,3.320044052863436,0.0,0.0,1.0,1.2857142857142858,2.0,0.0,0.0
KALIMANTAN SELATAN,2024-12-24,2024,4,12,Dec,52,0,0,0,13.261892901618928,26.779753761969904,85.98768809849521,3.320044052863436,3.0,1.0,1.4285714285714286,1.4285714285714286,3.0,0.0,0.0
KALIMANTAN SELATAN,2024-12-25,2024,4,12,Dec,52,2,0,0,13.261892901618928,26.779753761969904,85.98768809849521,3.320044052863436,0.0,2.0,1.2857142857142858,1.2857142857142858,3.0,0.0,0.0
KALIMANTAN SELATAN,2024-12-26,2024,4,12,Dec,52,0,0,0,13.261892901618928,26.779753761969904,85.98768809849521,3.320044052863436,2.0,2.0,1.2857142857142858,1.4285714285714286,3.0,0.0,0.0
KALIMANTAN SELATAN,2024-12-27,2024,4,12,Dec,52,0,0,0,13.261892901618928,26.779753761969904,85.98768809849521,3.320044052863436,0.0,2.0,1.0,1.4285714285714286,3.0,0.0,0.0
KALIMANTAN SELATAN,2024-12-28,2024,4,12,Dec,52,0,0,0,13.261892901618928,26.779753761969904,85.98768809849521,3.320044052863436,0.0,0.0,0.7142857142857143,1.1428571428571428,3.0,0.0,0.0
KALIMANTAN SELATAN,2024-12-29,2024,4,12,Dec,52,0,0,0,13.261892901618928,26.779753761969904,85.98768809849521,3.320044052863436,0.0,0.0,0.7142857142857143,0.9285714285714286,3.0,0.0,0.0
KALIMANTAN SELATAN,2024-12-30,2024,4,12,Dec,1,0,0,0,13.261892901618928,26.779753761969904,85.98768809849521,3.320044052863436,0.0,3.0,0.7142857142857143,0.8571428571428571,3.0,0.0,0.0
KALIMANTAN SELATAN,2024-12-31,2024,4,12,Dec,1,3,0,0,13.261892901618928,26.779753761969904,85.98768809849521,3.320044052863436,0.0,0.0,0.2857142857142857,0.8571428571428571,2.0,0.0,0.0
KALIMANTAN SELATAN,2025-01-01,2025,1,1,Jan,1,0,0,0,12.926336375488917,26.802139037433154,85.5,3.4605110336817653,3.0,2.0,0.7142857142857143,1.0,3.0,0.0,0.0
KALIMANTAN SELATAN,2025-01-02,2025,1,1,Jan,1,0,0,0,12.926336375488917,26.802139037433154,85.5,3.4605110336817653,0.0,0.0,0.42857142857142855,0.8571428571428571,3.0,0.0,0.0
KALIMANTAN SELATAN,2025-01-03,2025,1,1,Jan,1,1,0,0,12.926336375488917,26.802139037433154,85.5,3.4605110336817653,0.0,0.0,0.42857142857142855,0.7142857142857143,3.0,0.0,0.0
KALIMANTAN SELATAN,2025-01-04,2025,1,1,Jan,1,0,0,0,12.926336375488917,26.802139037433154,85.5,3.4605110336817653,1.0,0.0,0.5714285714285714,0.6428571428571429,3.0,0.0,0.0
KALIMANTAN SELATAN,2025-01-05,2025,1,1,Jan,1,4,0,0,12.926336375488917,26.802139037433154,85.5,3.4605110336817653,0.0,0.0,0.5714285714285714,0.6428571428571429,3.0,0.0,0.0
KALIMANTAN SELATAN,2025-01-06,2025,1,1,Jan,2,3,0,0,12.926336375488917,26.802139037433154,85.5,3.4605110336817653,4.0,0.0,1.1428571428571428,0.9285714285714286,4.0,0.0,0.0
KALIMANTAN SELATAN,2025-01-07,2025,1,1,Jan,2,0,0,0,12.926336375488917,26.802139037433154,85.5,3.4605110336817653,3.0,3.0,1.5714285714285714,0.9285714285714286,4.0,0.0,0.0
KALIMANTAN SELATAN,2025-01-08,2025,1,1,Jan,2,0,0,0,12.926336375488917,26.802139037433154,85.5,3.4605110336817653,0.0,0.0,1.1428571428571428,0.9285714285714286,4.0,0.0,0.0
KALIMANTAN SELATAN,2025-01-09,2025,1,1,Jan,2,0,0,0,12.926336375488917,26.802139037433154,85.5,3.4605110336817653,0.0,0.0,1.1428571428571428,0.7857142857142857,4.0,0.0,0.0
KALIMANTAN SELATAN,2025-01-10,2025,1,1,Jan,2,1,0,0,12.926336375488917,26.802139037433154,85.5,3.4605110336817653,0.0,1.0,1.1428571428571428,0.7857142857142857,4.0,0.0,0.0
KALIMANTAN SELATAN,2025-01-11,2025,1,1,Jan,2,2,0,0,12.926336375488917,26.802139037433154,85.5,3.4605110336817653,1.0,0.0,1.1428571428571428,0.8571428571428571,4.0,0.0,0.0
KALIMANTAN SELATAN,2025-01-12,2025,1,1,Jan,2,1,0,0,12.926336375488917,26.802139037433154,85.5,3.4605110336817653,2.0,4.0,1.4285714285714286,1.0,4.0,0.0,0.0
KALIMANTAN SELATAN,2025-01-13,2025,1,1,Jan,3,0,0,0,12.926336375488917,26.802139037433154,85.5,3.4605110336817653,1.0,3.0,1.0,1.0714285714285714,3.0,0.0,0.0
KALIMANTAN SELATAN,2025-01-14,2025,1,1,Jan,3,0,0,0,12.926336375488917,26.802139037433154,85.5,3.4605110336817653,0.0,0.0,0.5714285714285714,1.0714285714285714,2.0,0.0,0.0
KALIMANTAN SELATAN,2025-01-15,2025,1,1,Jan,3,0,0,0,12.926336375488917,26.802139037433154,85.5,3.4605110336817653,0.0,0.0,0.5714285714285714,0.8571428571428571,2.0,0.0,0.0
KALIMANTAN SELATAN,2025-01-16,2025,1,1,Jan,3,0,0,0,12.926336375488917,26.802139037433154,85.5,3.4605110336817653,0.0,0.0,0.5714285714285714,0.8571428571428571,2.0,0.0,0.0
KALIMANTAN SELATAN,2025-01-17,2025,1,1,Jan,3,2,0,0,12.926336375488917,26.802139037433154,85.5,3.4605110336817653,0.0,1.0,0.5714285714285714,0.8571428571428571,2.0,0.0,0.0
KALIMANTAN SELATAN,2025-01-18,2025,1,1,Jan,3,0,0,0,12.926336375488917,26.802139037433154,85.5,3.4605110336817653,2.0,2.0,0.7142857142857143,0.9285714285714286,2.0,0.0,0.0
KALIMANTAN SELATAN,2025-01-19,2025,1,1,Jan,3,0,0,0,12.926336375488917,26.802139037433154,85.5,3.4605110336817653,0.0,1.0,0.42857142857142855,0.9285714285714286,2.0,0.0,0.0
KALIMANTAN SELATAN,2025-01-20,2025,1,1,Jan,4,0,0,0,12.926336375488917,26.802139037433154,85.5,3.4605110336817653,0.0,0.0,0.2857142857142857,0.6428571428571429,2.0,0.0,0.0
KALIMANTAN SELATAN,2025-01-21,2025,1,1,Jan,4,0,0,0,12.926336375488917,26.802139037433154,85.5,3.4605110336817653,0.0,0.0,0.2857142857142857,0.42857142857142855,2.0,0.0,0.0
KALIMANTAN SELATAN,2025-01-22,2025,1,1,Jan,4,0,0,0,12.926336375488917,26.802139037433154,85.5,3.4605110336817653,0.0,0.0,0.2857142857142857,0.42857142857142855,2.0,0.0,0.0
KALIMANTAN SELATAN,2025-01-23,2025,1,1,Jan,4,0,0,0,12.926336375488917,26.802139037433154,85.5,3.4605110336817653,0.0,0.0,0.2857142857142857,0.42857142857142855,2.0,0.0,0.0
KALIMANTAN SELATAN,2025-01-24,2025,1,1,Jan,4,0,0,0,12.926336375488917,26.802139037433154,85.5,3.4605110336817653,0.0,2.0,0.2857142857142857,0.42857142857142855,2.0,0.0,0.0
KALIMANTAN SELATAN,2025-01-25,2025,1,1,Jan,4,0,0,0,12.926336375488917,26.802139037433154,85.5,3.4605110336817653,0.0,0.0,0.0,0.35714285714285715,0.0,0.0,0.0
KALIMANTAN SELATAN,2025-01-26,2025,1,1,Jan,4,0,0,0,12.926336375488917,26.802139037433154,85.5,3.4605110336817653,0.0,0.0,0.0,0.21428571428571427,0.0,0.0,0.0
KALIMANTAN SELATAN,2025-01-27,2025,1,1,Jan,5,0,0,0,12.926336375488917,26.802139037433154,85.5,3.4605110336817653,0.0,0.0,0.0,0.14285714285714285,0.0,0.0,0.0
KALIMANTAN SELATAN,2025-01-28,2025,1,1,Jan,5,0,0,0,12.926336375488917,26.802139037433154,85.5,3.4605110336817653,0.0,0.0,0.0,0.14285714285714285,0.0,0.0,0.0
KALIMANTAN SELATAN,2025-01-29,2025,1,1,Jan,5,0,0,0,12.926336375488917,26.802139037433154,85.5,3.4605110336817653,0.0,0.0,0.0,0.14285714285714285,0.0,0.0,0.0
KALIMANTAN SELATAN,2025-01-30,2025,1,1,Jan,5,0,0,0,12.926336375488917,26.802139037433154,85.5,3.4605110336817653,0.0,0.0,0.0,0.14285714285714285,0.0,0.0,0.0
KALIMANTAN SELATAN,2025-01-31,2025,1,1,Jan,5,3,0,0,12.926336375488917,26.802139037433154,85.5,3.4605110336817653,0.0,0.0,0.0,0.14285714285714285,0.0,0.0,0.0
KALIMANTAN SELATAN,2025-02-01,2025,1,2,Feb,5,0,0,0,12.119971671388104,26.9136563876652,85.50660792951543,3.7373134328358213,3.0,0.0,0.42857142857142855,0.21428571428571427,3.0,0.0,0.0
KALIMANTAN SELATAN,2025-02-02,2025,1,2,Feb,5,1,0,0,12.119971671388104,26.9136563876652,85.50660792951543,3.7373134328358213,0.0,0.0,0.42857142857142855,0.21428571428571427,3.0,0.0,0.0
KALIMANTAN SELATAN,2025-02-03,2025,1,2,Feb,6,2,0,0,12.119971671388104,26.9136563876652,85.50660792951543,3.7373134328358213,1.0,0.0,0.5714285714285714,0.2857142857142857,3.0,0.0,0.0
KALIMANTAN SELATAN,2025-02-04,2025,1,2,Feb,6,1,0,0,12.119971671388104,26.9136563876652,85.50660792951543,3.7373134328358213,2.0,0.0,0.8571428571428571,0.42857142857142855,3.0,0.0,0.0
KALIMANTAN SELATAN,2025-02-05,2025,1,2,Feb,6,0,0,0,12.119971671388104,26.9136563876652,85.50660792951543,3.7373134328358213,1.0,0.0,1.0,0.5,3.0,0.0,0.0
KALIMANTAN SELATAN,2025-02-06,2025,1,2,Feb,6,0,0,0,12.119971671388104,26.9136563876652,85.50660792951543,3.7373134328358213,0.0,0.0,1.0,0.5,3.0,0.0,0.0
KALIMANTAN SELATAN,2025-02-07,2025,1,2,Feb,6,0,0,0,12.119971671388104,26.9136563876652,85.50660792951543,3.7373134328358213,0.0,3.0,1.0,0.5,3.0,0.0,0.0
KALIMANTAN SELATAN,2025-02-08,2025,1,2,Feb,6,2,0,0,12.119971671388104,26.9136563876652,85.50660792951543,3.7373134328358213,0.0,0.0,0.5714285714285714,0.5,2.0,0.0,0.0
KALIMANTAN SELATAN,2025-02-09,2025,1,2,Feb,6,0,0,0,12.119971671388104,26.9136563876652,85.50660792951543,3.7373134328358213,2.0,1.0,0.8571428571428571,0.6428571428571429,2.0,0.0,0.0
KALIMANTAN SELATAN,2025-02-10,2025,1,2,Feb,7,0,0,0,12.119971671388104,26.9136563876652,85.50660792951543,3.7373134328358213,0.0,2.0,0.7142857142857143,0.6428571428571429,2.0,0.0,0.0
KALIMANTAN SELATAN,2025-02-11,2025,1,2,Feb,7,0,0,0,12.119971671388104,26.9136563876652,85.50660792951543,3.7373134328358213,0.0,1.0,0.42857142857142855,0.6428571428571429,2.0,0.0,0.0
KALIMANTAN SELATAN,2025-02-12,2025,1,2,Feb,7,0,0,0,12.119971671388104,26.9136563876652,85.50660792951543,3.7373134328358213,0.0,0.0,0.2857142857142857,0.6428571428571429,2.0,0.0,0.0
KALIMANTAN SELATAN,2025-02-13,2025,1,2,Feb,7,1,0,0,12.119971671388104,26.9136563876652,85.50660792951543,3.7373134328358213,0.0,0.0,0.2857142857142857,0.6428571428571429,2.0,0.0,0.0
KALIMANTAN SELATAN,2025-02-14,2025,1,2,Feb,7,0,0,0,12.119971671388104,26.9136563876652,85.50660792951543,3.7373134328358213,1.0,0.0,0.42857142857142855,0.7142857142857143,2.0,0.0,0.0
KALIMANTAN SELATAN,2025-02-15,2025,1,2,Feb,7,3,0,0,12.119971671388104,26.9136563876652,85.50660792951543,3.7373134328358213,0.0,2.0,0.42857142857142855,0.5,2.0,0.0,0.0
KALIMANTAN SELATAN,2025-02-16,2025,1,2,Feb,7,0,0,0,12.119971671388104,26.9136563876652,85.50660792951543,3.7373134328358213,3.0,0.0,0.5714285714285714,0.7142857142857143,3.0,0.0,0.0
KALIMANTAN SELATAN,2025-02-17,2025,1,2,Feb,8,1,0,0,12.119971671388104,26.9136563876652,85.50660792951543,3.7373134328358213,0.0,0.0,0.5714285714285714,0.6428571428571429,3.0,0.0,0.0
KALIMANTAN SELATAN,2025-02-18,2025,1,2,Feb,8,1,0,0,12.119971671388104,26.9136563876652,85.50660792951543,3.7373134328358213,1.0,0.0,0.7142857142857143,0.5714285714285714,3.0,0.0,0.0
KALIMANTAN SELATAN,2025-02-19,2025,1,2,Feb,8,0,0,0,12.119971671388104,26.9136563876652,85.50660792951543,3.7373134328358213,1.0,0.0,0.8571428571428571,0.5714285714285714,3.0,0.0,0.0
KALIMANTAN SELATAN,2025-02-20,2025,1,2,Feb,8,0,0,0,12.119971671388104,26.9136563876652,85.50660792951543,3.7373134328358213,0.0,1.0,0.8571428571428571,0.5714285714285714,3.0,0.0,0.0
KALIMANTAN SELATAN,2025-02-21,2025,1,2,Feb,8,0,0,0,12.119971671388104,26.9136563876652,85.50660792951543,3.7373134328358213,0.0,0.0,0.7142857142857143,0.5714285714285714,3.0,0.0,0.0
KALIMANTAN SELATAN,2025-02-22,2025,1,2,Feb,8,0,0,0,12.119971671388104,26.9136563876652,85.50660792951543,3.7373134328358213,0.0,3.0,0.7142857142857143,0.5714285714285714,3.0,0.0,0.0
KALIMANTAN SELATAN,2025-02-23,2025,1,2,Feb,8,1,0,0,12.119971671388104,26.9136563876652,85.50660792951543,3.7373134328358213,0.0,0.0,0.2857142857142857,0.42857142857142855,1.0,0.0,0.0
KALIMANTAN SELATAN,2025-02-24,2025,1,2,Feb,9,0,0,0,12.119971671388104,26.9136563876652,85.50660792951543,3.7373134328358213,1.0,1.0,0.42857142857142855,0.5,1.0,0.0,0.0
KALIMANTAN SELATAN,2025-02-25,2025,1,2,Feb,9,0,0,0,12.119971671388104,26.9136563876652,85.50660792951543,3.7373134328358213,0.0,1.0,0.2857142857142857,0.5,1.0,0.0,0.0
KALIMANTAN SELATAN,2025-02-26,2025,1,2,Feb,9,0,0,0,12.119971671388104,26.9136563876652,85.50660792951543,3.7373134328358213,0.0,0.0,0.14285714285714285,0.5,1.0,0.0,0.0
KALIMANTAN SELATAN,2025-02-27,2025,1,2,Feb,9,1,0,0,12.119971671388104,26.9136563876652,85.50660792951543,3.7373134328358213,0.0,0.0,0.14285714285714285,0.5,1.0,0.0,0.0
KALIMANTAN SELATAN,2025-02-28,2025,1,2,Feb,9,1,0,0,12.119971671388104,26.9136563876652,85.50660792951543,3.7373134328358213,1.0,0.0,0.2857142857142857,0.5,1.0,0.0,0.0
KALIMANTAN SELATAN,2025-03-01,2025,1,3,Mar,9,0,0,0,11.4402489626556,26.94086330935252,85.9568345323741,3.9421487603305785,1.0,0.0,0.42857142857142855,0.5714285714285714,1.0,0.0,0.0
KALIMANTAN SELATAN,2025-03-02,2025,1,3,Mar,9,1,0,0,11.4402489626556,26.94086330935252,85.9568345323741,3.9421487603305785,0.0,1.0,0.42857142857142855,0.35714285714285715,1.0,0.0,0.0
KALIMANTAN SELATAN,2025-03-03,2025,1,3,Mar,10,0,0,0,11.4402489626556,26.94086330935252,85.9568345323741,3.9421487603305785,1.0,0.0,0.42857142857142855,0.42857142857142855,1.0,0.0,0.0
KALIMANTAN SELATAN,2025-03-04,2025,1,3,Mar,10,0,0,0,11.4402489626556,26.94086330935252,85.9568345323741,3.9421487603305785,0.0,0.0,0.42857142857142855,0.35714285714285715,1.0,0.0,0.0
KALIMANTAN SELATAN,2025-03-05,2025,1,3,Mar,10,1,0,0,11.4402489626556,26.94086330935252,85.9568345323741,3.9421487603305785,0.0,0.0,0.42857142857142855,0.2857142857142857,1.0,0.0,0.0
KALIMANTAN SELATAN,2025-03-06,2025,1,3,Mar,10,0,0,0,11.4402489626556,26.94086330935252,85.9568345323741,3.9421487603305785,1.0,1.0,0.5714285714285714,0.35714285714285715,1.0,0.0,0.0
KALIMANTAN SELATAN,2025-03-07,2025,1,3,Mar,10,0,0,0,11.4402489626556,26.94086330935252,85.9568345323741,3.9421487603305785,0.0,1.0,0.42857142857142855,0.35714285714285715,1.0,0.0,0.0
KALIMANTAN SELATAN,2025-03-08,2025,1,3,Mar,10,29,1,0,11.4402489626556,26.94086330935252,85.9568345323741,3.9421487603305785,0.0,0.0,0.2857142857142857,0.35714285714285715,1.0,0.0,0.0
KALIMANTAN SELATAN,2025-03-09,2025,1,3,Mar,10,1,0,0,11.4402489626556,26.94086330935252,85.9568345323741,3.9421487603305785,29.0,1.0,4.428571428571429,2.4285714285714284,29.0,1.0,0.14285714285714285
KALIMANTAN SELATAN,2025-03-10,2025,1,3,Mar,11,1,0,0,11.4402489626556,26.94086330935252,85.9568345323741,3.9421487603305785,1.0,0.0,4.428571428571429,2.4285714285714284,29.0,0.0,0.14285714285714285
KALIMANTAN SELATAN,2025-03-11,2025,1,3,Mar,11,3,0,0,11.4402489626556,26.94086330935252,85.9568345323741,3.9421487603305785,1.0,0.0,4.571428571428571,2.5,29.0,0.0,0.14285714285714285
KALIMANTAN SELATAN,2025-03-12,2025,1,3,Mar,11,0,0,0,11.4402489626556,26.94086330935252,85.9568345323741,3.9421487603305785,3.0,1.0,5.0,2.7142857142857144,29.0,0.0,0.14285714285714285
KALIMANTAN SELATAN,2025-03-13,2025,1,3,Mar,11,2,0,0,11.4402489626556,26.94086330935252,85.9568345323741,3.9421487603305785,0.0,0.0,4.857142857142857,2.7142857142857144,29.0,0.0,0.14285714285714285
KALIMANTAN SELATAN,2025-03-14,2025,1,3,Mar,11,0,0,0,11.4402489626556,26.94086330935252,85.9568345323741,3.9421487603305785,2.0,0.0,5.142857142857143,2.7857142857142856,29.0,0.0,0.14285714285714285
KALIMANTAN SELATAN,2025-03-15,2025,1,3,Mar,11,1,0,0,11.4402489626556,26.94086330935252,85.9568345323741,3.9421487603305785,0.0,29.0,5.142857142857143,2.7142857142857144,29.0,0.0,0.14285714285714285
KALIMANTAN SELATAN,2025-03-16,2025,1,3,Mar,11,0,0,0,11.4402489626556,26.94086330935252,85.9568345323741,3.9421487603305785,1.0,1.0,1.1428571428571428,2.7857142857142856,3.0,0.0,0.0
KALIMANTAN SELATAN,2025-03-17,2025,1,3,Mar,12,0,0,0,11.4402489626556,26.94086330935252,85.9568345323741,3.9421487603305785,0.0,1.0,1.0,2.7142857142857144,3.0,0.0,0.0
KALIMANTAN SELATAN,2025-03-18,2025,1,3,Mar,12,0,0,0,11.4402489626556,26.94086330935252,85.9568345323741,3.9421487603305785,0.0,3.0,0.8571428571428571,2.7142857142857144,3.0,0.0,0.0
KALIMANTAN SELATAN,2025-03-19,2025,1,3,Mar,12,0,0,0,11.4402489626556,26.94086330935252,85.9568345323741,3.9421487603305785,0.0,0.0,0.42857142857142855,2.7142857142857144,2.0,0.0,0.0
KALIMANTAN SELATAN,2025-03-20,2025,1,3,Mar,12,0,0,0,11.4402489626556,26.94086330935252,85.9568345323741,3.9421487603305785,0.0,2.0,0.42857142857142855,2.642857142857143,2.0,0.0,0.0
KALIMANTAN SELATAN,2025-03-21,2025,1,3,Mar,12,0,0,0,11.4402489626556,26.94086330935252,85.9568345323741,3.9421487603305785,0.0,0.0,0.14285714285714285,2.642857142857143,1.0,0.0,0.0
KALIMANTAN SELATAN,2025-03-22,2025,1,3,Mar,12,0,0,0,11.4402489626556,26.94086330935252,85.9568345323741,3.9421487603305785,0.0,1.0,0.14285714285714285,2.642857142857143,1.0,0.0,0.0
KALIMANTAN SELATAN,2025-03-23,2025,1,3,Mar,12,0,0,0,11.4402489626556,26.94086330935252,85.9568345323741,3.9421487603305785,0.0,0.0,0.0,0.5714285714285714,0.0,0.0,0.0
KALIMANTAN SELATAN,2025-03-24,2025,1,3,Mar,13,0,0,0,11.4402489626556,26.94086330935252,85.9568345323741,3.9421487603305785,0.0,0.0,0.0,0.5,0.0,0.0,0.0
KALIMANTAN SELATAN,2025-03-25,2025,1,3,Mar,13,0,0,0,11.4402489626556,26.94086330935252,85.9568345323741,3.9421487603305785,0.0,0.0,0.0,0.42857142857142855,0.0,0.0,0.0
KALIMANTAN SELATAN,2025-03-26,2025,1,3,Mar,13,0,0,0,11.4402489626556,26.94086330935252,85.9568345323741,3.9421487603305785,0.0,0.0,0.0,0.21428571428571427,0.0,0.0,0.0
KALIMANTAN SELATAN,2025-03-27,2025,1,3,Mar,13,1,0,0,11.4402489626556,26.94086330935252,85.9568345323741,3.9421487603305785,0.0,0.0,0.0,0.21428571428571427,0.0,0.0,0.0
KALIMANTAN SELATAN,2025-03-28,2025,1,3,Mar,13,2,0,0,11.4402489626556,26.94086330935252,85.9568345323741,3.9421487603305785,1.0,0.0,0.14285714285714285,0.14285714285714285,1.0,0.0,0.0
KALIMANTAN SELATAN,2025-03-29,2025,1,3,Mar,13,0,0,0,11.4402489626556,26.94086330935252,85.9568345323741,3.9421487603305785,2.0,0.0,0.42857142857142855,0.2857142857142857,2.0,0.0,0.0
KALIMANTAN SELATAN,2025-03-30,2025,1,3,Mar,13,0,0,0,11.4402489626556,26.94086330935252,85.9568345323741,3.9421487603305785,0.0,0.0,0.42857142857142855,0.21428571428571427,2.0,0.0,0.0
KALIMANTAN SELATAN,2025-03-31,2025,1,3,Mar,14,0,0,0,11.4402489626556,26.94086330935252,85.9568345323741,3.9421487603305785,0.0,0.0,0.42857142857142855,0.21428571428571427,2.0,0.0,0.0
KALIMANTAN SELATAN,2025-04-01,2025,2,4,Apr,14,0,0,0,9.403918722786647,27.24561933534743,85.29003021148036,4.432452830188679,0.0,0.0,0.42857142857142855,0.21428571428571427,2.0,0.0,0.0
KALIMANTAN SELATAN,2025-04-02,2025,2,4,Apr,14,1,0,0,9.403918722786647,27.24561933534743,85.29003021148036,4.432452830188679,0.0,0.0,0.42857142857142855,0.21428571428571427,2.0,0.0,0.0
KALIMANTAN SELATAN,2025-04-03,2025,2,4,Apr,14,0,0,0,9.403918722786647,27.24561933534743,85.29003021148036,4.432452830188679,1.0,1.0,0.5714285714285714,0.2857142857142857,2.0,0.0,0.0
KALIMANTAN SELATAN,2025-04-04,2025,2,4,Apr,14,1,0,0,9.403918722786647,27.24561933534743,85.29003021148036,4.432452830188679,0.0,2.0,0.42857142857142855,0.2857142857142857,2.0,0.0,0.0
KALIMANTAN SELATAN,2025-04-05,2025,2,4,Apr,14,1,0,0,9.403918722786647,27.24561933534743,85.29003021148036,4.432452830188679,1.0,0.0,0.2857142857142857,0.35714285714285715,1.0,0.0,0.0
KALIMANTAN SELATAN,2025-04-06,2025,2,4,Apr,14,0,0,0,9.403918722786647,27.24561933534743,85.29003021148036,4.432452830188679,1.0,0.0,0.42857142857142855,0.42857142857142855,1.0,0.0,0.0
KALIMANTAN SELATAN,2025-04-07,2025,2,4,Apr,15,2,0,0,9.403918722786647,27.24561933534743,85.29003021148036,4.432452830188679,0.0,0.0,0.42857142857142855,0.42857142857142855,1.0,0.0,0.0
KALIMANTAN SELATAN,2025-04-08,2025,2,4,Apr,15,1,0,0,9.403918722786647,27.24561933534743,85.29003021148036,4.432452830188679,2.0,0.0,0.7142857142857143,0.5714285714285714,2.0,0.0,0.0
KALIMANTAN SELATAN,2025-04-09,2025,2,4,Apr,15,0,0,0,9.403918722786647,27.24561933534743,85.29003021148036,4.432452830188679,1.0,1.0,0.8571428571428571,0.6428571428571429,2.0,0.0,0.0
KALIMANTAN SELATAN,2025-04-10,2025,2,4,Apr,15,0,0,0,9.403918722786647,27.24561933534743,85.29003021148036,4.432452830188679,0.0,0.0,0.7142857142857143,0.6428571428571429,2.0,0.0,0.0
KALIMANTAN SELATAN,2025-04-11,2025,2,4,Apr,15,0,0,0,9.403918722786647,27.24561933534743,85.29003021148036,4.432452830188679,0.0,1.0,0.7142857142857143,0.5714285714285714,2.0,0.0,0.0
KALIMANTAN SELATAN,2025-04-12,2025,2,4,Apr,15,1,0,0,9.403918722786647,27.24561933534743,85.29003021148036,4.432452830188679,0.0,1.0,0.5714285714285714,0.42857142857142855,2.0,0.0,0.0
KALIMANTAN SELATAN,2025-04-13,2025,2,4,Apr,15,0,0,0,9.403918722786647,27.24561933534743,85.29003021148036,4.432452830188679,1.0,0.0,0.5714285714285714,0.5,2.0,0.0,0.0
KALIMANTAN SELATAN,2025-04-14,2025,2,4,Apr,16,0,0,0,9.403918722786647,27.24561933534743,85.29003021148036,4.432452830188679,0.0,2.0,0.5714285714285714,0.5,2.0,0.0,0.0
KALIMANTAN SELATAN,2025-04-15,2025,2,4,Apr,16,0,0,0,9.403918722786647,27.24561933534743,85.29003021148036,4.432452830188679,0.0,1.0,0.2857142857142857,0.5,1.0,0.0,0.0
KALIMANTAN SELATAN,2025-04-16,2025,2,4,Apr,16,0,0,0,9.403918722786647,27.24561933534743,85.29003021148036,4.432452830188679,0.0,0.0,0.14285714285714285,0.5,1.0,0.0,0.0
KALIMANTAN SELATAN,2025-04-17,2025,2,4,Apr,16,0,0,0,9.403918722786647,27.24561933534743,85.29003021148036,4.432452830188679,0.0,0.0,0.14285714285714285,0.42857142857142855,1.0,0.0,0.0
KALIMANTAN SELATAN,2025-04-18,2025,2,4,Apr,16,0,0,0,9.403918722786647,27.24561933534743,85.29003021148036,4.432452830188679,0.0,0.0,0.14285714285714285,0.42857142857142855,1.0,0.0,0.0
KALIMANTAN SELATAN,2025-04-19,2025,2,4,Apr,16,2,0,0,9.403918722786647,27.24561933534743,85.29003021148036,4.432452830188679,0.0,1.0,0.14285714285714285,0.35714285714285715,1.0,0.0,0.0
KALIMANTAN SELATAN,2025-04-20,2025,2,4,Apr,16,1,0,0,9.403918722786647,27.24561933534743,85.29003021148036,4.432452830188679,2.0,0.0,0.2857142857142857,0.42857142857142855,2.0,0.0,0.0
KALIMANTAN SELATAN,2025-04-21,2025,2,4,Apr,17,0,0,0,9.403918722786647,27.24561933534743,85.29003021148036,4.432452830188679,1.0,0.0,0.42857142857142855,0.5,2.0,0.0,0.0
KALIMANTAN SELATAN,2025-04-22,2025,2,4,Apr,17,1,0,0,9.403918722786647,27.24561933534743,85.29003021148036,4.432452830188679,0.0,0.0,0.42857142857142855,0.35714285714285715,2.0,0.0,0.0
KALIMANTAN SELATAN,2025-04-23,2025,2,4,Apr,17,0,0,0,9.403918722786647,27.24561933534743,85.29003021148036,4.432452830188679,1.0,0.0,0.5714285714285714,0.35714285714285715,2.0,0.0,0.0
KALIMANTAN SELATAN,2025-04-24,2025,2,4,Apr,17,0,0,0,9.403918722786647,27.24561933534743,85.29003021148036,4.432452830188679,0.0,0.0,0.5714285714285714,0.35714285714285715,2.0,0.0,0.0
KALIMANTAN SELATAN,2025-04-25,2025,2,4,Apr,17,0,0,0,9.403918722786647,27.24561933534743,85.29003021148036,4.432452830188679,0.0,0.0,0.5714285714285714,0.35714285714285715,2.0,0.0,0.0
KALIMANTAN SELATAN,2025-04-26,2025,2,4,Apr,17,0,0,0,9.403918722786647,27.24561933534743,85.29003021148036,4.432452830188679,0.0,2.0,0.5714285714285714,0.35714285714285715,2.0,0.0,0.0
KALIMANTAN SELATAN,2025-04-27,2025,2,4,Apr,17,2,0,0,9.403918722786647,27.24561933534743,85.29003021148036,4.432452830188679,0.0,1.0,0.2857142857142857,0.2857142857142857,1.0,0.0,0.0
KALIMANTAN SELATAN,2025-04-28,2025,2,4,Apr,18,1,0,0,9.403918722786647,27.24561933534743,85.29003021148036,4.432452830188679,2.0,0.0,0.42857142857142855,0.42857142857142855,2.0,0.0,0.0
KALIMANTAN SELATAN,2025-04-29,2025,2,4,Apr,18,1,0,0,9.403918722786647,27.24561933534743,85.29003021148036,4.432452830188679,1.0,1.0,0.5714285714285714,0.5,2.0,0.0,0.0
KALIMANTAN SELATAN,2025-04-30,2025,2,4,Apr,18,2,0,0,9.403918722786647,27.24561933534743,85.29003021148036,4.432452830188679,1.0,0.0,0.5714285714285714,0.5714285714285714,2.0,0.0,0.0
KALIMANTAN SELATAN,2025-05-01,2025,2,5,May,18,3,0,0,7.914890282131661,27.553576642335766,84.84963503649635,4.848058252427185,2.0,0.0,0.8571428571428571,0.7142857142857143,2.0,0.0,0.0
KALIMANTAN SELATAN,2025-05-02,2025,2,5,May,18,2,0,0,7.914890282131661,27.553576642335766,84.84963503649635,4.848058252427185,3.0,0.0,1.2857142857142858,0.9285714285714286,3.0,0.0,0.0
KALIMANTAN SELATAN,2025-05-03,2025,2,5,May,18,1,0,0,7.914890282131661,27.553576642335766,84.84963503649635,4.848058252427185,2.0,0.0,1.5714285714285714,1.0714285714285714,3.0,0.0,0.0
KALIMANTAN SELATAN,2025-05-04,2025,2,5,May,18,3,0,0,7.914890282131661,27.553576642335766,84.84963503649635,4.848058252427185,1.0,2.0,1.7142857142857142,1.0,3.0,0.0,0.0
KALIMANTAN SELATAN,2025-05-05,2025,2,5,May,19,4,0,0,7.914890282131661,27.553576642335766,84.84963503649635,4.848058252427185,3.0,1.0,1.8571428571428572,1.1428571428571428,3.0,0.0,0.0
KALIMANTAN SELATAN,2025-05-06,2025,2,5,May,19,2,0,0,7.914890282131661,27.553576642335766,84.84963503649635,4.848058252427185,4.0,1.0,2.2857142857142856,1.4285714285714286,4.0,0.0,0.0
KALIMANTAN SELATAN,2025-05-07,2025,2,5,May,19,1,0,0,7.914890282131661,27.553576642335766,84.84963503649635,4.848058252427185,2.0,2.0,2.4285714285714284,1.5,4.0,0.0,0.0
KALIMANTAN SELATAN,2025-05-08,2025,2,5,May,19,0,0,0,7.914890282131661,27.553576642335766,84.84963503649635,4.848058252427185,1.0,3.0,2.2857142857142856,1.5714285714285714,4.0,0.0,0.0
KALIMANTAN SELATAN,2025-05-09,2025,2,5,May,19,0,0,0,7.914890282131661,27.553576642335766,84.84963503649635,4.848058252427185,0.0,2.0,1.8571428571428572,1.5714285714285714,4.0,0.0,0.0
KALIMANTAN SELATAN,2025-05-10,2025,2,5,May,19,0,0,0,7.914890282131661,27.553576642335766,84.84963503649635,4.848058252427185,0.0,1.0,1.5714285714285714,1.5714285714285714,4.0,0.0,0.0
KALIMANTAN SELATAN,2025-05-11,2025,2,5,May,19,1,0,0,7.914890282131661,27.553576642335766,84.84963503649635,4.848058252427185,0.0,3.0,1.4285714285714286,1.5714285714285714,4.0,0.0,0.0
KALIMANTAN SELATAN,2025-05-12,2025,2,5,May,20,1,0,0,7.914890282131661,27.553576642335766,84.84963503649635,4.848058252427185,1.0,4.0,1.1428571428571428,1.5,4.0,0.0,0.0
KALIMANTAN SELATAN,2025-05-13,2025,2,5,May,20,0,0,0,7.914890282131661,27.553576642335766,84.84963503649635,4.848058252427185,1.0,2.0,0.7142857142857143,1.5,2.0,0.0,0.0
KALIMANTAN SELATAN,2025-05-14,2025,2,5,May,20,0,0,0,7.914890282131661,27.553576642335766,84.84963503649635,4.848058252427185,0.0,1.0,0.42857142857142855,1.4285714285714286,1.0,0.0,0.0
KALIMANTAN SELATAN,2025-05-15,2025,2,5,May,20,0,0,0,7.914890282131661,27.553576642335766,84.84963503649635,4.848058252427185,0.0,0.0,0.2857142857142857,1.2857142857142858,1.0,0.0,0.0
KALIMANTAN SELATAN,2025-05-16,2025,2,5,May,20,2,0,0,7.914890282131661,27.553576642335766,84.84963503649635,4.848058252427185,0.0,0.0,0.2857142857142857,1.0714285714285714,1.0,0.0,0.0
KALIMANTAN SELATAN,2025-05-17,2025,2,5,May,20,0,0,0,7.914890282131661,27.553576642335766,84.84963503649635,4.848058252427185,2.0,0.0,0.5714285714285714,1.0714285714285714,2.0,0.0,0.0
KALIMANTAN SELATAN,2025-05-18,2025,2,5,May,20,0,0,0,7.914890282131661,27.553576642335766,84.84963503649635,4.848058252427185,0.0,1.0,0.5714285714285714,1.0,2.0,0.0,0.0
KALIMANTAN SELATAN,2025-05-19,2025,2,5,May,21,0,0,0,7.914890282131661,27.553576642335766,84.84963503649635,4.848058252427185,0.0,1.0,0.42857142857142855,0.7857142857142857,2.0,0.0,0.0
KALIMANTAN SELATAN,2025-05-20,2025,2,5,May,21,0,0,0,7.914890282131661,27.553576642335766,84.84963503649635,4.848058252427185,0.0,0.0,0.2857142857142857,0.5,2.0,0.0,0.0
KALIMANTAN SELATAN,2025-05-21,2025,2,5,May,21,0,0,0,7.914890282131661,27.553576642335766,84.84963503649635,4.848058252427185,0.0,0.0,0.2857142857142857,0.35714285714285715,2.0,0.0,0.0
KALIMANTAN SELATAN,2025-05-22,2025,2,5,May,21,0,0,0,7.914890282131661,27.553576642335766,84.84963503649635,4.848058252427185,0.0,0.0,0.2857142857142857,0.2857142857142857,2.0,0.0,0.0
KALIMANTAN SELATAN,2025-05-23,2025,2,5,May,21,0,0,0,7.914890282131661,27.553576642335766,84.84963503649635,4.848058252427185,0.0,2.0,0.2857142857142857,0.2857142857142857,2.0,0.0,0.0
KALIMANTAN SELATAN,2025-05-24,2025,2,5,May,21,0,0,0,7.914890282131661,27.553576642335766,84.84963503649635,4.848058252427185,0.0,0.0,0.0,0.2857142857142857,0.0,0.0,0.0
KALIMANTAN SELATAN,2025-05-25,2025,2,5,May,21,0,0,0,7.914890282131661,27.553576642335766,84.84963503649635,4.848058252427185,0.0,0.0,0.0,0.2857142857142857,0.0,0.0,0.0
KALIMANTAN SELATAN,2025-05-26,2025,2,5,May,22,2,0,0,7.914890282131661,27.553576642335766,84.84963503649635,4.848058252427185,0.0,0.0,0.0,0.21428571428571427,0.0,0.0,0.0
KALIMANTAN SELATAN,2025-05-27,2025,2,5,May,22,0,0,0,7.914890282131661,27.553576642335766,84.84963503649635,4.848058252427185,2.0,0.0,0.2857142857142857,0.2857142857142857,2.0,0.0,0.0
KALIMANTAN SELATAN,2025-05-28,2025,2,5,May,22,1,0,0,7.914890282131661,27.553576642335766,84.84963503649635,4.848058252427185,0.0,0.0,0.2857142857142857,0.2857142857142857,2.0,0.0,0.0
KALIMANTAN SELATAN,2025-05-29,2025,2,5,May,22,2,0,0,7.914890282131661,27.553576642335766,84.84963503649635,4.848058252427185,1.0,0.0,0.42857142857142855,0.35714285714285715,2.0,0.0,0.0
KALIMANTAN SELATAN,2025-05-30,2025,2,5,May,22,0,0,0,7.914890282131661,27.553576642335766,84.84963503649635,4.848058252427185,2.0,0.0,0.7142857142857143,0.5,2.0,0.0,0.0
KALIMANTAN SELATAN,2025-05-31,2025,2,5,May,22,0,0,0,7.914890282131661,27.553576642335766,84.84963503649635,4.848058252427185,0.0,0.0,0.7142857142857143,0.35714285714285715,2.0,0.0,0.0
KALIMANTAN SELATAN,2025-06-01,2025,2,6,Jun,22,0,0,0,9.138855421686747,26.91762048192771,85.07981927710843,4.200942285041225,0.0,0.0,0.7142857142857143,0.35714285714285715,2.0,0.0,0.0
KALIMANTAN SELATAN,2025-06-02,2025,2,6,Jun,23,0,0,0,9.138855421686747,26.91762048192771,85.07981927710843,4.200942285041225,0.0,2.0,0.7142857142857143,0.35714285714285715,2.0,0.0,0.0
KALIMANTAN SELATAN,2025-06-03,2025,2,6,Jun,23,0,0,0,9.138855421686747,26.91762048192771,85.07981927710843,4.200942285041225,0.0,0.0,0.42857142857142855,0.35714285714285715,2.0,0.0,0.0
KALIMANTAN SELATAN,2025-06-04,2025,2,6,Jun,23,2,0,0,9.138855421686747,26.91762048192771,85.07981927710843,4.200942285041225,0.0,1.0,0.42857142857142855,0.35714285714285715,2.0,0.0,0.0
KALIMANTAN SELATAN,2025-06-05,2025,2,6,Jun,23,0,0,0,9.138855421686747,26.91762048192771,85.07981927710843,4.200942285041225,2.0,2.0,0.5714285714285714,0.5,2.0,0.0,0.0
KALIMANTAN SELATAN,2025-06-06,2025,2,6,Jun,23,6,0,0,9.138855421686747,26.91762048192771,85.07981927710843,4.200942285041225,0.0,0.0,0.2857142857142857,0.5,2.0,0.0,0.0
KALIMANTAN SELATAN,2025-06-07,2025,2,6,Jun,23,3,0,0,9.138855421686747,26.91762048192771,85.07981927710843,4.200942285041225,6.0,0.0,1.1428571428571428,0.9285714285714286,6.0,0.0,0.0
KALIMANTAN SELATAN,2025-06-08,2025,2,6,Jun,23,0,0,0,9.138855421686747,26.91762048192771,85.07981927710843,4.200942285041225,3.0,0.0,1.5714285714285714,1.1428571428571428,6.0,0.0,0.0
KALIMANTAN SELATAN,2025-06-09,2025,2,6,Jun,24,1,0,0,9.138855421686747,26.91762048192771,85.07981927710843,4.200942285041225,0.0,0.0,1.5714285714285714,1.1428571428571428,6.0,0.0,0.0
KALIMANTAN SELATAN,2025-06-10,2025,2,6,Jun,24,0,0,0,9.138855421686747,26.91762048192771,85.07981927710843,4.200942285041225,1.0,0.0,1.7142857142857142,1.0714285714285714,6.0,0.0,0.0
KALIMANTAN SELATAN,2025-06-11,2025,2,6,Jun,24,0,0,0,9.138855421686747,26.91762048192771,85.07981927710843,4.200942285041225,0.0,2.0,1.7142857142857142,1.0714285714285714,6.0,0.0,0.0
KALIMANTAN SELATAN,2025-06-12,2025,2,6,Jun,24,9,1,0,9.138855421686747,26.91762048192771,85.07981927710843,4.200942285041225,0.0,0.0,1.4285714285714286,1.0,6.0,0.0,0.0
KALIMANTAN SELATAN,2025-06-13,2025,2,6,Jun,24,3,0,0,9.138855421686747,26.91762048192771,85.07981927710843,4.200942285041225,9.0,6.0,2.7142857142857144,1.5,9.0,1.0,0.14285714285714285
KALIMANTAN SELATAN,2025-06-14,2025,2,6,Jun,24,2,0,0,9.138855421686747,26.91762048192771,85.07981927710843,4.200942285041225,3.0,3.0,2.2857142857142856,1.7142857142857142,9.0,0.0,0.14285714285714285
KALIMANTAN SELATAN,2025-06-15,2025,2,6,Jun,24,1,0,0,9.138855421686747,26.91762048192771,85.07981927710843,4.200942285041225,2.0,0.0,2.142857142857143,1.8571428571428572,9.0,0.0,0.14285714285714285
KALIMANTAN SELATAN,2025-06-16,2025,2,6,Jun,25,1,0,0,9.138855421686747,26.91762048192771,85.07981927710843,4.200942285041225,1.0,1.0,2.2857142857142856,1.9285714285714286,9.0,0.0,0.14285714285714285
KALIMANTAN SELATAN,2025-06-17,2025,2,6,Jun,25,2,0,0,9.138855421686747,26.91762048192771,85.07981927710843,4.200942285041225,1.0,0.0,2.2857142857142856,2.0,9.0,0.0,0.14285714285714285
KALIMANTAN SELATAN,2025-06-18,2025,2,6,Jun,25,1,0,0,9.138855421686747,26.91762048192771,85.07981927710843,4.200942285041225,2.0,0.0,2.5714285714285716,2.142857142857143,9.0,0.0,0.14285714285714285
KALIMANTAN SELATAN,2025-06-19,2025,2,6,Jun,25,0,0,0,9.138855421686747,26.91762048192771,85.07981927710843,4.200942285041225,1.0,9.0,2.7142857142857144,2.0714285714285716,9.0,0.0,0.14285714285714285
KALIMANTAN SELATAN,2025-06-20,2025,2,6,Jun,25,0,0,0,9.138855421686747,26.91762048192771,85.07981927710843,4.200942285041225,0.0,3.0,1.4285714285714286,2.0714285714285716,3.0,0.0,0.0
KALIMANTAN SELATAN,2025-06-21,2025,2,6,Jun,25,1,0,0,9.138855421686747,26.91762048192771,85.07981927710843,4.200942285041225,0.0,2.0,1.0,1.6428571428571428,2.0,0.0,0.0
KALIMANTAN SELATAN,2025-06-22,2025,2,6,Jun,25,0,0,0,9.138855421686747,26.91762048192771,85.07981927710843,4.200942285041225,1.0,1.0,0.8571428571428571,1.5,2.0,0.0,0.0
KALIMANTAN SELATAN,2025-06-23,2025,2,6,Jun,26,0,0,0,9.138855421686747,26.91762048192771,85.07981927710843,4.200942285041225,0.0,1.0,0.7142857142857143,1.5,2.0,0.0,0.0
KALIMANTAN SELATAN,2025-06-24,2025,2,6,Jun,26,0,0,0,9.138855421686747,26.91762048192771,85.07981927710843,4.200942285041225,0.0,2.0,0.5714285714285714,1.4285714285714286,2.0,0.0,0.0
KALIMANTAN SELATAN,2025-06-25,2025,2,6,Jun,26,0,0,0,9.138855421686747,26.91762048192771,85.07981927710843,4.200942285041225,0.0,1.0,0.2857142857142857,1.4285714285714286,1.0,0.0,0.0
KALIMANTAN SELATAN,2025-06-26,2025,2,6,Jun,26,0,0,0,9.138855421686747,26.91762048192771,85.07981927710843,4.200942285041225,0.0,0.0,0.14285714285714285,1.4285714285714286,1.0,0.0,0.0
KALIMANTAN SELATAN,2025-06-27,2025,2,6,Jun,26,0,0,0,9.138855421686747,26.91762048192771,85.07981927710843,4.200942285041225,0.0,0.0,0.14285714285714285,0.7857142857142857,1.0,0.0,0.0
KALIMANTAN SELATAN,2025-06-28,2025,2,6,Jun,26,0,0,0,9.138855421686747,26.91762048192771,85.07981927710843,4.200942285041225,0.0,1.0,0.14285714285714285,0.5714285714285714,1.0,0.0,0.0
KALIMANTAN SELATAN,2025-06-29,2025,2,6,Jun,26,5,0,0,9.138855421686747,26.91762048192771,85.07981927710843,4.200942285041225,0.0,0.0,0.0,0.42857142857142855,0.0,0.0,0.0
KALIMANTAN SELATAN,2025-06-30,2025,2,6,Jun,27,2,0,0,9.138855421686747,26.91762048192771,85.07981927710843,4.200942285041225,5.0,0.0,0.7142857142857143,0.7142857142857143,5.0,0.0,0.0
KALIMANTAN SELATAN,2025-07-01,2025,3,7,Jul,27,3,0,1,6.205327245053272,26.3998585572843,83.8953323903819,5.0563736263736265,2.0,0.0,1.0,0.7857142857142857,5.0,0.0,0.0
KALIMANTAN SELATAN,2025-07-02,2025,3,7,Jul,27,3,0,1,6.205327245053272,26.3998585572843,83.8953323903819,5.0563736263736265,3.0,0.0,1.4285714285714286,0.8571428571428571,5.0,0.0,0.0
KALIMANTAN SELATAN,2025-07-03,2025,3,7,Jul,27,8,1,1,6.205327245053272,26.3998585572843,83.8953323903819,5.0563736263736265,3.0,0.0,1.8571428571428572,1.0,5.0,0.0,0.0
KALIMANTAN SELATAN,2025-07-04,2025,3,7,Jul,27,1,0,1,6.205327245053272,26.3998585572843,83.8953323903819,5.0563736263736265,8.0,0.0,3.0,1.5714285714285714,8.0,1.0,0.14285714285714285
KALIMANTAN SELATAN,2025-07-05,2025,3,7,Jul,27,0,0,1,6.205327245053272,26.3998585572843,83.8953323903819,5.0563736263736265,1.0,0.0,3.142857142857143,1.6428571428571428,8.0,0.0,0.14285714285714285
KALIMANTAN SELATAN,2025-07-06,2025,3,7,Jul,27,0,0,1,6.205327245053272,26.3998585572843,83.8953323903819,5.0563736263736265,0.0,5.0,3.142857142857143,1.5714285714285714,8.0,0.0,0.14285714285714285
KALIMANTAN SELATAN,2025-07-07,2025,3,7,Jul,28,0,0,1,6.205327245053272,26.3998585572843,83.8953323903819,5.0563736263736265,0.0,2.0,2.4285714285714284,1.5714285714285714,8.0,0.0,0.14285714285714285
KALIMANTAN SELATAN,2025-07-08,2025,3,7,Jul,28,3,0,1,6.205327245053272,26.3998585572843,83.8953323903819,5.0563736263736265,0.0,3.0,2.142857142857143,1.5714285714285714,8.0,0.0,0.14285714285714285
KALIMANTAN SELATAN,2025-07-09,2025,3,7,Jul,28,3,0,1,6.205327245053272,26.3998585572843,83.8953323903819,5.0563736263736265,3.0,3.0,2.142857142857143,1.7857142857142858,8.0,0.0,0.14285714285714285
KALIMANTAN SELATAN,2025-07-10,2025,3,7,Jul,28,0,0,1,6.205327245053272,26.3998585572843,83.8953323903819,5.0563736263736265,3.0,8.0,2.142857142857143,2.0,8.0,0.0,0.14285714285714285
KALIMANTAN SELATAN,2025-07-11,2025,3,7,Jul,28,1,0,1,6.205327245053272,26.3998585572843,83.8953323903819,5.0563736263736265,0.0,1.0,1.0,2.0,3.0,0.0,0.0
KALIMANTAN SELATAN,2025-07-12,2025,3,7,Jul,28,4,0,1,6.205327245053272,26.3998585572843,83.8953323903819,5.0563736263736265,1.0,0.0,1.0,2.0714285714285716,3.0,0.0,0.0
KALIMANTAN SELATAN,2025-07-13,2025,3,7,Jul,28,2,0,1,6.205327245053272,26.3998585572843,83.8953323903819,5.0563736263736265,4.0,0.0,1.5714285714285714,2.357142857142857,4.0,0.0,0.0
KALIMANTAN SELATAN,2025-07-14,2025,3,7,Jul,29,0,0,1,6.205327245053272,26.3998585572843,83.8953323903819,5.0563736263736265,2.0,0.0,1.8571428571428572,2.142857142857143,4.0,0.0,0.0
KALIMANTAN SELATAN,2025-07-15,2025,3,7,Jul,29,0,0,1,6.205327245053272,26.3998585572843,83.8953323903819,5.0563736263736265,0.0,3.0,1.8571428571428572,2.0,4.0,0.0,0.0
KALIMANTAN SELATAN,2025-07-16,2025,3,7,Jul,29,0,0,1,6.205327245053272,26.3998585572843,83.8953323903819,5.0563736263736265,0.0,3.0,1.4285714285714286,1.7857142857142858,4.0,0.0,0.0
KALIMANTAN SELATAN,2025-07-17,2025,3,7,Jul,29,1,0,1,6.205327245053272,26.3998585572843,83.8953323903819,5.0563736263736265,0.0,0.0,1.0,1.5714285714285714,4.0,0.0,0.0
KALIMANTAN SELATAN,2025-07-18,2025,3,7,Jul,29,8,1,1,6.205327245053272,26.3998585572843,83.8953323903819,5.0563736263736265,1.0,1.0,1.1428571428571428,1.0714285714285714,4.0,0.0,0.0
KALIMANTAN SELATAN,2025-07-19,2025,3,7,Jul,29,34,1,1,6.205327245053272,26.3998585572843,83.8953323903819,5.0563736263736265,8.0,4.0,2.142857142857143,1.5714285714285714,8.0,1.0,0.14285714285714285
KALIMANTAN SELATAN,2025-07-20,2025,3,7,Jul,29,13,1,1,6.205327245053272,26.3998585572843,83.8953323903819,5.0563736263736265,34.0,2.0,6.428571428571429,4.0,34.0,1.0,0.2857142857142857
KALIMANTAN SELATAN,2025-07-21,2025,3,7,Jul,30,10,1,1,6.205327245053272,26.3998585572843,83.8953323903819,5.0563736263736265,13.0,0.0,8.0,4.928571428571429,34.0,1.0,0.42857142857142855
KALIMANTAN SELATAN,2025-07-22,2025,3,7,Jul,30,6,0,1,6.205327245053272,26.3998585572843,83.8953323903819,5.0563736263736265,10.0,0.0,9.428571428571429,5.642857142857143,34.0,1.0,0.5714285714285714
KALIMANTAN SELATAN,2025-07-23,2025,3,7,Jul,30,4,0,1,6.205327245053272,26.3998585572843,83.8953323903819,5.0563736263736265,6.0,0.0,10.285714285714286,5.857142857142857,34.0,0.0,0.5714285714285714
KALIMANTAN SELATAN,2025-07-24,2025,3,7,Jul,30,20,1,1,6.205327245053272,26.3998585572843,83.8953323903819,5.0563736263736265,4.0,1.0,10.857142857142858,5.928571428571429,34.0,0.0,0.5714285714285714
KALIMANTAN SELATAN,2025-07-25,2025,3,7,Jul,30,18,1,1,6.205327245053272,26.3998585572843,83.8953323903819,5.0563736263736265,20.0,8.0,13.571428571428571,7.357142857142857,34.0,1.0,0.7142857142857143
KALIMANTAN SELATAN,2025-07-26,2025,3,7,Jul,30,17,1,1,6.205327245053272,26.3998585572843,83.8953323903819,5.0563736263736265,18.0,34.0,15.0,8.571428571428571,34.0,1.0,0.7142857142857143
KALIMANTAN SELATAN,2025-07-27,2025,3,7,Jul,30,14,1,1,6.205327245053272,26.3998585572843,83.8953323903819,5.0563736263736265,17.0,13.0,12.571428571428571,9.5,20.0,1.0,0.7142857142857143
KALIMANTAN SELATAN,2025-07-28,2025,3,7,Jul,31,40,1,1,6.205327245053272,26.3998585572843,83.8953323903819,5.0563736263736265,14.0,10.0,12.714285714285714,10.357142857142858,20.0,1.0,0.7142857142857143
KALIMANTAN SELATAN,2025-07-29,2025,3,7,Jul,31,74,1,1,6.205327245053272,26.3998585572843,83.8953323903819,5.0563736263736265,40.0,6.0,17.0,13.214285714285714,40.0,1.0,0.7142857142857143
KALIMANTAN SELATAN,2025-07-30,2025,3,7,Jul,31,67,1,1,6.205327245053272,26.3998585572843,83.8953323903819,5.0563736263736265,74.0,4.0,26.714285714285715,18.5,74.0,1.0,0.8571428571428571
KALIMANTAN SELATAN,2025-07-31,2025,3,7,Jul,31,9,1,1,6.205327245053272,26.3998585572843,83.8953323903819,5.0563736263736265,67.0,20.0,35.714285714285715,23.285714285714285,74.0,1.0,1.0
KALIMANTAN SELATAN,2025-08-01,2025,3,8,Aug,31,5,0,1,4.351246105919003,26.704149933065597,80.49531459170014,5.599781420765027,9.0,18.0,34.142857142857146,23.857142857142858,74.0,1.0,1.0
KALIMANTAN SELATAN,2025-08-02,2025,3,8,Aug,31,0,0,1,4.351246105919003,26.704149933065597,80.49531459170014,5.599781420765027,5.0,17.0,32.285714285714285,23.642857142857142,74.0,0.0,0.8571428571428571
KALIMANTAN SELATAN,2025-08-03,2025,3,8,Aug,31,0,0,1,4.351246105919003,26.704149933065597,80.49531459170014,5.599781420765027,0.0,14.0,29.857142857142858,21.214285714285715,74.0,0.0,0.7142857142857143
KALIMANTAN SELATAN,2025-08-04,2025,3,8,Aug,32,4,0,1,4.351246105919003,26.704149933065597,80.49531459170014,5.599781420765027,0.0,40.0,27.857142857142858,20.285714285714285,74.0,0.0,0.5714285714285714
KALIMANTAN SELATAN,2025-08-05,2025,3,8,Aug,32,0,0,1,4.351246105919003,26.704149933065597,80.49531459170014,5.599781420765027,4.0,74.0,22.714285714285715,19.857142857142858,74.0,0.0,0.42857142857142855
KALIMANTAN SELATAN,2025-08-06,2025,3,8,Aug,32,5,0,1,4.351246105919003,26.704149933065597,80.49531459170014,5.599781420765027,0.0,67.0,12.142857142857142,19.428571428571427,67.0,0.0,0.2857142857142857
KALIMANTAN SELATAN,2025-08-07,2025,3,8,Aug,32,10,1,1,4.351246105919003,26.704149933065597,80.49531459170014,5.599781420765027,5.0,9.0,3.2857142857142856,19.5,9.0,0.0,0.14285714285714285
KALIMANTAN SELATAN,2025-08-08,2025,3,8,Aug,32,2,0,1,4.351246105919003,26.704149933065597,80.49531459170014,5.599781420765027,10.0,5.0,3.4285714285714284,18.785714285714285,10.0,1.0,0.14285714285714285
KALIMANTAN SELATAN,2025-08-09,2025,3,8,Aug,32,0,0,1,4.351246105919003,26.704149933065597,80.49531459170014,5.599781420765027,2.0,0.0,3.0,17.642857142857142,10.0,0.0,0.14285714285714285
KALIMANTAN SELATAN,2025-08-10,2025,3,8,Aug,32,4,0,1,4.351246105919003,26.704149933065597,80.49531459170014,5.599781420765027,0.0,0.0,3.0,16.428571428571427,10.0,0.0,0.14285714285714285
KALIMANTAN SELATAN,2025-08-11,2025,3,8,Aug,33,1,0,1,4.351246105919003,26.704149933065597,80.49531459170014,5.599781420765027,4.0,4.0,3.5714285714285716,15.714285714285714,10.0,0.0,0.14285714285714285
KALIMANTAN SELATAN,2025-08-12,2025,3,8,Aug,33,0,0,1,4.351246105919003,26.704149933065597,80.49531459170014,5.599781420765027,1.0,0.0,3.142857142857143,12.928571428571429,10.0,0.0,0.14285714285714285
KALIMANTAN SELATAN,2025-08-13,2025,3,8,Aug,33,1,0,1,4.351246105919003,26.704149933065597,80.49531459170014,5.599781420765027,0.0,5.0,3.142857142857143,7.642857142857143,10.0,0.0,0.14285714285714285
KALIMANTAN SELATAN,2025-08-14,2025,3,8,Aug,33,12,1,1,4.351246105919003,26.704149933065597,80.49531459170014,5.599781420765027,1.0,10.0,2.5714285714285716,2.9285714285714284,10.0,0.0,0.14285714285714285
KALIMANTAN SELATAN,2025-08-15,2025,3,8,Aug,33,0,0,1,4.351246105919003,26.704149933065597,80.49531459170014,5.599781420765027,12.0,2.0,2.857142857142857,3.142857142857143,12.0,1.0,0.14285714285714285
KALIMANTAN SELATAN,2025-08-16,2025,3,8,Aug,33,5,0,1,4.351246105919003,26.704149933065597,80.49531459170014,5.599781420765027,0.0,0.0,2.5714285714285716,2.7857142857142856,12.0,0.0,0.14285714285714285
KALIMANTAN SELATAN,2025-08-17,2025,3,8,Aug,33,2,0,1,4.351246105919003,26.704149933065597,80.49531459170014,5.599781420765027,5.0,4.0,3.2857142857142856,3.142857142857143,12.0,0.0,0.14285714285714285
KALIMANTAN SELATAN,2025-08-18,2025,3,8,Aug,34,7,1,1,4.351246105919003,26.704149933065597,80.49531459170014,5.599781420765027,2.0,1.0,3.0,3.2857142857142856,12.0,0.0,0.14285714285714285
KALIMANTAN SELATAN,2025-08-19,2025,3,8,Aug,34,11,1,1,4.351246105919003,26.704149933065597,80.49531459170014,5.599781420765027,7.0,0.0,3.857142857142857,3.5,12.0,1.0,0.2857142857142857
KALIMANTAN SELATAN,2025-08-20,2025,3,8,Aug,34,1,0,1,4.351246105919003,26.704149933065597,80.49531459170014,5.599781420765027,11.0,1.0,5.428571428571429,4.285714285714286,12.0,1.0,0.42857142857142855
KALIMANTAN SELATAN,2025-08-21,2025,3,8,Aug,34,0,0,1,4.351246105919003,26.704149933065597,80.49531459170014,5.599781420765027,1.0,12.0,5.428571428571429,4.0,12.0,0.0,0.42857142857142855
KALIMANTAN SELATAN,2025-08-22,2025,3,8,Aug,34,2,0,1,4.351246105919003,26.704149933065597,80.49531459170014,5.599781420765027,0.0,0.0,3.7142857142857144,3.2857142857142856,11.0,0.0,0.2857142857142857
KALIMANTAN SELATAN,2025-08-23,2025,3,8,Aug,34,4,0,1,4.351246105919003,26.704149933065597,80.49531459170014,5.599781420765027,2.0,5.0,4.0,3.2857142857142856,11.0,0.0,0.2857142857142857
KALIMANTAN SELATAN,2025-08-24,2025,3,8,Aug,34,2,0,1,4.351246105919003,26.704149933065597,80.49531459170014,5.599781420765027,4.0,2.0,3.857142857142857,3.5714285714285716,11.0,0.0,0.2857142857142857
KALIMANTAN SELATAN,2025-08-25,2025,3,8,Aug,35,23,1,1,4.351246105919003,26.704149933065597,80.49531459170014,5.599781420765027,2.0,7.0,3.857142857142857,3.4285714285714284,11.0,0.0,0.2857142857142857
KALIMANTAN SELATAN,2025-08-26,2025,3,8,Aug,35,0,0,1,4.351246105919003,26.704149933065597,80.49531459170014,5.599781420765027,23.0,11.0,6.142857142857143,5.0,23.0,1.0,0.2857142857142857
KALIMANTAN SELATAN,2025-08-27,2025,3,8,Aug,35,0,0,1,4.351246105919003,26.704149933065597,80.49531459170014,5.599781420765027,0.0,1.0,4.571428571428571,5.0,23.0,0.0,0.14285714285714285
KALIMANTAN SELATAN,2025-08-28,2025,3,8,Aug,35,0,0,1,4.351246105919003,26.704149933065597,80.49531459170014,5.599781420765027,0.0,0.0,4.428571428571429,4.928571428571429,23.0,0.0,0.14285714285714285
KALIMANTAN SELATAN,2025-08-29,2025,3,8,Aug,35,8,1,1,4.351246105919003,26.704149933065597,80.49531459170014,5.599781420765027,0.0,2.0,4.428571428571429,4.071428571428571,23.0,0.0,0.14285714285714285
KALIMANTAN SELATAN,2025-08-30,2025,3,8,Aug,35,13,1,1,4.351246105919003,26.704149933065597,80.49531459170014,5.599781420765027,8.0,4.0,5.285714285714286,4.642857142857143,23.0,1.0,0.2857142857142857
KALIMANTAN SELATAN,2025-08-31,2025,3,8,Aug,35,1,0,1,4.351246105919003,26.704149933065597,80.49531459170014,5.599781420765027,13.0,2.0,6.571428571428571,5.214285714285714,23.0,1.0,0.42857142857142855
KALIMANTAN SELATAN,2025-09-01,2025,3,9,Sep,36,7,1,1,4.386923076923077,27.03148936170213,79.47869318181819,5.188727272727273,1.0,23.0,6.428571428571429,5.142857142857143,23.0,0.0,0.42857142857142855
KALIMANTAN SELATAN,2025-09-02,2025,3,9,Sep,36,9,1,1,4.386923076923077,27.03148936170213,79.47869318181819,5.188727272727273,7.0,0.0,4.142857142857143,5.142857142857143,13.0,1.0,0.42857142857142855
KALIMANTAN SELATAN,2025-09-03,2025,3,9,Sep,36,9,1,1,4.386923076923077,27.03148936170213,79.47869318181819,5.188727272727273,9.0,0.0,5.428571428571429,5.0,13.0,1.0,0.5714285714285714
KALIMANTAN SELATAN,2025-09-04,2025,3,9,Sep,36,22,1,1,4.386923076923077,27.03148936170213,79.47869318181819,5.188727272727273,9.0,0.0,6.714285714285714,5.571428571428571,13.0,1.0,0.7142857142857143
KALIMANTAN SELATAN,2025-09-05,2025,3,9,Sep,36,1,0,1,4.386923076923077,27.03148936170213,79.47869318181819,5.188727272727273,22.0,8.0,9.857142857142858,7.142857142857143,22.0,1.0,0.8571428571428571
KALIMANTAN SELATAN,2025-09-06,2025,3,9,Sep,36,0,0,1,4.386923076923077,27.03148936170213,79.47869318181819,5.188727272727273,1.0,13.0,8.857142857142858,7.071428571428571,22.0,0.0,0.7142857142857143
KALIMANTAN SELATAN,2025-09-07,2025,3,9,Sep,36,2,0,1,4.386923076923077,27.03148936170213,79.47869318181819,5.188727272727273,0.0,1.0,7.0,6.785714285714286,22.0,0.0,0.5714285714285714
KALIMANTAN SELATAN,2025-09-08,2025,3,9,Sep,37,0,0,1,4.386923076923077,27.03148936170213,79.47869318181819,5.188727272727273,2.0,7.0,7.142857142857143,6.785714285714286,22.0,0.0,0.5714285714285714
KALIMANTAN SELATAN,2025-09-09,2025,3,9,Sep,37,0,0,1,4.386923076923077,27.03148936170213,79.47869318181819,5.188727272727273,0.0,9.0,6.142857142857143,5.142857142857143,22.0,0.0,0.42857142857142855
KALIMANTAN SELATAN,2025-09-10,2025,3,9,Sep,37,2,0,1,4.386923076923077,27.03148936170213,79.47869318181819,5.188727272727273,0.0,9.0,4.857142857142857,5.142857142857143,22.0,0.0,0.2857142857142857
KALIMANTAN SELATAN,2025-09-11,2025,3,9,Sep,37,0,0,1,4.386923076923077,27.03148936170213,79.47869318181819,5.188727272727273,2.0,22.0,3.857142857142857,5.285714285714286,22.0,0.0,0.14285714285714285
KALIMANTAN SELATAN,2025-09-12,2025,3,9,Sep,37,5,0,1,4.386923076923077,27.03148936170213,79.47869318181819,5.188727272727273,0.0,1.0,0.7142857142857143,5.285714285714286,2.0,0.0,0.0
KALIMANTAN SELATAN,2025-09-13,2025,3,9,Sep,37,5,0,1,4.386923076923077,27.03148936170213,79.47869318181819,5.188727272727273,5.0,0.0,1.2857142857142858,5.071428571428571,5.0,0.0,0.0
KALIMANTAN SELATAN,2025-09-14,2025,3,9,Sep,37,5,0,1,4.386923076923077,27.03148936170213,79.47869318181819,5.188727272727273,5.0,2.0,2.0,4.5,5.0,0.0,0.0
KALIMANTAN SELATAN,2025-09-15,2025,3,9,Sep,38,9,1,1,4.386923076923077,27.03148936170213,79.47869318181819,5.188727272727273,5.0,0.0,2.4285714285714284,4.785714285714286,5.0,0.0,0.0
KALIMANTAN SELATAN,2025-09-16,2025,3,9,Sep,38,0,0,1,4.386923076923077,27.03148936170213,79.47869318181819,5.188727272727273,9.0,0.0,3.7142857142857144,4.928571428571429,9.0,1.0,0.14285714285714285
KALIMANTAN SELATAN,2025-09-17,2025,3,9,Sep,38,0,0,1,4.386923076923077,27.03148936170213,79.47869318181819,5.188727272727273,0.0,2.0,3.7142857142857144,4.285714285714286,9.0,0.0,0.14285714285714285
KALIMANTAN SELATAN,2025-09-18,2025,3,9,Sep,38,1,0,1,4.386923076923077,27.03148936170213,79.47869318181819,5.188727272727273,0.0,0.0,3.4285714285714284,3.642857142857143,9.0,0.0,0.14285714285714285
KALIMANTAN SELATAN,2025-09-19,2025,3,9,Sep,38,11,1,1,4.386923076923077,27.03148936170213,79.47869318181819,5.188727272727273,1.0,5.0,3.5714285714285716,2.142857142857143,9.0,0.0,0.14285714285714285
KALIMANTAN SELATAN,2025-09-20,2025,3,9,Sep,38,25,1,1,4.386923076923077,27.03148936170213,79.47869318181819,5.188727272727273,11.0,5.0,4.428571428571429,2.857142857142857,11.0,1.0,0.2857142857142857
KALIMANTAN SELATAN,2025-09-21,2025,3,9,Sep,38,40,1,1,4.386923076923077,27.03148936170213,79.47869318181819,5.188727272727273,25.0,5.0,7.285714285714286,4.642857142857143,25.0,1.0,0.42857142857142855
KALIMANTAN SELATAN,2025-09-22,2025,3,9,Sep,39,115,1,1,4.386923076923077,27.03148936170213,79.47869318181819,5.188727272727273,40.0,9.0,12.285714285714286,7.357142857142857,40.0,1.0,0.5714285714285714
KALIMANTAN SELATAN,2025-09-23,2025,3,9,Sep,39,48,1,1,4.386923076923077,27.03148936170213,79.47869318181819,5.188727272727273,115.0,0.0,27.428571428571427,15.571428571428571,115.0,1.0,0.5714285714285714
KALIMANTAN SELATAN,2025-09-24,2025,3,9,Sep,39,22,1,1,4.386923076923077,27.03148936170213,79.47869318181819,5.188727272727273,48.0,0.0,34.285714285714285,19.0,115.0,1.0,0.7142857142857143
KALIMANTAN SELATAN,2025-09-25,2025,3,9,Sep,39,47,1,1,4.386923076923077,27.03148936170213,79.47869318181819,5.188727272727273,22.0,1.0,37.42857142857143,20.428571428571427,115.0,1.0,0.8571428571428571
KALIMANTAN SELATAN,2025-09-26,2025,3,9,Sep,39,21,1,1,4.386923076923077,27.03148936170213,79.47869318181819,5.188727272727273,47.0,11.0,44.0,23.785714285714285,115.0,1.0,1.0
KALIMANTAN SELATAN,2025-09-27,2025,3,9,Sep,39,36,1,1,4.386923076923077,27.03148936170213,79.47869318181819,5.188727272727273,21.0,25.0,45.42857142857143,24.928571428571427,115.0,1.0,1.0
KALIMANTAN SELATAN,2025-09-28,2025,3,9,Sep,39,10,1,1,4.386923076923077,27.03148936170213,79.47869318181819,5.188727272727273,36.0,40.0,47.0,27.142857142857142,115.0,1.0,1.0
KALIMANTAN SELATAN,2025-09-29,2025,3,9,Sep,40,11,1,1,4.386923076923077,27.03148936170213,79.47869318181819,5.188727272727273,10.0,115.0,42.714285714285715,27.5,115.0,1.0,1.0
KALIMANTAN SELATAN,2025-09-30,2025,3,9,Sep,40,1,0,1,4.386923076923077,27.03148936170213,79.47869318181819,5.188727272727273,11.0,48.0,27.857142857142858,27.642857142857142,48.0,1.0,1.0
KALIMANTAN SELATAN,2025-10-01,2025,4,10,Oct,40,11,1,1,5.492352092352092,27.50257452574526,80.19918699186992,4.9282633371169124,1.0,22.0,21.142857142857142,27.714285714285715,47.0,0.0,0.8571428571428571
KALIMANTAN SELATAN,2025-10-02,2025,4,10,Oct,40,15,1,1,5.492352092352092,27.50257452574526,80.19918699186992,4.9282633371169124,11.0,47.0,19.571428571428573,28.5,47.0,1.0,0.8571428571428571
KALIMANTAN SELATAN,2025-10-03,2025,4,10,Oct,40,9,1,1,5.492352092352092,27.50257452574526,80.19918699186992,4.9282633371169124,15.0,21.0,15.0,29.5,36.0,1.0,0.8571428571428571
KALIMANTAN SELATAN,2025-10-04,2025,4,10,Oct,40,0,0,1,5.492352092352092,27.50257452574526,80.19918699186992,4.9282633371169124,9.0,36.0,13.285714285714286,29.357142857142858,36.0,1.0,0.8571428571428571
KALIMANTAN SELATAN,2025-10-05,2025,4,10,Oct,40,0,0,1,5.492352092352092,27.50257452574526,80.19918699186992,4.9282633371169124,0.0,10.0,8.142857142857142,27.571428571428573,15.0,0.0,0.7142857142857143
KALIMANTAN SELATAN,2025-10-06,2025,4,10,Oct,41,0,0,1,5.492352092352092,27.50257452574526,80.19918699186992,4.9282633371169124,0.0,11.0,6.714285714285714,24.714285714285715,15.0,0.0,0.5714285714285714
KALIMANTAN SELATAN,2025-10-07,2025,4,10,Oct,41,16,1,1,5.492352092352092,27.50257452574526,80.19918699186992,4.9282633371169124,0.0,1.0,5.142857142857143,16.5,15.0,0.0,0.42857142857142855
KALIMANTAN SELATAN,2025-10-08,2025,4,10,Oct,41,26,1,1,5.492352092352092,27.50257452574526,80.19918699186992,4.9282633371169124,16.0,11.0,7.285714285714286,14.214285714285714,16.0,1.0,0.5714285714285714
KALIMANTAN SELATAN,2025-10-09,2025,4,10,Oct,41,11,1,1,5.492352092352092,27.50257452574526,80.19918699186992,4.9282633371169124,26.0,15.0,9.428571428571429,14.5,26.0,1.0,0.5714285714285714
KALIMANTAN SELATAN,2025-10-10,2025,4,10,Oct,41,25,1,1,5.492352092352092,27.50257452574526,80.19918699186992,4.9282633371169124,11.0,9.0,8.857142857142858,11.928571428571429,26.0,1.0,0.5714285714285714
KALIMANTAN SELATAN,2025-10-11,2025,4,10,Oct,41,42,1,1,5.492352092352092,27.50257452574526,80.19918699186992,4.9282633371169124,25.0,0.0,11.142857142857142,12.214285714285714,26.0,1.0,0.5714285714285714
KALIMANTAN SELATAN,2025-10-12,2025,4,10,Oct,41,2,0,1,5.492352092352092,27.50257452574526,80.19918699186992,4.9282633371169124,42.0,0.0,17.142857142857142,12.642857142857142,42.0,1.0,0.7142857142857143
KALIMANTAN SELATAN,2025-10-13,2025,4,10,Oct,42,11,1,1,5.492352092352092,27.50257452574526,80.19918699186992,4.9282633371169124,2.0,0.0,17.428571428571427,12.071428571428571,42.0,0.0,0.7142857142857143
KALIMANTAN SELATAN,2025-10-14,2025,4,10,Oct,42,8,1,1,5.492352092352092,27.50257452574526,80.19918699186992,4.9282633371169124,11.0,16.0,19.0,12.071428571428571,42.0,1.0,0.8571428571428571
KALIMANTAN SELATAN,2025-10-15,2025,4,10,Oct,42,15,1,1,5.492352092352092,27.50257452574526,80.19918699186992,4.9282633371169124,8.0,26.0,17.857142857142858,12.571428571428571,42.0,1.0,0.8571428571428571
KALIMANTAN SELATAN,2025-10-16,2025,4,10,Oct,42,31,1,1,5.492352092352092,27.50257452574526,80.19918699186992,4.9282633371169124,15.0,11.0,16.285714285714285,12.857142857142858,42.0,1.0,0.8571428571428571
KALIMANTAN SELATAN,2025-10-17,2025,4,10,Oct,42,9,1,1,5.492352092352092,27.50257452574526,80.19918699186992,4.9282633371169124,31.0,25.0,19.142857142857142,14.0,42.0,1.0,0.8571428571428571
KALIMANTAN SELATAN,2025-10-18,2025,4,10,Oct,42,14,1,1,5.492352092352092,27.50257452574526,80.19918699186992,4.9282633371169124,9.0,42.0,16.857142857142858,14.0,42.0,1.0,0.8571428571428571
KALIMANTAN SELATAN,2025-10-19,2025,4,10,Oct,42,0,0,1,5.492352092352092,27.50257452574526,80.19918699186992,4.9282633371169124,14.0,2.0,12.857142857142858,15.0,31.0,1.0,0.8571428571428571
KALIMANTAN SELATAN,2025-10-20,2025,4,10,Oct,43,1,0,1,5.492352092352092,27.50257452574526,80.19918699186992,4.9282633371169124,0.0,11.0,12.571428571428571,15.0,31.0,0.0,0.8571428571428571
KALIMANTAN SELATAN,2025-10-21,2025,4,10,Oct,43,1,0,1,5.492352092352092,27.50257452574526,80.19918699186992,4.9282633371169124,1.0,8.0,11.142857142857142,15.071428571428571,31.0,0.0,0.7142857142857143
KALIMANTAN SELATAN,2025-10-22,2025,4,10,Oct,43,0,0,1,5.492352092352092,27.50257452574526,80.19918699186992,4.9282633371169124,1.0,15.0,10.142857142857142,14.0,31.0,0.0,0.5714285714285714
KALIMANTAN SELATAN,2025-10-23,2025,4,10,Oct,43,2,0,1,5.492352092352092,27.50257452574526,80.19918699186992,4.9282633371169124,0.0,31.0,8.0,12.142857142857142,31.0,0.0,0.42857142857142855
KALIMANTAN SELATAN,2025-10-24,2025,4,10,Oct,43,0,0,1,5.492352092352092,27.50257452574526,80.19918699186992,4.9282633371169124,2.0,9.0,3.857142857142857,11.5,14.0,0.0,0.2857142857142857
KALIMANTAN SELATAN,2025-10-25,2025,4,10,Oct,43,2,0,1,5.492352092352092,27.50257452574526,80.19918699186992,4.9282633371169124,0.0,14.0,2.5714285714285716,9.714285714285714,14.0,0.0,0.14285714285714285
KALIMANTAN SELATAN,2025-10-26,2025,4,10,Oct,43,0,0,1,5.492352092352092,27.50257452574526,80.19918699186992,4.9282633371169124,2.0,0.0,0.8571428571428571,6.857142857142857,2.0,0.0,0.0
KALIMANTAN SELATAN,2025-10-27,2025,4,10,Oct,44,0,0,1,5.492352092352092,27.50257452574526,80.19918699186992,4.9282633371169124,0.0,1.0,0.8571428571428571,6.714285714285714,2.0,0.0,0.0
KALIMANTAN SELATAN,2025-10-28,2025,4,10,Oct,44,0,0,1,5.492352092352092,27.50257452574526,80.19918699186992,4.9282633371169124,0.0,1.0,0.7142857142857143,5.928571428571429,2.0,0.0,0.0
KALIMANTAN SELATAN,2025-10-29,2025,4,10,Oct,44,0,0,1,5.492352092352092,27.50257452574526,80.19918699186992,4.9282633371169124,0.0,0.0,0.5714285714285714,5.357142857142857,2.0,0.0,0.0
KALIMANTAN SELATAN,2025-10-30,2025,4,10,Oct,44,0,0,1,5.492352092352092,27.50257452574526,80.19918699186992,4.9282633371169124,0.0,2.0,0.5714285714285714,4.285714285714286,2.0,0.0,0.0
KALIMANTAN SELATAN,2025-10-31,2025,4,10,Oct,44,0,0,1,5.492352092352092,27.50257452574526,80.19918699186992,4.9282633371169124,0.0,0.0,0.2857142857142857,2.0714285714285716,2.0,0.0,0.0
KALIMANTAN SELATAN,2025-11-01,2025,4,11,Nov,44,14,1,0,9.382246879334259,27.332489451476796,83.9831223628692,4.501149425287356,0.0,2.0,0.2857142857142857,1.4285714285714286,2.0,0.0,0.0
KALIMANTAN SELATAN,2025-11-02,2025,4,11,Nov,44,18,1,0,9.382246879334259,27.332489451476796,83.9831223628692,4.501149425287356,14.0,0.0,2.0,1.4285714285714286,14.0,1.0,0.14285714285714285
KALIMANTAN SELATAN,2025-11-03,2025,4,11,Nov,45,7,1,0,9.382246879334259,27.332489451476796,83.9831223628692,4.501149425287356,18.0,0.0,4.571428571428571,2.7142857142857144,18.0,1.0,0.2857142857142857
KALIMANTAN SELATAN,2025-11-04,2025,4,11,Nov,45,3,0,0,9.382246879334259,27.332489451476796,83.9831223628692,4.501149425287356,7.0,0.0,5.571428571428571,3.142857142857143,18.0,1.0,0.42857142857142855
KALIMANTAN SELATAN,2025-11-05,2025,4,11,Nov,45,2,0,0,9.382246879334259,27.332489451476796,83.9831223628692,4.501149425287356,3.0,0.0,6.0,3.2857142857142856,18.0,0.0,0.42857142857142855
KALIMANTAN SELATAN,2025-11-06,2025,4,11,Nov,45,10,1,0,9.382246879334259,27.332489451476796,83.9831223628692,4.501149425287356,2.0,0.0,6.285714285714286,3.4285714285714284,18.0,0.0,0.42857142857142855
KALIMANTAN SELATAN,2025-11-07,2025,4,11,Nov,45,6,0,0,9.382246879334259,27.332489451476796,83.9831223628692,4.501149425287356,10.0,0.0,7.714285714285714,4.0,18.0,1.0,0.5714285714285714
KALIMANTAN SELATAN,2025-11-08,2025,4,11,Nov,45,11,1,0,9.382246879334259,27.332489451476796,83.9831223628692,4.501149425287356,6.0,14.0,8.571428571428571,4.428571428571429,18.0,0.0,0.5714285714285714
KALIMANTAN SELATAN,2025-11-09,2025,4,11,Nov,45,0,0,0,9.382246879334259,27.332489451476796,83.9831223628692,4.501149425287356,11.0,18.0,8.142857142857142,5.071428571428571,18.0,1.0,0.5714285714285714
KALIMANTAN SELATAN,2025-11-10,2025,4,11,Nov,46,1,0,0,9.382246879334259,27.332489451476796,83.9831223628692,4.501149425287356,0.0,7.0,5.571428571428571,5.071428571428571,11.0,0.0,0.42857142857142855
KALIMANTAN SELATAN,2025-11-11,2025,4,11,Nov,46,5,0,0,9.382246879334259,27.332489451476796,83.9831223628692,4.501149425287356,1.0,3.0,4.714285714285714,5.142857142857143,11.0,0.0,0.2857142857142857
KALIMANTAN SELATAN,2025-11-12,2025,4,11,Nov,46,0,0,0,9.382246879334259,27.332489451476796,83.9831223628692,4.501149425287356,5.0,2.0,5.0,5.5,11.0,0.0,0.2857142857142857
KALIMANTAN SELATAN,2025-11-13,2025,4,11,Nov,46,2,0,0,9.382246879334259,27.332489451476796,83.9831223628692,4.501149425287356,0.0,10.0,4.714285714285714,5.5,11.0,0.0,0.2857142857142857
KALIMANTAN SELATAN,2025-11-14,2025,4,11,Nov,46,3,0,0,9.382246879334259,27.332489451476796,83.9831223628692,4.501149425287356,2.0,6.0,3.5714285714285716,5.642857142857143,11.0,0.0,0.14285714285714285
KALIMANTAN SELATAN,2025-11-15,2025,4,11,Nov,46,2,0,0,9.382246879334259,27.332489451476796,83.9831223628692,4.501149425287356,3.0,11.0,3.142857142857143,5.857142857142857,11.0,0.0,0.14285714285714285
KALIMANTAN SELATAN,2025-11-16,2025,4,11,Nov,46,0,0,0,9.382246879334259,27.332489451476796,83.9831223628692,4.501149425287356,2.0,0.0,1.8571428571428572,5.0,5.0,0.0,0.0
KALIMANTAN SELATAN,2025-11-17,2025,4,11,Nov,47,9,1,0,9.382246879334259,27.332489451476796,83.9831223628692,4.501149425287356,0.0,1.0,1.8571428571428572,3.7142857142857144,5.0,0.0,0.0
KALIMANTAN SELATAN,2025-11-18,2025,4,11,Nov,47,1,0,0,9.382246879334259,27.332489451476796,83.9831223628692,4.501149425287356,9.0,5.0,3.0,3.857142857142857,9.0,1.0,0.14285714285714285
KALIMANTAN SELATAN,2025-11-19,2025,4,11,Nov,47,0,0,0,9.382246879334259,27.332489451476796,83.9831223628692,4.501149425287356,1.0,0.0,2.4285714285714284,3.7142857142857144,9.0,0.0,0.14285714285714285
KALIMANTAN SELATAN,2025-11-20,2025,4,11,Nov,47,0,0,0,9.382246879334259,27.332489451476796,83.9831223628692,4.501149425287356,0.0,2.0,2.4285714285714284,3.5714285714285716,9.0,0.0,0.14285714285714285
KALIMANTAN SELATAN,2025-11-21,2025,4,11,Nov,47,1,0,0,9.382246879334259,27.332489451476796,83.9831223628692,4.501149425287356,0.0,3.0,2.142857142857143,2.857142857142857,9.0,0.0,0.14285714285714285
KALIMANTAN SELATAN,2025-11-22,2025,4,11,Nov,47,1,0,0,9.382246879334259,27.332489451476796,83.9831223628692,4.501149425287356,1.0,2.0,1.8571428571428572,2.5,9.0,0.0,0.14285714285714285
KALIMANTAN SELATAN,2025-11-23,2025,4,11,Nov,47,2,0,0,9.382246879334259,27.332489451476796,83.9831223628692,4.501149425287356,1.0,0.0,1.7142857142857142,1.7857142857142858,9.0,0.0,0.14285714285714285
KALIMANTAN SELATAN,2025-11-24,2025,4,11,Nov,48,0,0,0,9.382246879334259,27.332489451476796,83.9831223628692,4.501149425287356,2.0,9.0,2.0,1.9285714285714286,9.0,0.0,0.14285714285714285
KALIMANTAN SELATAN,2025-11-25,2025,4,11,Nov,48,1,0,0,9.382246879334259,27.332489451476796,83.9831223628692,4.501149425287356,0.0,1.0,0.7142857142857143,1.8571428571428572,2.0,0.0,0.0
KALIMANTAN SELATAN,2025-11-26,2025,4,11,Nov,48,1,0,0,9.382246879334259,27.332489451476796,83.9831223628692,4.501149425287356,1.0,0.0,0.7142857142857143,1.5714285714285714,2.0,0.0,0.0
KALIMANTAN SELATAN,2025-11-27,2025,4,11,Nov,48,7,1,0,9.382246879334259,27.332489451476796,83.9831223628692,4.501149425287356,1.0,0.0,0.8571428571428571,1.6428571428571428,2.0,0.0,0.0
KALIMANTAN SELATAN,2025-11-28,2025,4,11,Nov,48,3,0,0,9.382246879334259,27.332489451476796,83.9831223628692,4.501149425287356,7.0,1.0,1.8571428571428572,2.0,7.0,1.0,0.14285714285714285
KALIMANTAN SELATAN,2025-11-29,2025,4,11,Nov,48,0,0,0,9.382246879334259,27.332489451476796,83.9831223628692,4.501149425287356,3.0,1.0,2.142857142857143,2.0,7.0,0.0,0.14285714285714285
KALIMANTAN SELATAN,2025-11-30,2025,4,11,Nov,48,0,0,0,9.382246879334259,27.332489451476796,83.9831223628692,4.501149425287356,0.0,2.0,2.0,1.8571428571428572,7.0,0.0,0.14285714285714285
KALIMANTAN SELATAN,2025-12-01,2025,4,12,Dec,49,0,0,0,13.261892901618928,26.779753761969904,85.98768809849521,3.320044052863436,0.0,0.0,1.7142857142857142,1.8571428571428572,7.0,0.0,0.14285714285714285
KALIMANTAN SELATAN,2025-12-02,2025,4,12,Dec,49,3,0,0,13.261892901618928,26.779753761969904,85.98768809849521,3.320044052863436,0.0,1.0,1.7142857142857142,1.2142857142857142,7.0,0.0,0.14285714285714285
KALIMANTAN SELATAN,2025-12-03,2025,4,12,Dec,49,3,0,0,13.261892901618928,26.779753761969904,85.98768809849521,3.320044052863436,3.0,1.0,2.0,1.3571428571428572,7.0,0.0,0.14285714285714285
KALIMANTAN SELATAN,2025-12-04,2025,4,12,Dec,49,2,0,0,13.261892901618928,26.779753761969904,85.98768809849521,3.320044052863436,3.0,7.0,2.2857142857142856,1.5714285714285714,7.0,0.0,0.14285714285714285
KALIMANTAN SELATAN,2025-12-05,2025,4,12,Dec,49,2,0,0,13.261892901618928,26.779753761969904,85.98768809849521,3.320044052863436,2.0,3.0,1.5714285714285714,1.7142857142857142,3.0,0.0,0.0
KALIMANTAN SELATAN,2025-12-06,2025,4,12,Dec,49,0,0,0,13.261892901618928,26.779753761969904,85.98768809849521,3.320044052863436,2.0,0.0,1.4285714285714286,1.7857142857142858,3.0,0.0,0.0
KALIMANTAN SELATAN,2025-12-07,2025,4,12,Dec,49,12,1,0,13.261892901618928,26.779753761969904,85.98768809849521,3.320044052863436,0.0,0.0,1.4285714285714286,1.7142857142857142,3.0,0.0,0.0
KALIMANTAN SELATAN,2025-12-08,2025,4,12,Dec,50,0,0,0,13.261892901618928,26.779753761969904,85.98768809849521,3.320044052863436,12.0,0.0,3.142857142857143,2.4285714285714284,12.0,1.0,0.14285714285714285
KALIMANTAN SELATAN,2025-12-09,2025,4,12,Dec,50,1,0,0,13.261892901618928,26.779753761969904,85.98768809849521,3.320044052863436,0.0,3.0,3.142857142857143,2.4285714285714284,12.0,0.0,0.14285714285714285
KALIMANTAN SELATAN,2025-12-10,2025,4,12,Dec,50,4,0,0,13.261892901618928,26.779753761969904,85.98768809849521,3.320044052863436,1.0,3.0,2.857142857142857,2.4285714285714284,12.0,0.0,0.14285714285714285
KALIMANTAN SELATAN,2025-12-11,2025,4,12,Dec,50,2,0,0,13.261892901618928,26.779753761969904,85.98768809849521,3.320044052863436,4.0,2.0,3.0,2.642857142857143,12.0,0.0,0.14285714285714285
KALIMANTAN SELATAN,2025-12-12,2025,4,12,Dec,50,0,0,0,13.261892901618928,26.779753761969904,85.98768809849521,3.320044052863436,2.0,2.0,3.0,2.2857142857142856,12.0,0.0,0.14285714285714285
KALIMANTAN SELATAN,2025-12-13,2025,4,12,Dec,50,1,0,0,13.261892901618928,26.779753761969904,85.98768809849521,3.320044052863436,0.0,0.0,2.7142857142857144,2.0714285714285716,12.0,0.0,0.14285714285714285
KALIMANTAN SELATAN,2025-12-14,2025,4,12,Dec,50,0,0,0,13.261892901618928,26.779753761969904,85.98768809849521,3.320044052863436,1.0,12.0,2.857142857142857,2.142857142857143,12.0,0.0,0.14285714285714285
KALIMANTAN SELATAN,2025-12-15,2025,4,12,Dec,51,0,0,0,13.261892901618928,26.779753761969904,85.98768809849521,3.320044052863436,0.0,0.0,1.1428571428571428,2.142857142857143,4.0,0.0,0.0
KALIMANTAN SELATAN,2025-12-16,2025,4,12,Dec,51,3,0,0,13.261892901618928,26.779753761969904,85.98768809849521,3.320044052863436,0.0,1.0,1.1428571428571428,2.142857142857143,4.0,0.0,0.0
KALIMANTAN SELATAN,2025-12-17,2025,4,12,Dec,51,0,0,0,13.261892901618928,26.779753761969904,85.98768809849521,3.320044052863436,3.0,4.0,1.4285714285714286,2.142857142857143,4.0,0.0,0.0
KALIMANTAN SELATAN,2025-12-18,2025,4,12,Dec,51,0,0,0,13.261892901618928,26.779753761969904,85.98768809849521,3.320044052863436,0.0,2.0,0.8571428571428571,1.9285714285714286,3.0,0.0,0.0
KALIMANTAN SELATAN,2025-12-19,2025,4,12,Dec,51,0,0,0,13.261892901618928,26.779753761969904,85.98768809849521,3.320044052863436,0.0,0.0,0.5714285714285714,1.7857142857142858,3.0,0.0,0.0
KALIMANTAN SELATAN,2025-12-20,2025,4,12,Dec,51,4,0,0,13.261892901618928,26.779753761969904,85.98768809849521,3.320044052863436,0.0,1.0,0.5714285714285714,1.6428571428571428,3.0,0.0,0.0
KALIMANTAN SELATAN,2025-12-21,2025,4,12,Dec,51,0,0,0,13.261892901618928,26.779753761969904,85.98768809849521,3.320044052863436,4.0,0.0,1.0,1.9285714285714286,4.0,0.0,0.0
KALIMANTAN SELATAN,2025-12-22,2025,4,12,Dec,52,2,0,0,13.261892901618928,26.779753761969904,85.98768809849521,3.320044052863436,0.0,0.0,1.0,1.0714285714285714,4.0,0.0,0.0
KALIMANTAN SELATAN,2025-12-23,2025,4,12,Dec,52,1,0,0,13.261892901618928,26.779753761969904,85.98768809849521,3.320044052863436,2.0,3.0,1.2857142857142858,1.2142857142857142,4.0,0.0,0.0
KALIMANTAN SELATAN,2025-12-24,2025,4,12,Dec,52,0,0,0,13.261892901618928,26.779753761969904,85.98768809849521,3.320044052863436,1.0,0.0,1.0,1.2142857142857142,4.0,0.0,0.0
KALIMANTAN SELATAN,2025-12-25,2025,4,12,Dec,52,0,0,0,13.261892901618928,26.779753761969904,85.98768809849521,3.320044052863436,0.0,0.0,1.0,0.9285714285714286,4.0,0.0,0.0
KALIMANTAN SELATAN,2025-12-26,2025,4,12,Dec,52,2,0,0,13.261892901618928,26.779753761969904,85.98768809849521,3.320044052863436,0.0,0.0,1.0,0.7857142857142857,4.0,0.0,0.0
KALIMANTAN SELATAN,2025-12-27,2025,4,12,Dec,52,1,0,0,13.261892901618928,26.779753761969904,85.98768809849521,3.320044052863436,2.0,4.0,1.2857142857142858,0.9285714285714286,4.0,0.0,0.0
KALIMANTAN SELATAN,2025-12-28,2025,4,12,Dec,52,2,0,0,13.261892901618928,26.779753761969904,85.98768809849521,3.320044052863436,1.0,0.0,0.8571428571428571,0.9285714285714286,2.0,0.0,0.0
KALIMANTAN SELATAN,2025-12-29,2025,4,12,Dec,1,0,0,0,13.261892901618928,26.779753761969904,85.98768809849521,3.320044052863436,2.0,2.0,1.1428571428571428,1.0714285714285714,2.0,0.0,0.0
KALIMANTAN SELATAN,2025-12-30,2025,4,12,Dec,1,0,0,0,13.261892901618928,26.779753761969904,85.98768809849521,3.320044052863436,0.0,1.0,0.8571428571428571,1.0714285714285714,2.0,0.0,0.0
KALIMANTAN SELATAN,2025-12-31,2025,4,12,Dec,1,0,0,0,13.261892901618928,26.779753761969904,85.98768809849521,3.320044052863436,0.0,0.0,0.7142857142857143,0.8571428571428571,2.0,0.0,0.0
KALIMANTAN SELATAN,2026-01-01,2026,1,1,Jan,1,0,0,0,12.926336375488917,26.802139037433154,85.5,3.4605110336817653,0.0,0.0,0.7142857142857143,0.8571428571428571,2.0,0.0,0.0
KALIMANTAN SELATAN,2026-01-02,2026,1,1,Jan,1,1,0,0,12.926336375488917,26.802139037433154,85.5,3.4605110336817653,0.0,2.0,0.7142857142857143,0.8571428571428571,2.0,0.0,0.0
KALIMANTAN SELATAN,2026-01-03,2026,1,1,Jan,1,0,0,0,12.926336375488917,26.802139037433154,85.5,3.4605110336817653,1.0,1.0,0.5714285714285714,0.9285714285714286,2.0,0.0,0.0
KALIMANTAN SELATAN,2026-01-04,2026,1,1,Jan,1,0,0,0,12.926336375488917,26.802139037433154,85.5,3.4605110336817653,0.0,2.0,0.42857142857142855,0.6428571428571429,2.0,0.0,0.0
KALIMANTAN SELATAN,2026-01-05,2026,1,1,Jan,2,0,0,0,12.926336375488917,26.802139037433154,85.5,3.4605110336817653,0.0,0.0,0.14285714285714285,0.6428571428571429,1.0,0.0,0.0
KALIMANTAN SELATAN,2026-01-06,2026,1,1,Jan,2,0,0,0,12.926336375488917,26.802139037433154,85.5,3.4605110336817653,0.0,0.0,0.14285714285714285,0.5,1.0,0.0,0.0
KALIMANTAN SELATAN,2026-01-07,2026,1,1,Jan,2,0,0,0,12.926336375488917,26.802139037433154,85.5,3.4605110336817653,0.0,0.0,0.14285714285714285,0.42857142857142855,1.0,0.0,0.0
KALIMANTAN SELATAN,2026-01-08,2026,1,1,Jan,2,0,0,0,12.926336375488917,26.802139037433154,85.5,3.4605110336817653,0.0,0.0,0.14285714285714285,0.42857142857142855,1.0,0.0,0.0
KALIMANTAN SELATAN,2026-01-09,2026,1,1,Jan,2,1,0,0,12.926336375488917,26.802139037433154,85.5,3.4605110336817653,0.0,1.0,0.14285714285714285,0.42857142857142855,1.0,0.0,0.0
KALIMANTAN SELATAN,2026-01-10,2026,1,1,Jan,2,0,0,0,12.926336375488917,26.802139037433154,85.5,3.4605110336817653,1.0,0.0,0.14285714285714285,0.35714285714285715,1.0,0.0,0.0
KALIMANTAN SELATAN,2026-01-11,2026,1,1,Jan,2,0,0,0,12.926336375488917,26.802139037433154,85.5,3.4605110336817653,0.0,0.0,0.14285714285714285,0.2857142857142857,1.0,0.0,0.0
KALIMANTAN SELATAN,2026-01-12,2026,1,1,Jan,3,0,0,0,12.926336375488917,26.802139037433154,85.5,3.4605110336817653,0.0,0.0,0.14285714285714285,0.14285714285714285,1.0,0.0,0.0
KALIMANTAN SELATAN,2026-01-13,2026,1,1,Jan,3,7,1,0,12.926336375488917,26.802139037433154,85.5,3.4605110336817653,0.0,0.0,0.14285714285714285,0.14285714285714285,1.0,0.0,0.0
KALIMANTAN SELATAN,2026-01-14,2026,1,1,Jan,3,0,0,0,12.926336375488917,26.802139037433154,85.5,3.4605110336817653,7.0,0.0,1.1428571428571428,0.6428571428571429,7.0,1.0,0.14285714285714285
KALIMANTAN SELATAN,2026-01-15,2026,1,1,Jan,3,0,0,0,12.926336375488917,26.802139037433154,85.5,3.4605110336817653,0.0,0.0,1.1428571428571428,0.6428571428571429,7.0,0.0,0.14285714285714285
KALIMANTAN SELATAN,2026-01-16,2026,1,1,Jan,3,11,1,0,12.926336375488917,26.802139037433154,85.5,3.4605110336817653,0.0,1.0,1.1428571428571428,0.6428571428571429,7.0,0.0,0.14285714285714285
KALIMANTAN SELATAN,2026-01-17,2026,1,1,Jan,3,4,0,0,12.926336375488917,26.802139037433154,85.5,3.4605110336817653,11.0,0.0,2.5714285714285716,1.3571428571428572,11.0,1.0,0.2857142857142857
KALIMANTAN SELATAN,2026-01-18,2026,1,1,Jan,3,0,0,0,12.926336375488917,26.802139037433154,85.5,3.4605110336817653,4.0,0.0,3.142857142857143,1.6428571428571428,11.0,0.0,0.2857142857142857
KALIMANTAN SELATAN,2026-01-19,2026,1,1,Jan,4,0,0,0,12.926336375488917,26.802139037433154,85.5,3.4605110336817653,0.0,0.0,3.142857142857143,1.6428571428571428,11.0,0.0,0.2857142857142857
KALIMANTAN SELATAN,2026-01-20,2026,1,1,Jan,4,1,0,0,12.926336375488917,26.802139037433154,85.5,3.4605110336817653,0.0,7.0,3.142857142857143,1.6428571428571428,11.0,0.0,0.2857142857142857
KALIMANTAN SELATAN,2026-01-21,2026,1,1,Jan,4,2,0,0,12.926336375488917,26.802139037433154,85.5,3.4605110336817653,1.0,0.0,2.2857142857142856,1.7142857142857142,11.0,0.0,0.14285714285714285
KALIMANTAN SELATAN,2026-01-22,2026,1,1,Jan,4,7,1,0,12.926336375488917,26.802139037433154,85.5,3.4605110336817653,2.0,0.0,2.5714285714285716,1.8571428571428572,11.0,0.0,0.14285714285714285
KALIMANTAN SELATAN,2026-01-23,2026,1,1,Jan,4,4,0,0,12.926336375488917,26.802139037433154,85.5,3.4605110336817653,7.0,11.0,3.5714285714285716,2.357142857142857,11.0,1.0,0.2857142857142857
KALIMANTAN SELATAN,2026-01-24,2026,1,1,Jan,4,15,1,0,12.926336375488917,26.802139037433154,85.5,3.4605110336817653,4.0,4.0,2.5714285714285716,2.5714285714285716,7.0,0.0,0.14285714285714285
KALIMANTAN SELATAN,2026-01-25,2026,1,1,Jan,4,8,1,0,12.926336375488917,26.802139037433154,85.5,3.4605110336817653,15.0,0.0,4.142857142857143,3.642857142857143,15.0,1.0,0.2857142857142857
KALIMANTAN SELATAN,2026-01-26,2026,1,1,Jan,5,2,0,0,12.926336375488917,26.802139037433154,85.5,3.4605110336817653,8.0,0.0,5.285714285714286,4.214285714285714,15.0,1.0,0.42857142857142855
KALIMANTAN SELATAN,2026-01-27,2026,1,1,Jan,5,6,0,0,12.926336375488917,26.802139037433154,85.5,3.4605110336817653,2.0,1.0,5.571428571428571,4.357142857142857,15.0,0.0,0.42857142857142855
KALIMANTAN SELATAN,2026-01-28,2026,1,1,Jan,5,0,0,0,12.926336375488917,26.802139037433154,85.5,3.4605110336817653,6.0,2.0,6.285714285714286,4.285714285714286,15.0,0.0,0.42857142857142855
KALIMANTAN SELATAN,2026-01-29,2026,1,1,Jan,5,4,0,0,12.926336375488917,26.802139037433154,85.5,3.4605110336817653,0.0,7.0,6.0,4.285714285714286,15.0,0.0,0.42857142857142855
KALIMANTAN SELATAN,2026-01-30,2026,1,1,Jan,5,2,0,0,12.926336375488917,26.802139037433154,85.5,3.4605110336817653,4.0,4.0,5.571428571428571,4.571428571428571,15.0,0.0,0.2857142857142857
KALIMANTAN SELATAN,2026-01-31,2026,1,1,Jan,5,2,0,0,12.926336375488917,26.802139037433154,85.5,3.4605110336817653,2.0,15.0,5.285714285714286,3.9285714285714284,15.0,0.0,0.2857142857142857
KALIMANTAN SELATAN,2026-02-01,2026,1,2,Feb,5,0,0,0,12.119971671388104,26.9136563876652,85.50660792951543,3.7373134328358213,2.0,8.0,3.4285714285714284,3.7857142857142856,8.0,0.0,0.14285714285714285
KALIMANTAN SELATAN,2026-02-02,2026,1,2,Feb,6,0,0,0,12.119971671388104,26.9136563876652,85.50660792951543,3.7373134328358213,0.0,2.0,2.2857142857142856,3.7857142857142856,6.0,0.0,0.0
KALIMANTAN SELATAN,2026-02-03,2026,1,2,Feb,6,1,0,0,12.119971671388104,26.9136563876652,85.50660792951543,3.7373134328358213,0.0,6.0,2.0,3.7857142857142856,6.0,0.0,0.0
KALIMANTAN SELATAN,2026-02-04,2026,1,2,Feb,6,0,0,0,12.119971671388104,26.9136563876652,85.50660792951543,3.7373134328358213,1.0,0.0,1.2857142857142858,3.7857142857142856,4.0,0.0,0.0
KALIMANTAN SELATAN,2026-02-05,2026,1,2,Feb,6,0,0,0,12.119971671388104,26.9136563876652,85.50660792951543,3.7373134328358213,0.0,4.0,1.2857142857142858,3.642857142857143,4.0,0.0,0.0
KALIMANTAN SELATAN,2026-02-06,2026,1,2,Feb,6,2,0,0,12.119971671388104,26.9136563876652,85.50660792951543,3.7373134328358213,0.0,2.0,0.7142857142857143,3.142857142857143,2.0,0.0,0.0
KALIMANTAN SELATAN,2026-02-07,2026,1,2,Feb,6,1,0,0,12.119971671388104,26.9136563876652,85.50660792951543,3.7373134328358213,2.0,2.0,0.7142857142857143,3.0,2.0,0.0,0.0
KALIMANTAN SELATAN,2026-02-08,2026,1,2,Feb,6,0,0,0,12.119971671388104,26.9136563876652,85.50660792951543,3.7373134328358213,1.0,0.0,0.5714285714285714,2.0,2.0,0.0,0.0
KALIMANTAN SELATAN,2026-02-09,2026,1,2,Feb,7,1,0,0,12.119971671388104,26.9136563876652,85.50660792951543,3.7373134328358213,0.0,0.0,0.5714285714285714,1.4285714285714286,2.0,0.0,0.0
KALIMANTAN SELATAN,2026-02-10,2026,1,2,Feb,7,0,0,0,12.119971671388104,26.9136563876652,85.50660792951543,3.7373134328358213,1.0,1.0,0.7142857142857143,1.3571428571428572,2.0,0.0,0.0
KALIMANTAN SELATAN,2026-02-11,2026,1,2,Feb,7,2,0,0,12.119971671388104,26.9136563876652,85.50660792951543,3.7373134328358213,0.0,0.0,0.5714285714285714,0.9285714285714286,2.0,0.0,0.0
KALIMANTAN SELATAN,2026-02-12,2026,1,2,Feb,7,0,0,0,12.119971671388104,26.9136563876652,85.50660792951543,3.7373134328358213,2.0,0.0,0.8571428571428571,1.0714285714285714,2.0,0.0,0.0
KALIMANTAN SELATAN,2026-02-13,2026,1,2,Feb,7,0,0,0,12.119971671388104,26.9136563876652,85.50660792951543,3.7373134328358213,0.0,2.0,0.8571428571428571,0.7857142857142857,2.0,0.0,0.0
KALIMANTAN SELATAN,2026-02-14,2026,1,2,Feb,7,0,0,0,12.119971671388104,26.9136563876652,85.50660792951543,3.7373134328358213,0.0,1.0,0.5714285714285714,0.6428571428571429,2.0,0.0,0.0
KALIMANTAN SELATAN,2026-02-15,2026,1,2,Feb,7,3,0,0,12.119971671388104,26.9136563876652,85.50660792951543,3.7373134328358213,0.0,0.0,0.42857142857142855,0.5,2.0,0.0,0.0
KALIMANTAN SELATAN,2026-02-16,2026,1,2,Feb,8,1,0,0,12.119971671388104,26.9136563876652,85.50660792951543,3.7373134328358213,3.0,1.0,0.8571428571428571,0.7142857142857143,3.0,0.0,0.0
KALIMANTAN SELATAN,2026-02-17,2026,1,2,Feb,8,0,0,0,12.119971671388104,26.9136563876652,85.50660792951543,3.7373134328358213,1.0,0.0,0.8571428571428571,0.7857142857142857,3.0,0.0,0.0
KALIMANTAN SELATAN,2026-02-18,2026,1,2,Feb,8,0,0,0,12.119971671388104,26.9136563876652,85.50660792951543,3.7373134328358213,0.0,2.0,0.8571428571428571,0.7142857142857143,3.0,0.0,0.0
KALIMANTAN SELATAN,2026-02-19,2026,1,2,Feb,8,1,0,0,12.119971671388104,26.9136563876652,85.50660792951543,3.7373134328358213,0.0,0.0,0.5714285714285714,0.7142857142857143,3.0,0.0,0.0
KALIMANTAN SELATAN,2026-02-20,2026,1,2,Feb,8,0,0,0,12.119971671388104,26.9136563876652,85.50660792951543,3.7373134328358213,1.0,0.0,0.7142857142857143,0.7857142857142857,3.0,0.0,0.0
KALIMANTAN SELATAN,2026-02-21,2026,1,2,Feb,8,0,0,0,12.119971671388104,26.9136563876652,85.50660792951543,3.7373134328358213,0.0,0.0,0.7142857142857143,0.6428571428571429,3.0,0.0,0.0
KALIMANTAN SELATAN,2026-02-22,2026,1,2,Feb,8,0,0,0,12.119971671388104,26.9136563876652,85.50660792951543,3.7373134328358213,0.0,3.0,0.7142857142857143,0.5714285714285714,3.0,0.0,0.0
KALIMANTAN SELATAN,2026-02-23,2026,1,2,Feb,9,0,0,0,12.119971671388104,26.9136563876652,85.50660792951543,3.7373134328358213,0.0,1.0,0.2857142857142857,0.5714285714285714,1.0,0.0,0.0
KALIMANTAN SELATAN,2026-02-24,2026,1,2,Feb,9,0,0,0,12.119971671388104,26.9136563876652,85.50660792951543,3.7373134328358213,0.0,0.0,0.14285714285714285,0.5,1.0,0.0,0.0
KALIMANTAN SELATAN,2026-02-25,2026,1,2,Feb,9,3,0,0,12.119971671388104,26.9136563876652,85.50660792951543,3.7373134328358213,0.0,0.0,0.14285714285714285,0.5,1.0,0.0,0.0
KALIMANTAN SELATAN,2026-02-26,2026,1,2,Feb,9,2,0,0,12.119971671388104,26.9136563876652,85.50660792951543,3.7373134328358213,3.0,1.0,0.5714285714285714,0.5714285714285714,3.0,0.0,0.0
KALIMANTAN SELATAN,2026-02-27,2026,1,2,Feb,9,1,0,0,12.119971671388104,26.9136563876652,85.50660792951543,3.7373134328358213,2.0,0.0,0.7142857142857143,0.7142857142857143,3.0,0.0,0.0
KALIMANTAN SELATAN,2026-02-28,2026,1,2,Feb,9,2,0,0,12.119971671388104,26.9136563876652,85.50660792951543,3.7373134328358213,1.0,0.0,0.8571428571428571,0.7857142857142857,3.0,0.0,0.0
KALIMANTAN SELATAN,2026-03-01,2026,1,3,Mar,9,0,0,0,11.4402489626556,26.94086330935252,85.9568345323741,3.9421487603305785,2.0,0.0,1.1428571428571428,0.9285714285714286,3.0,0.0,0.0
KALIMANTAN SELATAN,2026-03-02,2026,1,3,Mar,10,2,0,0,11.4402489626556,26.94086330935252,85.9568345323741,3.9421487603305785,0.0,0.0,1.1428571428571428,0.7142857142857143,3.0,0.0,0.0
KALIMANTAN SELATAN,2026-03-03,2026,1,3,Mar,10,0,0,0,11.4402489626556,26.94086330935252,85.9568345323741,3.9421487603305785,2.0,0.0,1.4285714285714286,0.7857142857142857,3.0,0.0,0.0
KALIMANTAN SELATAN,2026-03-04,2026,1,3,Mar,10,0,0,0,11.4402489626556,26.94086330935252,85.9568345323741,3.9421487603305785,0.0,3.0,1.4285714285714286,0.7857142857142857,3.0,0.0,0.0
KALIMANTAN SELATAN,2026-03-05,2026,1,3,Mar,10,0,0,0,11.4402489626556,26.94086330935252,85.9568345323741,3.9421487603305785,0.0,2.0,1.0,0.7857142857142857,2.0,0.0,0.0
KALIMANTAN SELATAN,2026-03-06,2026,1,3,Mar,10,2,0,0,11.4402489626556,26.94086330935252,85.9568345323741,3.9421487603305785,0.0,1.0,0.7142857142857143,0.7142857142857143,2.0,0.0,0.0
KALIMANTAN SELATAN,2026-03-07,2026,1,3,Mar,10,1,0,0,11.4402489626556,26.94086330935252,85.9568345323741,3.9421487603305785,2.0,2.0,0.8571428571428571,0.8571428571428571,2.0,0.0,0.0
KALIMANTAN SELATAN,2026-03-08,2026,1,3,Mar,10,3,0,0,11.4402489626556,26.94086330935252,85.9568345323741,3.9421487603305785,1.0,0.0,0.7142857142857143,0.9285714285714286,2.0,0.0,0.0
KALIMANTAN SELATAN,2026-03-09,2026,1,3,Mar,11,0,0,0,11.4402489626556,26.94086330935252,85.9568345323741,3.9421487603305785,3.0,2.0,1.1428571428571428,1.1428571428571428,3.0,0.0,0.0
KALIMANTAN SELATAN,2026-03-10,2026,1,3,Mar,11,0,0,0,11.4402489626556,26.94086330935252,85.9568345323741,3.9421487603305785,0.0,0.0,0.8571428571428571,1.1428571428571428,3.0,0.0,0.0
KALIMANTAN SELATAN,2026-03-11,2026,1,3,Mar,11,1,0,0,11.4402489626556,26.94086330935252,85.9568345323741,3.9421487603305785,0.0,0.0,0.8571428571428571,1.1428571428571428,3.0,0.0,0.0
KALIMANTAN SELATAN,2026-03-12,2026,1,3,Mar,11,5,0,0,11.4402489626556,26.94086330935252,85.9568345323741,3.9421487603305785,1.0,0.0,1.0,1.0,3.0,0.0,0.0
KALIMANTAN SELATAN,2026-03-13,2026,1,3,Mar,11,8,1,0,11.4402489626556,26.94086330935252,85.9568345323741,3.9421487603305785,5.0,2.0,1.7142857142857142,1.2142857142857142,5.0,0.0,0.0
KALIMANTAN SELATAN,2026-03-14,2026,1,3,Mar,11,6,0,0,11.4402489626556,26.94086330935252,85.9568345323741,3.9421487603305785,8.0,1.0,2.5714285714285716,1.7142857142857142,8.0,1.0,0.14285714285714285
KALIMANTAN SELATAN,2026-03-15,2026,1,3,Mar,11,2,0,0,11.4402489626556,26.94086330935252,85.9568345323741,3.9421487603305785,6.0,3.0,3.2857142857142856,2.0,8.0,0.0,0.14285714285714285
KALIMANTAN SELATAN,2026-03-16,2026,1,3,Mar,12,0,0,0,11.4402489626556,26.94086330935252,85.9568345323741,3.9421487603305785,2.0,0.0,3.142857142857143,2.142857142857143,8.0,0.0,0.14285714285714285
KALIMANTAN SELATAN,2026-03-17,2026,1,3,Mar,12,6,0,0,11.4402489626556,26.94086330935252,85.9568345323741,3.9421487603305785,0.0,0.0,3.142857142857143,2.0,8.0,0.0,0.14285714285714285
KALIMANTAN SELATAN,2026-03-18,2026,1,3,Mar,12,0,0,0,11.4402489626556,26.94086330935252,85.9568345323741,3.9421487603305785,6.0,1.0,4.0,2.4285714285714284,8.0,0.0,0.14285714285714285
KALIMANTAN SELATAN,2026-03-19,2026,1,3,Mar,12,0,0,0,11.4402489626556,26.94086330935252,85.9568345323741,3.9421487603305785,0.0,5.0,3.857142857142857,2.4285714285714284,8.0,0.0,0.14285714285714285
KALIMANTAN SELATAN,2026-03-20,2026,1,3,Mar,12,0,0,0,11.4402489626556,26.94086330935252,85.9568345323741,3.9421487603305785,0.0,8.0,3.142857142857143,2.4285714285714284,8.0,0.0,0.14285714285714285
KALIMANTAN SELATAN,2026-03-21,2026,1,3,Mar,12,0,0,0,11.4402489626556,26.94086330935252,85.9568345323741,3.9421487603305785,0.0,6.0,2.0,2.2857142857142856,6.0,0.0,0.0
KALIMANTAN SELATAN,2026-03-22,2026,1,3,Mar,12,1,0,0,11.4402489626556,26.94086330935252,85.9568345323741,3.9421487603305785,0.0,2.0,1.1428571428571428,2.2142857142857144,6.0,0.0,0.0
KALIMANTAN SELATAN,2026-03-23,2026,1,3,Mar,13,0,0,0,11.4402489626556,26.94086330935252,85.9568345323741,3.9421487603305785,1.0,0.0,1.0,2.0714285714285716,6.0,0.0,0.0
KALIMANTAN SELATAN,2026-03-24,2026,1,3,Mar,13,0,0,0,11.4402489626556,26.94086330935252,85.9568345323741,3.9421487603305785,0.0,6.0,1.0,2.0714285714285716,6.0,0.0,0.0
KALIMANTAN SELATAN,2026-03-25,2026,1,3,Mar,13,1,0,0,11.4402489626556,26.94086330935252,85.9568345323741,3.9421487603305785,0.0,0.0,0.14285714285714285,2.0714285714285716,1.0,0.0,0.0
KALIMANTAN SELATAN,2026-03-26,2026,1,3,Mar,13,9,1,0,11.4402489626556,26.94086330935252,85.9568345323741,3.9421487603305785,1.0,0.0,0.2857142857142857,2.0714285714285716,1.0,0.0,0.0
KALIMANTAN SELATAN,2026-03-27,2026,1,3,Mar,13,6,0,0,11.4402489626556,26.94086330935252,85.9568345323741,3.9421487603305785,9.0,0.0,1.5714285714285714,2.357142857142857,9.0,1.0,0.14285714285714285
KALIMANTAN SELATAN,2026-03-28,2026,1,3,Mar,13,3,0,0,11.4402489626556,26.94086330935252,85.9568345323741,3.9421487603305785,6.0,0.0,2.4285714285714284,2.2142857142857144,9.0,0.0,0.14285714285714285
KALIMANTAN SELATAN,2026-03-29,2026,1,3,Mar,13,6,0,0,11.4402489626556,26.94086330935252,85.9568345323741,3.9421487603305785,3.0,1.0,2.857142857142857,2.0,9.0,0.0,0.14285714285714285
KALIMANTAN SELATAN,2026-03-30,2026,1,3,Mar,14,1,0,0,11.4402489626556,26.94086330935252,85.9568345323741,3.9421487603305785,6.0,0.0,3.5714285714285716,2.2857142857142856,9.0,0.0,0.14285714285714285
KALIMANTAN SELATAN,2026-03-31,2026,1,3,Mar,14,4,0,0,11.4402489626556,26.94086330935252,85.9568345323741,3.9421487603305785,1.0,0.0,3.7142857142857144,2.357142857142857,9.0,0.0,0.14285714285714285
KALIMANTAN SELATAN,2026-04-01,2026,2,4,Apr,14,2,0,0,9.403918722786647,27.24561933534743,85.29003021148036,4.432452830188679,4.0,1.0,4.285714285714286,2.2142857142857144,9.0,0.0,0.14285714285714285
KALIMANTAN SELATAN,2026-04-02,2026,2,4,Apr,14,2,0,0,9.403918722786647,27.24561933534743,85.29003021148036,4.432452830188679,2.0,9.0,4.428571428571429,2.357142857142857,9.0,0.0,0.14285714285714285
KALIMANTAN SELATAN,2026-04-03,2026,2,4,Apr,14,2,0,0,9.403918722786647,27.24561933534743,85.29003021148036,4.432452830188679,2.0,6.0,3.4285714285714284,2.5,6.0,0.0,0.0
KALIMANTAN SELATAN,2026-04-04,2026,2,4,Apr,14,2,0,0,9.403918722786647,27.24561933534743,85.29003021148036,4.432452830188679,2.0,3.0,2.857142857142857,2.642857142857143,6.0,0.0,0.0
KALIMANTAN SELATAN,2026-04-05,2026,2,4,Apr,14,3,0,0,9.403918722786647,27.24561933534743,85.29003021148036,4.432452830188679,2.0,6.0,2.7142857142857144,2.7857142857142856,6.0,0.0,0.0
KALIMANTAN SELATAN,2026-04-06,2026,2,4,Apr,15,4,0,0,9.403918722786647,27.24561933534743,85.29003021148036,4.432452830188679,3.0,1.0,2.2857142857142856,2.9285714285714284,4.0,0.0,0.0
KALIMANTAN SELATAN,2026-04-07,2026,2,4,Apr,15,4,0,0,9.403918722786647,27.24561933534743,85.29003021148036,4.432452830188679,4.0,4.0,2.7142857142857144,3.2142857142857144,4.0,0.0,0.0
KALIMANTAN SELATAN,2026-04-08,2026,2,4,Apr,15,3,0,0,9.403918722786647,27.24561933534743,85.29003021148036,4.432452830188679,4.0,2.0,2.7142857142857144,3.5,4.0,0.0,0.0
KALIMANTAN SELATAN,2026-04-09,2026,2,4,Apr,15,0,0,0,9.403918722786647,27.24561933534743,85.29003021148036,4.432452830188679,3.0,2.0,2.857142857142857,3.642857142857143,4.0,0.0,0.0
KALIMANTAN SELATAN,2026-04-10,2026,2,4,Apr,15,0,0,0,9.403918722786647,27.24561933534743,85.29003021148036,4.432452830188679,0.0,2.0,2.5714285714285716,3.0,4.0,0.0,0.0
KALIMANTAN SELATAN,2026-04-11,2026,2,4,Apr,15,2,0,0,9.403918722786647,27.24561933534743,85.29003021148036,4.432452830188679,0.0,2.0,2.2857142857142856,2.5714285714285716,4.0,0.0,0.0
KALIMANTAN SELATAN,2026-04-12,2026,2,4,Apr,15,4,0,0,9.403918722786647,27.24561933534743,85.29003021148036,4.432452830188679,2.0,3.0,2.2857142857142856,2.5,4.0,0.0,0.0
KALIMANTAN SELATAN,2026-04-13,2026,2,4,Apr,16,5,0,0,9.403918722786647,27.24561933534743,85.29003021148036,4.432452830188679,4.0,4.0,2.4285714285714284,2.357142857142857,4.0,0.0,0.0
KALIMANTAN SELATAN,2026-04-14,2026,2,4,Apr,16,5,0,0,9.403918722786647,27.24561933534743,85.29003021148036,4.432452830188679,5.0,4.0,2.5714285714285716,2.642857142857143,5.0,0.0,0.0
KALIMANTAN SELATAN,2026-04-15,2026,2,4,Apr,16,0,0,0,9.403918722786647,27.24561933534743,85.29003021148036,4.432452830188679,5.0,3.0,2.7142857142857144,2.7142857142857144,5.0,0.0,0.0
KALIMANTAN SELATAN,2026-04-16,2026,2,4,Apr,16,4,0,0,9.403918722786647,27.24561933534743,85.29003021148036,4.432452830188679,0.0,0.0,2.2857142857142856,2.5714285714285716,5.0,0.0,0.0
KALIMANTAN SELATAN,2026-04-17,2026,2,4,Apr,16,10,1,0,9.403918722786647,27.24561933534743,85.29003021148036,4.432452830188679,4.0,0.0,2.857142857142857,2.7142857142857144,5.0,0.0,0.0
KALIMANTAN SELATAN,2026-04-18,2026,2,4,Apr,16,8,1,0,9.403918722786647,27.24561933534743,85.29003021148036,4.432452830188679,10.0,2.0,4.285714285714286,3.2857142857142856,10.0,1.0,0.14285714285714285
KALIMANTAN SELATAN,2026-04-19,2026,2,4,Apr,16,1,0,0,9.403918722786647,27.24561933534743,85.29003021148036,4.432452830188679,8.0,4.0,5.142857142857143,3.7142857142857144,10.0,1.0,0.2857142857142857
KALIMANTAN SELATAN,2026-04-20,2026,2,4,Apr,17,9,1,0,9.403918722786647,27.24561933534743,85.29003021148036,4.432452830188679,1.0,5.0,4.714285714285714,3.5714285714285716,10.0,0.0,0.2857142857142857
KALIMANTAN SELATAN,2026-04-21,2026,2,4,Apr,17,4,0,0,9.403918722786647,27.24561933534743,85.29003021148036,4.432452830188679,9.0,5.0,5.285714285714286,3.9285714285714284,10.0,1.0,0.42857142857142855
KALIMANTAN SELATAN,2026-04-22,2026,2,4,Apr,17,3,0,0,9.403918722786647,27.24561933534743,85.29003021148036,4.432452830188679,4.0,0.0,5.142857142857143,3.9285714285714284,10.0,0.0,0.42857142857142855
KALIMANTAN SELATAN,2026-04-23,2026,2,4,Apr,17,9,1,0,9.403918722786647,27.24561933534743,85.29003021148036,4.432452830188679,3.0,4.0,5.571428571428571,3.9285714285714284,10.0,0.0,0.42857142857142855
KALIMANTAN SELATAN,2026-04-24,2026,2,4,Apr,17,8,1,0,9.403918722786647,27.24561933534743,85.29003021148036,4.432452830188679,9.0,10.0,6.285714285714286,4.571428571428571,10.0,1.0,0.5714285714285714
KALIMANTAN SELATAN,2026-04-25,2026,2,4,Apr,17,7,1,0,9.403918722786647,27.24561933534743,85.29003021148036,4.432452830188679,8.0,8.0,6.0,5.142857142857143,9.0,1.0,0.5714285714285714
KALIMANTAN SELATAN,2026-04-26,2026,2,4,Apr,17,3,0,0,9.403918722786647,27.24561933534743,85.29003021148036,4.432452830188679,7.0,1.0,5.857142857142857,5.5,9.0,1.0,0.5714285714285714
KALIMANTAN SELATAN,2026-04-27,2026,2,4,Apr,18,1,0,0,9.403918722786647,27.24561933534743,85.29003021148036,4.432452830188679,3.0,9.0,6.142857142857143,5.428571428571429,9.0,0.0,0.5714285714285714
KALIMANTAN SELATAN,2026-04-28,2026,2,4,Apr,18,5,0,0,9.403918722786647,27.24561933534743,85.29003021148036,4.432452830188679,1.0,4.0,5.0,5.142857142857143,9.0,0.0,0.42857142857142855
KALIMANTAN SELATAN,2026-04-29,2026,2,4,Apr,18,8,1,0,9.403918722786647,27.24561933534743,85.29003021148036,4.432452830188679,5.0,3.0,5.142857142857143,5.142857142857143,9.0,0.0,0.42857142857142855
KALIMANTAN SELATAN,2026-04-30,2026,2,4,Apr,18,5,0,0,9.403918722786647,27.24561933534743,85.29003021148036,4.432452830188679,8.0,9.0,5.857142857142857,5.714285714285714,9.0,1.0,0.5714285714285714
KALIMANTAN SELATAN,2026-05-01,2026,2,5,May,18,3,0,0,7.914890282131661,27.553576642335766,84.84963503649635,4.848058252427185,5.0,8.0,5.285714285714286,5.785714285714286,8.0,0.0,0.42857142857142855
KALIMANTAN SELATAN,2026-05-02,2026,2,5,May,18,1,0,0,7.914890282131661,27.553576642335766,84.84963503649635,4.848058252427185,3.0,7.0,4.571428571428571,5.285714285714286,8.0,0.0,0.2857142857142857
KALIMANTAN SELATAN,2026-05-03,2026,2,5,May,18,1,0,0,7.914890282131661,27.553576642335766,84.84963503649635,4.848058252427185,1.0,3.0,3.7142857142857144,4.785714285714286,8.0,0.0,0.14285714285714285
KALIMANTAN SELATAN,2026-05-04,2026,2,5,May,19,0,0,0,7.914890282131661,27.553576642335766,84.84963503649635,4.848058252427185,1.0,1.0,3.4285714285714284,4.785714285714286,8.0,0.0,0.14285714285714285
KALIMANTAN SELATAN,2026-05-05,2026,2,5,May,19,4,0,0,7.914890282131661,27.553576642335766,84.84963503649635,4.848058252427185,0.0,5.0,3.2857142857142856,4.142857142857143,8.0,0.0,0.14285714285714285
KALIMANTAN SELATAN,2026-05-06,2026,2,5,May,19,2,0,0,7.914890282131661,27.553576642335766,84.84963503649635,4.848058252427185,4.0,8.0,3.142857142857143,4.142857142857143,8.0,0.0,0.14285714285714285
KALIMANTAN SELATAN,2026-05-07,2026,2,5,May,19,1,0,0,7.914890282131661,27.553576642335766,84.84963503649635,4.848058252427185,2.0,5.0,2.2857142857142856,4.071428571428571,5.0,0.0,0.0
KALIMANTAN SELATAN,2026-05-08,2026,2,5,May,19,1,0,0,7.914890282131661,27.553576642335766,84.84963503649635,4.848058252427185,1.0,3.0,1.7142857142857142,3.5,4.0,0.0,0.0
KALIMANTAN SELATAN,2026-05-09,2026,2,5,May,19,0,0,0,7.914890282131661,27.553576642335766,84.84963503649635,4.848058252427185,1.0,1.0,1.4285714285714286,3.0,4.0,0.0,0.0
KALIMANTAN SELATAN,2026-05-10,2026,2,5,May,19,0,0,0,7.914890282131661,27.553576642335766,84.84963503649635,4.848058252427185,0.0,1.0,1.2857142857142858,2.5,4.0,0.0,0.0
KALIMANTAN SELATAN,2026-05-11,2026,2,5,May,20,3,0,0,7.914890282131661,27.553576642335766,84.84963503649635,4.848058252427185,0.0,0.0,1.1428571428571428,2.2857142857142856,4.0,0.0,0.0
KALIMANTAN SELATAN,2026-05-12,2026,2,5,May,20,2,0,0,7.914890282131661,27.553576642335766,84.84963503649635,4.848058252427185,3.0,4.0,1.5714285714285714,2.4285714285714284,4.0,0.0,0.0
KALIMANTAN SELATAN,2026-05-13,2026,2,5,May,20,1,0,0,7.914890282131661,27.553576642335766,84.84963503649635,4.848058252427185,2.0,2.0,1.2857142857142858,2.2142857142857144,3.0,0.0,0.0
KALIMANTAN SELATAN,2026-05-14,2026,2,5,May,20,5,0,0,7.914890282131661,27.553576642335766,84.84963503649635,4.848058252427185,1.0,1.0,1.1428571428571428,1.7142857142857142,3.0,0.0,0.0
KALIMANTAN SELATAN,2026-05-15,2026,2,5,May,20,4,0,0,7.914890282131661,27.553576642335766,84.84963503649635,4.848058252427185,5.0,1.0,1.7142857142857142,1.7142857142857142,5.0,0.0,0.0
KALIMANTAN SELATAN,2026-05-16,2026,2,5,May,20,0,0,0,7.914890282131661,27.553576642335766,84.84963503649635,4.848058252427185,4.0,0.0,2.142857142857143,1.7857142857142858,5.0,0.0,0.0
KALIMANTAN SELATAN,2026-05-17,2026,2,5,May,20,0,0,0,7.914890282131661,27.553576642335766,84.84963503649635,4.848058252427185,0.0,0.0,2.142857142857143,1.7142857142857142,5.0,0.0,0.0
KALIMANTAN SELATAN,2026-05-18,2026,2,5,May,21,2,0,0,7.914890282131661,27.553576642335766,84.84963503649635,4.848058252427185,0.0,3.0,2.142857142857143,1.6428571428571428,5.0,0.0,0.0
KALIMANTAN SELATAN,2026-05-19,2026,2,5,May,21,3,0,0,7.914890282131661,27.553576642335766,84.84963503649635,4.848058252427185,2.0,2.0,2.0,1.7857142857142858,5.0,0.0,0.0
KALIMANTAN SELATAN,2026-05-20,2026,2,5,May,21,0,0,0,7.914890282131661,27.553576642335766,84.84963503649635,4.848058252427185,3.0,1.0,2.142857142857143,1.7142857142857142,5.0,0.0,0.0
KALIMANTAN SELATAN,2026-05-21,2026,2,5,May,21,6,0,0,7.914890282131661,27.553576642335766,84.84963503649635,4.848058252427185,0.0,5.0,2.0,1.5714285714285714,5.0,0.0,0.0
KALIMANTAN SELATAN,2026-05-22,2026,2,5,May,21,3,0,0,7.914890282131661,27.553576642335766,84.84963503649635,4.848058252427185,6.0,4.0,2.142857142857143,1.9285714285714286,6.0,0.0,0.0
KALIMANTAN SELATAN,2026-05-23,2026,2,5,May,21,5,0,0,7.914890282131661,27.553576642335766,84.84963503649635,4.848058252427185,3.0,0.0,2.0,2.0714285714285716,6.0,0.0,0.0
KALIMANTAN SELATAN,2026-05-24,2026,2,5,May,21,4,0,0,7.914890282131661,27.553576642335766,84.84963503649635,4.848058252427185,5.0,0.0,2.7142857142857144,2.4285714285714284,6.0,0.0,0.0
KALIMANTAN SELATAN,2026-05-25,2026,2,5,May,22,3,0,0,7.914890282131661,27.553576642335766,84.84963503649635,4.848058252427185,4.0,2.0,3.2857142857142856,2.7142857142857144,6.0,0.0,0.0
KALIMANTAN SELATAN,2026-05-26,2026,2,5,May,22,7,1,0,7.914890282131661,27.553576642335766,84.84963503649635,4.848058252427185,3.0,3.0,3.4285714285714284,2.7142857142857144,6.0,0.0,0.0
KALIMANTAN SELATAN,2026-05-27,2026,2,5,May,22,5,0,0,7.914890282131661,27.553576642335766,84.84963503649635,4.848058252427185,7.0,0.0,4.0,3.0714285714285716,7.0,1.0,0.14285714285714285
KALIMANTAN SELATAN,2026-05-28,2026,2,5,May,22,4,0,0,7.914890282131661,27.553576642335766,84.84963503649635,4.848058252427185,5.0,6.0,4.714285714285714,3.357142857142857,7.0,0.0,0.14285714285714285
KALIMANTAN SELATAN,2026-05-29,2026,2,5,May,22,3,0,0,7.914890282131661,27.553576642335766,84.84963503649635,4.848058252427185,4.0,3.0,4.428571428571429,3.2857142857142856,7.0,0.0,0.14285714285714285
KALIMANTAN SELATAN,2026-05-30,2026,2,5,May,22,5,0,0,7.914890282131661,27.553576642335766,84.84963503649635,4.848058252427185,3.0,5.0,4.428571428571429,3.2142857142857144,7.0,0.0,0.14285714285714285
KALIMANTAN SELATAN,2026-05-31,2026,2,5,May,22,5,0,0,7.914890282131661,27.553576642335766,84.84963503649635,4.848058252427185,5.0,4.0,4.428571428571429,3.5714285714285716,7.0,0.0,0.14285714285714285
KALIMANTAN TENGAH,2024-08-08,2024,3,8,Aug,32,8,0,1,5.577419354838709,26.897021276595744,83.18419452887538,5.365379665379665,1.0,8.0,9.428571428571429,7.153846153846154,24.0,0.0,0.2857142857142857
KALIMANTAN TENGAH,2024-08-09,2024,3,8,Aug,32,2,0,1,5.577419354838709,26.897021276595744,83.18419452887538,5.365379665379665,8.0,0.0,9.428571428571429,7.538461538461538,24.0,0.0,0.2857142857142857
KALIMANTAN TENGAH,2024-08-10,2024,3,8,Aug,32,2,0,1,5.577419354838709,26.897021276595744,83.18419452887538,5.365379665379665,2.0,6.0,9.714285714285714,7.153846153846154,24.0,0.0,0.2857142857142857
KALIMANTAN TENGAH,2024-08-11,2024,3,8,Aug,32,7,0,1,5.577419354838709,26.897021276595744,83.18419452887538,5.365379665379665,2.0,24.0,9.142857142857142,6.923076923076923,24.0,0.0,0.2857142857142857
KALIMANTAN TENGAH,2024-08-12,2024,3,8,Aug,33,4,0,1,5.577419354838709,26.897021276595744,83.18419452887538,5.365379665379665,7.0,21.0,6.714285714285714,7.153846153846154,21.0,0.0,0.14285714285714285
KALIMANTAN TENGAH,2024-08-13,2024,3,8,Aug,33,5,0,1,5.577419354838709,26.897021276595744,83.18419452887538,5.365379665379665,4.0,6.0,4.285714285714286,7.230769230769231,8.0,0.0,0.0
KALIMANTAN TENGAH,2024-08-14,2024,3,8,Aug,33,18,1,1,5.577419354838709,26.897021276595744,83.18419452887538,5.365379665379665,5.0,1.0,4.142857142857143,7.230769230769231,8.0,0.0,0.0
KALIMANTAN TENGAH,2024-08-15,2024,3,8,Aug,33,16,1,1,5.577419354838709,26.897021276595744,83.18419452887538,5.365379665379665,18.0,8.0,6.571428571428571,8.0,18.0,1.0,0.14285714285714285
KALIMANTAN TENGAH,2024-08-16,2024,3,8,Aug,33,5,0,1,5.577419354838709,26.897021276595744,83.18419452887538,5.365379665379665,16.0,2.0,7.714285714285714,8.571428571428571,18.0,1.0,0.2857142857142857
KALIMANTAN TENGAH,2024-08-17,2024,3,8,Aug,33,14,1,1,5.577419354838709,26.897021276595744,83.18419452887538,5.365379665379665,5.0,2.0,8.142857142857142,8.928571428571429,18.0,0.0,0.2857142857142857
KALIMANTAN TENGAH,2024-08-18,2024,3,8,Aug,33,13,1,1,5.577419354838709,26.897021276595744,83.18419452887538,5.365379665379665,14.0,7.0,9.857142857142858,9.5,18.0,1.0,0.42857142857142855
KALIMANTAN TENGAH,2024-08-19,2024,3,8,Aug,34,8,0,1,5.577419354838709,26.897021276595744,83.18419452887538,5.365379665379665,13.0,4.0,10.714285714285714,8.714285714285714,18.0,1.0,0.5714285714285714
KALIMANTAN TENGAH,2024-08-20,2024,3,8,Aug,34,4,0,1,5.577419354838709,26.897021276595744,83.18419452887538,5.365379665379665,8.0,5.0,11.285714285714286,7.785714285714286,18.0,0.0,0.5714285714285714
KALIMANTAN TENGAH,2024-08-21,2024,3,8,Aug,34,9,1,1,5.577419354838709,26.897021276595744,83.18419452887538,5.365379665379665,4.0,18.0,11.142857142857142,7.642857142857143,18.0,0.0,0.5714285714285714
KALIMANTAN TENGAH,2024-08-22,2024,3,8,Aug,34,0,0,1,5.577419354838709,26.897021276595744,83.18419452887538,5.365379665379665,9.0,16.0,9.857142857142858,8.214285714285714,16.0,1.0,0.5714285714285714
KALIMANTAN TENGAH,2024-08-23,2024,3,8,Aug,34,9,1,1,5.577419354838709,26.897021276595744,83.18419452887538,5.365379665379665,0.0,5.0,7.571428571428571,7.642857142857143,14.0,0.0,0.42857142857142855
KALIMANTAN TENGAH,2024-08-24,2024,3,8,Aug,34,32,1,1,5.577419354838709,26.897021276595744,83.18419452887538,5.365379665379665,9.0,14.0,8.142857142857142,8.142857142857142,14.0,1.0,0.5714285714285714
KALIMANTAN TENGAH,2024-08-25,2024,3,8,Aug,34,19,1,1,5.577419354838709,26.897021276595744,83.18419452887538,5.365379665379665,32.0,13.0,10.714285714285714,10.285714285714286,32.0,1.0,0.5714285714285714
KALIMANTAN TENGAH,2024-08-26,2024,3,8,Aug,35,17,1,1,5.577419354838709,26.897021276595744,83.18419452887538,5.365379665379665,19.0,8.0,11.571428571428571,11.142857142857142,32.0,1.0,0.5714285714285714
KALIMANTAN TENGAH,2024-08-27,2024,3,8,Aug,35,7,0,1,5.577419354838709,26.897021276595744,83.18419452887538,5.365379665379665,17.0,4.0,12.857142857142858,12.071428571428571,32.0,1.0,0.7142857142857143
KALIMANTAN TENGAH,2024-08-28,2024,3,8,Aug,35,0,0,1,5.577419354838709,26.897021276595744,83.18419452887538,5.365379665379665,7.0,9.0,13.285714285714286,12.214285714285714,32.0,0.0,0.7142857142857143
KALIMANTAN TENGAH,2024-08-29,2024,3,8,Aug,35,0,0,1,5.577419354838709,26.897021276595744,83.18419452887538,5.365379665379665,0.0,0.0,12.0,10.928571428571429,32.0,0.0,0.5714285714285714
KALIMANTAN TENGAH,2024-08-30,2024,3,8,Aug,35,1,0,1,5.577419354838709,26.897021276595744,83.18419452887538,5.365379665379665,0.0,9.0,12.0,9.785714285714286,32.0,0.0,0.5714285714285714
KALIMANTAN TENGAH,2024-08-31,2024,3,8,Aug,35,7,0,1,5.577419354838709,26.897021276595744,83.18419452887538,5.365379665379665,1.0,32.0,10.857142857142858,9.5,32.0,0.0,0.42857142857142855
KALIMANTAN TENGAH,2024-09-01,2024,3,9,Sep,35,17,1,1,6.192142188961646,27.117810026385225,82.9505277044855,4.540082644628099,7.0,19.0,7.285714285714286,9.0,19.0,0.0,0.2857142857142857
KALIMANTAN TENGAH,2024-09-02,2024,3,9,Sep,36,35,1,1,6.192142188961646,27.117810026385225,82.9505277044855,4.540082644628099,17.0,17.0,7.0,9.285714285714286,17.0,1.0,0.2857142857142857
KALIMANTAN TENGAH,2024-09-03,2024,3,9,Sep,36,124,1,1,6.192142188961646,27.117810026385225,82.9505277044855,4.540082644628099,35.0,7.0,9.571428571428571,11.214285714285714,35.0,1.0,0.2857142857142857
KALIMANTAN TENGAH,2024-09-04,2024,3,9,Sep,36,65,1,1,6.192142188961646,27.117810026385225,82.9505277044855,4.540082644628099,124.0,0.0,26.285714285714285,19.785714285714285,124.0,1.0,0.42857142857142855
KALIMANTAN TENGAH,2024-09-05,2024,3,9,Sep,36,0,0,1,6.192142188961646,27.117810026385225,82.9505277044855,4.540082644628099,65.0,0.0,35.57142857142857,23.785714285714285,124.0,1.0,0.5714285714285714
KALIMANTAN TENGAH,2024-09-06,2024,3,9,Sep,36,3,0,1,6.192142188961646,27.117810026385225,82.9505277044855,4.540082644628099,0.0,1.0,35.57142857142857,23.785714285714285,124.0,0.0,0.5714285714285714
KALIMANTAN TENGAH,2024-09-07,2024,3,9,Sep,36,3,0,1,6.192142188961646,27.117810026385225,82.9505277044855,4.540082644628099,3.0,7.0,35.857142857142854,23.357142857142858,124.0,0.0,0.5714285714285714
KALIMANTAN TENGAH,2024-09-08,2024,3,9,Sep,36,27,1,1,6.192142188961646,27.117810026385225,82.9505277044855,4.540082644628099,3.0,17.0,35.285714285714285,21.285714285714285,124.0,0.0,0.5714285714285714
KALIMANTAN TENGAH,2024-09-09,2024,3,9,Sep,37,3,0,1,6.192142188961646,27.117810026385225,82.9505277044855,4.540082644628099,27.0,35.0,36.714285714285715,21.857142857142858,124.0,1.0,0.5714285714285714
KALIMANTAN TENGAH,2024-09-10,2024,3,9,Sep,37,1,0,1,6.192142188961646,27.117810026385225,82.9505277044855,4.540082644628099,3.0,124.0,32.142857142857146,20.857142857142858,124.0,0.0,0.42857142857142855
KALIMANTAN TENGAH,2024-09-11,2024,3,9,Sep,37,19,1,1,6.192142188961646,27.117810026385225,82.9505277044855,4.540082644628099,1.0,65.0,14.571428571428571,20.428571428571427,65.0,0.0,0.2857142857142857
KALIMANTAN TENGAH,2024-09-12,2024,3,9,Sep,37,112,1,1,6.192142188961646,27.117810026385225,82.9505277044855,4.540082644628099,19.0,0.0,8.0,21.785714285714285,27.0,1.0,0.2857142857142857
KALIMANTAN TENGAH,2024-09-13,2024,3,9,Sep,37,182,1,1,6.192142188961646,27.117810026385225,82.9505277044855,4.540082644628099,112.0,3.0,24.0,29.785714285714285,112.0,1.0,0.42857142857142855
KALIMANTAN TENGAH,2024-09-14,2024,3,9,Sep,37,169,1,1,6.192142188961646,27.117810026385225,82.9505277044855,4.540082644628099,182.0,3.0,49.57142857142857,42.714285714285715,182.0,1.0,0.5714285714285714
KALIMANTAN TENGAH,2024-09-15,2024,3,9,Sep,37,177,1,1,6.192142188961646,27.117810026385225,82.9505277044855,4.540082644628099,169.0,27.0,73.28571428571429,54.285714285714285,182.0,1.0,0.7142857142857143
KALIMANTAN TENGAH,2024-09-16,2024,3,9,Sep,38,282,1,1,6.192142188961646,27.117810026385225,82.9505277044855,4.540082644628099,177.0,3.0,94.71428571428571,65.71428571428571,182.0,1.0,0.7142857142857143
KALIMANTAN TENGAH,2024-09-17,2024,3,9,Sep,38,338,1,1,6.192142188961646,27.117810026385225,82.9505277044855,4.540082644628099,282.0,1.0,134.57142857142858,83.35714285714286,282.0,1.0,0.8571428571428571
KALIMANTAN TENGAH,2024-09-18,2024,3,9,Sep,38,48,1,1,6.192142188961646,27.117810026385225,82.9505277044855,4.540082644628099,338.0,19.0,182.71428571428572,98.64285714285714,338.0,1.0,1.0
KALIMANTAN TENGAH,2024-09-19,2024,3,9,Sep,38,327,1,1,6.192142188961646,27.117810026385225,82.9505277044855,4.540082644628099,48.0,112.0,186.85714285714286,97.42857142857143,338.0,1.0,1.0
KALIMANTAN TENGAH,2024-09-20,2024,3,9,Sep,38,111,1,1,6.192142188961646,27.117810026385225,82.9505277044855,4.540082644628099,327.0,182.0,217.57142857142858,120.78571428571429,338.0,1.0,1.0
KALIMANTAN TENGAH,2024-09-21,2024,3,9,Sep,38,77,1,1,6.192142188961646,27.117810026385225,82.9505277044855,4.540082644628099,111.0,169.0,207.42857142857142,128.5,338.0,1.0,1.0
KALIMANTAN TENGAH,2024-09-22,2024,3,9,Sep,38,166,1,1,6.192142188961646,27.117810026385225,82.9505277044855,4.540082644628099,77.0,177.0,194.28571428571428,133.78571428571428,338.0,1.0,1.0
KALIMANTAN TENGAH,2024-09-23,2024,3,9,Sep,39,9,1,1,6.192142188961646,27.117810026385225,82.9505277044855,4.540082644628099,166.0,282.0,192.71428571428572,143.71428571428572,338.0,1.0,1.0
KALIMANTAN TENGAH,2024-09-24,2024,3,9,Sep,39,55,1,1,6.192142188961646,27.117810026385225,82.9505277044855,4.540082644628099,9.0,338.0,153.71428571428572,144.14285714285714,338.0,1.0,1.0
KALIMANTAN TENGAH,2024-09-25,2024,3,9,Sep,39,8,0,1,6.192142188961646,27.117810026385225,82.9505277044855,4.540082644628099,55.0,48.0,113.28571428571429,148.0,327.0,1.0,1.0
KALIMANTAN TENGAH,2024-09-26,2024,3,9,Sep,39,15,1,1,6.192142188961646,27.117810026385225,82.9505277044855,4.540082644628099,8.0,327.0,107.57142857142857,147.21428571428572,327.0,0.0,0.8571428571428571
KALIMANTAN TENGAH,2024-09-27,2024,3,9,Sep,39,23,1,1,6.192142188961646,27.117810026385225,82.9505277044855,4.540082644628099,15.0,111.0,63.0,140.28571428571428,166.0,1.0,0.8571428571428571
KALIMANTAN TENGAH,2024-09-28,2024,3,9,Sep,39,81,1,1,6.192142188961646,27.117810026385225,82.9505277044855,4.540082644628099,23.0,77.0,50.42857142857143,128.92857142857142,166.0,1.0,0.8571428571428571
KALIMANTAN TENGAH,2024-09-29,2024,3,9,Sep,39,24,1,1,6.192142188961646,27.117810026385225,82.9505277044855,4.540082644628099,81.0,166.0,51.0,122.64285714285714,166.0,1.0,0.8571428571428571
KALIMANTAN TENGAH,2024-09-30,2024,3,9,Sep,40,7,0,1,6.192142188961646,27.117810026385225,82.9505277044855,4.540082644628099,24.0,9.0,30.714285714285715,111.71428571428571,81.0,1.0,0.8571428571428571
KALIMANTAN TENGAH,2024-10-01,2024,4,10,Oct,40,11,1,1,9.101290322580645,27.386121437422553,83.65675340768277,4.540275049115913,7.0,55.0,30.428571428571427,92.07142857142857,81.0,0.0,0.7142857142857143
KALIMANTAN TENGAH,2024-10-02,2024,4,10,Oct,40,8,0,1,9.101290322580645,27.386121437422553,83.65675340768277,4.540275049115913,11.0,8.0,24.142857142857142,68.71428571428571,81.0,1.0,0.7142857142857143
KALIMANTAN TENGAH,2024-10-03,2024,4,10,Oct,40,15,1,1,9.101290322580645,27.386121437422553,83.65675340768277,4.540275049115913,8.0,15.0,24.142857142857142,65.85714285714286,81.0,0.0,0.7142857142857143
KALIMANTAN TENGAH,2024-10-04,2024,4,10,Oct,40,11,1,1,9.101290322580645,27.386121437422553,83.65675340768277,4.540275049115913,15.0,23.0,24.142857142857142,43.57142857142857,81.0,1.0,0.7142857142857143
KALIMANTAN TENGAH,2024-10-05,2024,4,10,Oct,40,6,0,1,9.101290322580645,27.386121437422553,83.65675340768277,4.540275049115913,11.0,81.0,22.428571428571427,36.42857142857143,81.0,1.0,0.7142857142857143
KALIMANTAN TENGAH,2024-10-06,2024,4,10,Oct,40,3,0,1,9.101290322580645,27.386121437422553,83.65675340768277,4.540275049115913,6.0,24.0,11.714285714285714,31.357142857142858,24.0,0.0,0.5714285714285714
KALIMANTAN TENGAH,2024-10-07,2024,4,10,Oct,41,2,0,1,9.101290322580645,27.386121437422553,83.65675340768277,4.540275049115913,3.0,7.0,8.714285714285714,19.714285714285715,15.0,0.0,0.42857142857142855
KALIMANTAN TENGAH,2024-10-08,2024,4,10,Oct,41,0,0,1,9.101290322580645,27.386121437422553,83.65675340768277,4.540275049115913,2.0,11.0,8.0,19.214285714285715,15.0,0.0,0.42857142857142855
KALIMANTAN TENGAH,2024-10-09,2024,4,10,Oct,41,16,1,1,9.101290322580645,27.386121437422553,83.65675340768277,4.540275049115913,0.0,8.0,6.428571428571429,15.285714285714286,15.0,0.0,0.2857142857142857
KALIMANTAN TENGAH,2024-10-10,2024,4,10,Oct,41,1,0,1,9.101290322580645,27.386121437422553,83.65675340768277,4.540275049115913,16.0,15.0,7.571428571428571,15.857142857142858,16.0,1.0,0.42857142857142855
KALIMANTAN TENGAH,2024-10-11,2024,4,10,Oct,41,7,0,1,9.101290322580645,27.386121437422553,83.65675340768277,4.540275049115913,1.0,11.0,5.571428571428571,14.857142857142858,16.0,0.0,0.2857142857142857
KALIMANTAN TENGAH,2024-10-12,2024,4,10,Oct,41,17,1,1,9.101290322580645,27.386121437422553,83.65675340768277,4.540275049115913,7.0,6.0,5.0,13.714285714285714,16.0,0.0,0.14285714285714285
KALIMANTAN TENGAH,2024-10-13,2024,4,10,Oct,41,2,0,1,9.101290322580645,27.386121437422553,83.65675340768277,4.540275049115913,17.0,3.0,6.571428571428571,9.142857142857142,17.0,1.0,0.2857142857142857
KALIMANTAN TENGAH,2024-10-14,2024,4,10,Oct,42,23,1,1,9.101290322580645,27.386121437422553,83.65675340768277,4.540275049115913,2.0,2.0,6.428571428571429,7.571428571428571,17.0,0.0,0.2857142857142857
KALIMANTAN TENGAH,2024-10-15,2024,4,10,Oct,42,5,0,1,9.101290322580645,27.386121437422553,83.65675340768277,4.540275049115913,23.0,0.0,9.428571428571429,8.714285714285714,23.0,1.0,0.42857142857142855
KALIMANTAN TENGAH,2024-10-16,2024,4,10,Oct,42,4,0,1,9.101290322580645,27.386121437422553,83.65675340768277,4.540275049115913,5.0,16.0,10.142857142857142,8.285714285714286,23.0,0.0,0.42857142857142855
KALIMANTAN TENGAH,2024-10-17,2024,4,10,Oct,42,0,0,1,9.101290322580645,27.386121437422553,83.65675340768277,4.540275049115913,4.0,1.0,8.428571428571429,8.0,23.0,0.0,0.2857142857142857
KALIMANTAN TENGAH,2024-10-18,2024,4,10,Oct,42,0,0,1,9.101290322580645,27.386121437422553,83.65675340768277,4.540275049115913,0.0,7.0,8.285714285714286,6.928571428571429,23.0,0.0,0.2857142857142857
KALIMANTAN TENGAH,2024-10-19,2024,4,10,Oct,42,11,1,1,9.101290322580645,27.386121437422553,83.65675340768277,4.540275049115913,0.0,17.0,7.285714285714286,6.142857142857143,23.0,0.0,0.2857142857142857
KALIMANTAN TENGAH,2024-10-20,2024,4,10,Oct,42,15,1,1,9.101290322580645,27.386121437422553,83.65675340768277,4.540275049115913,11.0,2.0,6.428571428571429,6.5,23.0,1.0,0.2857142857142857
KALIMANTAN TENGAH,2024-10-21,2024,4,10,Oct,43,0,0,1,9.101290322580645,27.386121437422553,83.65675340768277,4.540275049115913,15.0,23.0,8.285714285714286,7.357142857142857,23.0,1.0,0.42857142857142855
KALIMANTAN TENGAH,2024-10-22,2024,4,10,Oct,43,11,1,1,9.101290322580645,27.386121437422553,83.65675340768277,4.540275049115913,0.0,5.0,5.0,7.214285714285714,15.0,0.0,0.2857142857142857
KALIMANTAN TENGAH,2024-10-23,2024,4,10,Oct,43,45,1,1,9.101290322580645,27.386121437422553,83.65675340768277,4.540275049115913,11.0,4.0,5.857142857142857,8.0,15.0,1.0,0.42857142857142855
KALIMANTAN TENGAH,2024-10-24,2024,4,10,Oct,43,290,1,1,9.101290322580645,27.386121437422553,83.65675340768277,4.540275049115913,45.0,0.0,11.714285714285714,10.071428571428571,45.0,1.0,0.5714285714285714
KALIMANTAN TENGAH,2024-10-25,2024,4,10,Oct,43,167,1,1,9.101290322580645,27.386121437422553,83.65675340768277,4.540275049115913,290.0,0.0,53.142857142857146,30.714285714285715,290.0,1.0,0.7142857142857143
KALIMANTAN TENGAH,2024-10-26,2024,4,10,Oct,43,69,1,1,9.101290322580645,27.386121437422553,83.65675340768277,4.540275049115913,167.0,11.0,77.0,42.142857142857146,290.0,1.0,0.8571428571428571
KALIMANTAN TENGAH,2024-10-27,2024,4,10,Oct,43,93,1,1,9.101290322580645,27.386121437422553,83.65675340768277,4.540275049115913,69.0,15.0,85.28571428571429,45.857142857142854,290.0,1.0,0.8571428571428571
KALIMANTAN TENGAH,2024-10-28,2024,4,10,Oct,44,85,1,1,9.101290322580645,27.386121437422553,83.65675340768277,4.540275049115913,93.0,0.0,96.42857142857143,52.357142857142854,290.0,1.0,0.8571428571428571
KALIMANTAN TENGAH,2024-10-29,2024,4,10,Oct,44,84,1,1,9.101290322580645,27.386121437422553,83.65675340768277,4.540275049115913,85.0,11.0,108.57142857142857,56.785714285714285,290.0,1.0,1.0
KALIMANTAN TENGAH,2024-10-30,2024,4,10,Oct,44,98,1,1,9.101290322580645,27.386121437422553,83.65675340768277,4.540275049115913,84.0,45.0,119.0,62.42857142857143,290.0,1.0,1.0
KALIMANTAN TENGAH,2024-10-31,2024,4,10,Oct,44,0,0,1,9.101290322580645,27.386121437422553,83.65675340768277,4.540275049115913,98.0,290.0,126.57142857142857,69.14285714285714,290.0,1.0,1.0
KALIMANTAN TENGAH,2024-11-01,2024,4,11,Nov,44,5,0,0,13.046425939572586,27.228983688833125,85.55457967377666,4.5384970336189845,0.0,167.0,85.14285714285714,69.14285714285714,167.0,0.0,0.8571428571428571
KALIMANTAN TENGAH,2024-11-02,2024,4,11,Nov,44,0,0,0,13.046425939572586,27.228983688833125,85.55457967377666,4.5384970336189845,5.0,69.0,62.0,69.5,98.0,0.0,0.7142857142857143
KALIMANTAN TENGAH,2024-11-03,2024,4,11,Nov,44,2,0,0,13.046425939572586,27.228983688833125,85.55457967377666,4.5384970336189845,0.0,93.0,52.142857142857146,68.71428571428571,98.0,0.0,0.5714285714285714
KALIMANTAN TENGAH,2024-11-04,2024,4,11,Nov,45,6,0,0,13.046425939572586,27.228983688833125,85.55457967377666,4.5384970336189845,2.0,85.0,39.142857142857146,67.78571428571429,98.0,0.0,0.42857142857142855
KALIMANTAN TENGAH,2024-11-05,2024,4,11,Nov,45,13,1,0,13.046425939572586,27.228983688833125,85.55457967377666,4.5384970336189845,6.0,84.0,27.857142857142858,68.21428571428571,98.0,0.0,0.2857142857142857
KALIMANTAN TENGAH,2024-11-06,2024,4,11,Nov,45,1,0,0,13.046425939572586,27.228983688833125,85.55457967377666,4.5384970336189845,13.0,98.0,17.714285714285715,68.35714285714286,98.0,1.0,0.2857142857142857
KALIMANTAN TENGAH,2024-11-07,2024,4,11,Nov,45,1,0,0,13.046425939572586,27.228983688833125,85.55457967377666,4.5384970336189845,1.0,0.0,3.857142857142857,65.21428571428571,13.0,0.0,0.14285714285714285
KALIMANTAN TENGAH,2024-11-08,2024,4,11,Nov,45,11,1,0,13.046425939572586,27.228983688833125,85.55457967377666,4.5384970336189845,1.0,5.0,4.0,44.57142857142857,13.0,0.0,0.14285714285714285
KALIMANTAN TENGAH,2024-11-09,2024,4,11,Nov,45,5,0,0,13.046425939572586,27.228983688833125,85.55457967377666,4.5384970336189845,11.0,0.0,4.857142857142857,33.42857142857143,13.0,1.0,0.2857142857142857
KALIMANTAN TENGAH,2024-11-10,2024,4,11,Nov,45,6,0,0,13.046425939572586,27.228983688833125,85.55457967377666,4.5384970336189845,5.0,2.0,5.571428571428571,28.857142857142858,13.0,0.0,0.2857142857142857
KALIMANTAN TENGAH,2024-11-11,2024,4,11,Nov,46,0,0,0,13.046425939572586,27.228983688833125,85.55457967377666,4.5384970336189845,6.0,6.0,6.142857142857143,22.642857142857142,13.0,0.0,0.2857142857142857
KALIMANTAN TENGAH,2024-11-12,2024,4,11,Nov,46,1,0,0,13.046425939572586,27.228983688833125,85.55457967377666,4.5384970336189845,0.0,13.0,5.285714285714286,16.571428571428573,13.0,0.0,0.2857142857142857
KALIMANTAN TENGAH,2024-11-13,2024,4,11,Nov,46,8,0,0,13.046425939572586,27.228983688833125,85.55457967377666,4.5384970336189845,1.0,1.0,3.5714285714285716,10.642857142857142,11.0,0.0,0.14285714285714285
KALIMANTAN TENGAH,2024-11-14,2024,4,11,Nov,46,2,0,0,13.046425939572586,27.228983688833125,85.55457967377666,4.5384970336189845,8.0,1.0,4.571428571428571,4.214285714285714,11.0,0.0,0.14285714285714285
KALIMANTAN TENGAH,2024-11-15,2024,4,11,Nov,46,0,0,0,13.046425939572586,27.228983688833125,85.55457967377666,4.5384970336189845,2.0,11.0,4.714285714285714,4.357142857142857,11.0,0.0,0.14285714285714285
KALIMANTAN TENGAH,2024-11-16,2024,4,11,Nov,46,0,0,0,13.046425939572586,27.228983688833125,85.55457967377666,4.5384970336189845,0.0,5.0,3.142857142857143,4.0,8.0,0.0,0.0
KALIMANTAN TENGAH,2024-11-17,2024,4,11,Nov,46,5,0,0,13.046425939572586,27.228983688833125,85.55457967377666,4.5384970336189845,0.0,6.0,2.4285714285714284,4.0,8.0,0.0,0.0
KALIMANTAN TENGAH,2024-11-18,2024,4,11,Nov,47,2,0,0,13.046425939572586,27.228983688833125,85.55457967377666,4.5384970336189845,5.0,0.0,2.2857142857142856,4.214285714285714,8.0,0.0,0.0
KALIMANTAN TENGAH,2024-11-19,2024,4,11,Nov,47,0,0,0,13.046425939572586,27.228983688833125,85.55457967377666,4.5384970336189845,2.0,1.0,2.5714285714285716,3.9285714285714284,8.0,0.0,0.0
KALIMANTAN TENGAH,2024-11-20,2024,4,11,Nov,47,0,0,0,13.046425939572586,27.228983688833125,85.55457967377666,4.5384970336189845,0.0,8.0,2.4285714285714284,3.0,8.0,0.0,0.0
KALIMANTAN TENGAH,2024-11-21,2024,4,11,Nov,47,5,0,0,13.046425939572586,27.228983688833125,85.55457967377666,4.5384970336189845,0.0,2.0,1.2857142857142858,2.9285714285714284,5.0,0.0,0.0
KALIMANTAN TENGAH,2024-11-22,2024,4,11,Nov,47,1,0,0,13.046425939572586,27.228983688833125,85.55457967377666,4.5384970336189845,5.0,0.0,1.7142857142857142,3.2142857142857144,5.0,0.0,0.0
KALIMANTAN TENGAH,2024-11-23,2024,4,11,Nov,47,0,0,0,13.046425939572586,27.228983688833125,85.55457967377666,4.5384970336189845,1.0,0.0,1.8571428571428572,2.5,5.0,0.0,0.0
KALIMANTAN TENGAH,2024-11-24,2024,4,11,Nov,47,0,0,0,13.046425939572586,27.228983688833125,85.55457967377666,4.5384970336189845,0.0,5.0,1.8571428571428572,2.142857142857143,5.0,0.0,0.0
KALIMANTAN TENGAH,2024-11-25,2024,4,11,Nov,48,1,0,0,13.046425939572586,27.228983688833125,85.55457967377666,4.5384970336189845,0.0,2.0,1.1428571428571428,1.7142857142857142,5.0,0.0,0.0
KALIMANTAN TENGAH,2024-11-26,2024,4,11,Nov,48,2,0,0,13.046425939572586,27.228983688833125,85.55457967377666,4.5384970336189845,1.0,0.0,1.0,1.7857142857142858,5.0,0.0,0.0
KALIMANTAN TENGAH,2024-11-27,2024,4,11,Nov,48,0,0,0,13.046425939572586,27.228983688833125,85.55457967377666,4.5384970336189845,2.0,0.0,1.2857142857142858,1.8571428571428572,5.0,0.0,0.0
KALIMANTAN TENGAH,2024-11-28,2024,4,11,Nov,48,0,0,0,13.046425939572586,27.228983688833125,85.55457967377666,4.5384970336189845,0.0,5.0,1.2857142857142858,1.2857142857142858,5.0,0.0,0.0
KALIMANTAN TENGAH,2024-11-29,2024,4,11,Nov,48,0,0,0,13.046425939572586,27.228983688833125,85.55457967377666,4.5384970336189845,0.0,1.0,0.5714285714285714,1.1428571428571428,2.0,0.0,0.0
KALIMANTAN TENGAH,2024-11-30,2024,4,11,Nov,48,0,0,0,13.046425939572586,27.228983688833125,85.55457967377666,4.5384970336189845,0.0,0.0,0.42857142857142855,1.1428571428571428,2.0,0.0,0.0
KALIMANTAN TENGAH,2024-12-01,2024,4,12,Dec,48,3,0,0,12.143301104972375,26.83712901271956,86.58025439127802,3.8609375,0.0,0.0,0.42857142857142855,1.1428571428571428,2.0,0.0,0.0
KALIMANTAN TENGAH,2024-12-02,2024,4,12,Dec,49,7,0,0,12.143301104972375,26.83712901271956,86.58025439127802,3.8609375,3.0,1.0,0.8571428571428571,1.0,3.0,0.0,0.0
KALIMANTAN TENGAH,2024-12-03,2024,4,12,Dec,49,0,0,0,12.143301104972375,26.83712901271956,86.58025439127802,3.8609375,7.0,2.0,1.7142857142857142,1.3571428571428572,7.0,0.0,0.0
KALIMANTAN TENGAH,2024-12-04,2024,4,12,Dec,49,0,0,0,12.143301104972375,26.83712901271956,86.58025439127802,3.8609375,0.0,0.0,1.4285714285714286,1.3571428571428572,7.0,0.0,0.0
KALIMANTAN TENGAH,2024-12-05,2024,4,12,Dec,49,0,0,0,12.143301104972375,26.83712901271956,86.58025439127802,3.8609375,0.0,0.0,1.4285714285714286,1.3571428571428572,7.0,0.0,0.0
KALIMANTAN TENGAH,2024-12-06,2024,4,12,Dec,49,0,0,0,12.143301104972375,26.83712901271956,86.58025439127802,3.8609375,0.0,0.0,1.4285714285714286,1.0,7.0,0.0,0.0
KALIMANTAN TENGAH,2024-12-07,2024,4,12,Dec,49,0,0,0,12.143301104972375,26.83712901271956,86.58025439127802,3.8609375,0.0,0.0,1.4285714285714286,0.9285714285714286,7.0,0.0,0.0
KALIMANTAN TENGAH,2024-12-08,2024,4,12,Dec,49,7,0,0,12.143301104972375,26.83712901271956,86.58025439127802,3.8609375,0.0,3.0,1.4285714285714286,0.9285714285714286,7.0,0.0,0.0
KALIMANTAN TENGAH,2024-12-09,2024,4,12,Dec,50,0,0,0,12.143301104972375,26.83712901271956,86.58025439127802,3.8609375,7.0,7.0,2.0,1.4285714285714286,7.0,0.0,0.0
KALIMANTAN TENGAH,2024-12-10,2024,4,12,Dec,50,1,0,0,12.143301104972375,26.83712901271956,86.58025439127802,3.8609375,0.0,0.0,1.0,1.3571428571428572,7.0,0.0,0.0
KALIMANTAN TENGAH,2024-12-11,2024,4,12,Dec,50,2,0,0,12.143301104972375,26.83712901271956,86.58025439127802,3.8609375,1.0,0.0,1.1428571428571428,1.2857142857142858,7.0,0.0,0.0
KALIMANTAN TENGAH,2024-12-12,2024,4,12,Dec,50,0,0,0,12.143301104972375,26.83712901271956,86.58025439127802,3.8609375,2.0,0.0,1.4285714285714286,1.4285714285714286,7.0,0.0,0.0
KALIMANTAN TENGAH,2024-12-13,2024,4,12,Dec,50,0,0,0,12.143301104972375,26.83712901271956,86.58025439127802,3.8609375,0.0,0.0,1.4285714285714286,1.4285714285714286,7.0,0.0,0.0
KALIMANTAN TENGAH,2024-12-14,2024,4,12,Dec,50,0,0,0,12.143301104972375,26.83712901271956,86.58025439127802,3.8609375,0.0,0.0,1.4285714285714286,1.4285714285714286,7.0,0.0,0.0
KALIMANTAN TENGAH,2024-12-15,2024,4,12,Dec,50,0,0,0,12.143301104972375,26.83712901271956,86.58025439127802,3.8609375,0.0,7.0,1.4285714285714286,1.4285714285714286,7.0,0.0,0.0
KALIMANTAN TENGAH,2024-12-16,2024,4,12,Dec,51,1,0,0,12.143301104972375,26.83712901271956,86.58025439127802,3.8609375,0.0,0.0,0.42857142857142855,1.2142857142857142,2.0,0.0,0.0
KALIMANTAN TENGAH,2024-12-17,2024,4,12,Dec,51,0,0,0,12.143301104972375,26.83712901271956,86.58025439127802,3.8609375,1.0,1.0,0.5714285714285714,0.7857142857142857,2.0,0.0,0.0
KALIMANTAN TENGAH,2024-12-18,2024,4,12,Dec,51,0,0,0,12.143301104972375,26.83712901271956,86.58025439127802,3.8609375,0.0,2.0,0.42857142857142855,0.7857142857142857,2.0,0.0,0.0
KALIMANTAN TENGAH,2024-12-19,2024,4,12,Dec,51,1,0,0,12.143301104972375,26.83712901271956,86.58025439127802,3.8609375,0.0,0.0,0.14285714285714285,0.7857142857142857,1.0,0.0,0.0
KALIMANTAN TENGAH,2024-12-20,2024,4,12,Dec,51,0,0,0,12.143301104972375,26.83712901271956,86.58025439127802,3.8609375,1.0,0.0,0.2857142857142857,0.8571428571428571,1.0,0.0,0.0
KALIMANTAN TENGAH,2024-12-21,2024,4,12,Dec,51,4,0,0,12.143301104972375,26.83712901271956,86.58025439127802,3.8609375,0.0,0.0,0.2857142857142857,0.8571428571428571,1.0,0.0,0.0
KALIMANTAN TENGAH,2024-12-22,2024,4,12,Dec,51,4,0,0,12.143301104972375,26.83712901271956,86.58025439127802,3.8609375,4.0,0.0,0.8571428571428571,1.1428571428571428,4.0,0.0,0.0
KALIMANTAN TENGAH,2024-12-23,2024,4,12,Dec,52,4,0,0,12.143301104972375,26.83712901271956,86.58025439127802,3.8609375,4.0,1.0,1.4285714285714286,0.9285714285714286,4.0,0.0,0.0
KALIMANTAN TENGAH,2024-12-24,2024,4,12,Dec,52,0,0,0,12.143301104972375,26.83712901271956,86.58025439127802,3.8609375,4.0,0.0,1.8571428571428572,1.2142857142857142,4.0,0.0,0.0
KALIMANTAN TENGAH,2024-12-25,2024,4,12,Dec,52,0,0,0,12.143301104972375,26.83712901271956,86.58025439127802,3.8609375,0.0,0.0,1.8571428571428572,1.1428571428571428,4.0,0.0,0.0
KALIMANTAN TENGAH,2024-12-26,2024,4,12,Dec,52,0,0,0,12.143301104972375,26.83712901271956,86.58025439127802,3.8609375,0.0,1.0,1.8571428571428572,1.0,4.0,0.0,0.0
KALIMANTAN TENGAH,2024-12-27,2024,4,12,Dec,52,0,0,0,12.143301104972375,26.83712901271956,86.58025439127802,3.8609375,0.0,0.0,1.7142857142857142,1.0,4.0,0.0,0.0
KALIMANTAN TENGAH,2024-12-28,2024,4,12,Dec,52,3,0,0,12.143301104972375,26.83712901271956,86.58025439127802,3.8609375,0.0,4.0,1.7142857142857142,1.0,4.0,0.0,0.0
KALIMANTAN TENGAH,2024-12-29,2024,4,12,Dec,52,3,0,0,12.143301104972375,26.83712901271956,86.58025439127802,3.8609375,3.0,4.0,1.5714285714285714,1.2142857142857142,4.0,0.0,0.0
KALIMANTAN TENGAH,2024-12-30,2024,4,12,Dec,1,0,0,0,12.143301104972375,26.83712901271956,86.58025439127802,3.8609375,3.0,4.0,1.4285714285714286,1.4285714285714286,4.0,0.0,0.0
KALIMANTAN TENGAH,2024-12-31,2024,4,12,Dec,1,0,0,0,12.143301104972375,26.83712901271956,86.58025439127802,3.8609375,0.0,0.0,0.8571428571428571,1.3571428571428572,3.0,0.0,0.0
KALIMANTAN TENGAH,2025-01-01,2025,1,1,Jan,1,0,0,0,10.933090379008746,26.802254722730044,86.1798780487805,3.9849609375,0.0,0.0,0.8571428571428571,1.3571428571428572,3.0,0.0,0.0
KALIMANTAN TENGAH,2025-01-02,2025,1,1,Jan,1,0,0,0,10.933090379008746,26.802254722730044,86.1798780487805,3.9849609375,0.0,0.0,0.8571428571428571,1.3571428571428572,3.0,0.0,0.0
KALIMANTAN TENGAH,2025-01-03,2025,1,1,Jan,1,0,0,0,10.933090379008746,26.802254722730044,86.1798780487805,3.9849609375,0.0,0.0,0.8571428571428571,1.2857142857142858,3.0,0.0,0.0
KALIMANTAN TENGAH,2025-01-04,2025,1,1,Jan,1,0,0,0,10.933090379008746,26.802254722730044,86.1798780487805,3.9849609375,0.0,3.0,0.8571428571428571,1.2857142857142858,3.0,0.0,0.0
KALIMANTAN TENGAH,2025-01-05,2025,1,1,Jan,1,3,0,0,10.933090379008746,26.802254722730044,86.1798780487805,3.9849609375,0.0,3.0,0.42857142857142855,1.0,3.0,0.0,0.0
KALIMANTAN TENGAH,2025-01-06,2025,1,1,Jan,2,2,0,0,10.933090379008746,26.802254722730044,86.1798780487805,3.9849609375,3.0,0.0,0.42857142857142855,0.9285714285714286,3.0,0.0,0.0
KALIMANTAN TENGAH,2025-01-07,2025,1,1,Jan,2,1,0,0,10.933090379008746,26.802254722730044,86.1798780487805,3.9849609375,2.0,0.0,0.7142857142857143,0.7857142857142857,3.0,0.0,0.0
KALIMANTAN TENGAH,2025-01-08,2025,1,1,Jan,2,0,0,0,10.933090379008746,26.802254722730044,86.1798780487805,3.9849609375,1.0,0.0,0.8571428571428571,0.8571428571428571,3.0,0.0,0.0
KALIMANTAN TENGAH,2025-01-09,2025,1,1,Jan,2,0,0,0,10.933090379008746,26.802254722730044,86.1798780487805,3.9849609375,0.0,0.0,0.8571428571428571,0.8571428571428571,3.0,0.0,0.0
KALIMANTAN TENGAH,2025-01-10,2025,1,1,Jan,2,1,0,0,10.933090379008746,26.802254722730044,86.1798780487805,3.9849609375,0.0,0.0,0.8571428571428571,0.8571428571428571,3.0,0.0,0.0
KALIMANTAN TENGAH,2025-01-11,2025,1,1,Jan,2,0,0,0,10.933090379008746,26.802254722730044,86.1798780487805,3.9849609375,1.0,0.0,1.0,0.9285714285714286,3.0,0.0,0.0
KALIMANTAN TENGAH,2025-01-12,2025,1,1,Jan,2,0,0,0,10.933090379008746,26.802254722730044,86.1798780487805,3.9849609375,0.0,3.0,1.0,0.7142857142857143,3.0,0.0,0.0
KALIMANTAN TENGAH,2025-01-13,2025,1,1,Jan,3,0,0,0,10.933090379008746,26.802254722730044,86.1798780487805,3.9849609375,0.0,2.0,0.5714285714285714,0.5,2.0,0.0,0.0
KALIMANTAN TENGAH,2025-01-14,2025,1,1,Jan,3,0,0,0,10.933090379008746,26.802254722730044,86.1798780487805,3.9849609375,0.0,1.0,0.2857142857142857,0.5,1.0,0.0,0.0
KALIMANTAN TENGAH,2025-01-15,2025,1,1,Jan,3,0,0,0,10.933090379008746,26.802254722730044,86.1798780487805,3.9849609375,0.0,0.0,0.14285714285714285,0.5,1.0,0.0,0.0
KALIMANTAN TENGAH,2025-01-16,2025,1,1,Jan,3,1,0,0,10.933090379008746,26.802254722730044,86.1798780487805,3.9849609375,0.0,0.0,0.14285714285714285,0.5,1.0,0.0,0.0
KALIMANTAN TENGAH,2025-01-17,2025,1,1,Jan,3,2,0,0,10.933090379008746,26.802254722730044,86.1798780487805,3.9849609375,1.0,1.0,0.2857142857142857,0.5714285714285714,1.0,0.0,0.0
KALIMANTAN TENGAH,2025-01-18,2025,1,1,Jan,3,4,0,0,10.933090379008746,26.802254722730044,86.1798780487805,3.9849609375,2.0,0.0,0.42857142857142855,0.7142857142857143,2.0,0.0,0.0
KALIMANTAN TENGAH,2025-01-19,2025,1,1,Jan,3,0,0,0,10.933090379008746,26.802254722730044,86.1798780487805,3.9849609375,4.0,0.0,1.0,1.0,4.0,0.0,0.0
KALIMANTAN TENGAH,2025-01-20,2025,1,1,Jan,4,1,0,0,10.933090379008746,26.802254722730044,86.1798780487805,3.9849609375,0.0,0.0,1.0,0.7857142857142857,4.0,0.0,0.0
KALIMANTAN TENGAH,2025-01-21,2025,1,1,Jan,4,0,0,0,10.933090379008746,26.802254722730044,86.1798780487805,3.9849609375,1.0,0.0,1.1428571428571428,0.7142857142857143,4.0,0.0,0.0
KALIMANTAN TENGAH,2025-01-22,2025,1,1,Jan,4,0,0,0,10.933090379008746,26.802254722730044,86.1798780487805,3.9849609375,0.0,0.0,1.1428571428571428,0.6428571428571429,4.0,0.0,0.0
KALIMANTAN TENGAH,2025-01-23,2025,1,1,Jan,4,0,0,0,10.933090379008746,26.802254722730044,86.1798780487805,3.9849609375,0.0,1.0,1.1428571428571428,0.6428571428571429,4.0,0.0,0.0
KALIMANTAN TENGAH,2025-01-24,2025,1,1,Jan,4,0,0,0,10.933090379008746,26.802254722730044,86.1798780487805,3.9849609375,0.0,2.0,1.0,0.6428571428571429,4.0,0.0,0.0
KALIMANTAN TENGAH,2025-01-25,2025,1,1,Jan,4,0,0,0,10.933090379008746,26.802254722730044,86.1798780487805,3.9849609375,0.0,4.0,0.7142857142857143,0.5714285714285714,4.0,0.0,0.0
KALIMANTAN TENGAH,2025-01-26,2025,1,1,Jan,4,0,0,0,10.933090379008746,26.802254722730044,86.1798780487805,3.9849609375,0.0,0.0,0.14285714285714285,0.5714285714285714,1.0,0.0,0.0
KALIMANTAN TENGAH,2025-01-27,2025,1,1,Jan,5,0,0,0,10.933090379008746,26.802254722730044,86.1798780487805,3.9849609375,0.0,1.0,0.14285714285714285,0.5714285714285714,1.0,0.0,0.0
KALIMANTAN TENGAH,2025-01-28,2025,1,1,Jan,5,0,0,0,10.933090379008746,26.802254722730044,86.1798780487805,3.9849609375,0.0,0.0,0.0,0.5714285714285714,0.0,0.0,0.0
KALIMANTAN TENGAH,2025-01-29,2025,1,1,Jan,5,0,0,0,10.933090379008746,26.802254722730044,86.1798780487805,3.9849609375,0.0,0.0,0.0,0.5714285714285714,0.0,0.0,0.0
KALIMANTAN TENGAH,2025-01-30,2025,1,1,Jan,5,0,0,0,10.933090379008746,26.802254722730044,86.1798780487805,3.9849609375,0.0,0.0,0.0,0.5714285714285714,0.0,0.0,0.0
KALIMANTAN TENGAH,2025-01-31,2025,1,1,Jan,5,0,0,0,10.933090379008746,26.802254722730044,86.1798780487805,3.9849609375,0.0,0.0,0.0,0.5,0.0,0.0,0.0
KALIMANTAN TENGAH,2025-02-01,2025,1,2,Feb,5,1,0,0,12.637469387755102,26.951216216216217,85.72635135135135,4.21278140885984,0.0,0.0,0.0,0.35714285714285715,0.0,0.0,0.0
KALIMANTAN TENGAH,2025-02-02,2025,1,2,Feb,5,3,0,0,12.637469387755102,26.951216216216217,85.72635135135135,4.21278140885984,1.0,0.0,0.14285714285714285,0.14285714285714285,1.0,0.0,0.0
KALIMANTAN TENGAH,2025-02-03,2025,1,2,Feb,6,4,0,0,12.637469387755102,26.951216216216217,85.72635135135135,4.21278140885984,3.0,0.0,0.5714285714285714,0.35714285714285715,3.0,0.0,0.0
KALIMANTAN TENGAH,2025-02-04,2025,1,2,Feb,6,1,0,0,12.637469387755102,26.951216216216217,85.72635135135135,4.21278140885984,4.0,0.0,1.1428571428571428,0.5714285714285714,4.0,0.0,0.0
KALIMANTAN TENGAH,2025-02-05,2025,1,2,Feb,6,9,1,0,12.637469387755102,26.951216216216217,85.72635135135135,4.21278140885984,1.0,0.0,1.2857142857142858,0.6428571428571429,4.0,0.0,0.0
KALIMANTAN TENGAH,2025-02-06,2025,1,2,Feb,6,0,0,0,12.637469387755102,26.951216216216217,85.72635135135135,4.21278140885984,9.0,0.0,2.5714285714285716,1.2857142857142858,9.0,1.0,0.14285714285714285
KALIMANTAN TENGAH,2025-02-07,2025,1,2,Feb,6,1,0,0,12.637469387755102,26.951216216216217,85.72635135135135,4.21278140885984,0.0,0.0,2.5714285714285716,1.2857142857142858,9.0,0.0,0.14285714285714285
KALIMANTAN TENGAH,2025-02-08,2025,1,2,Feb,6,16,1,0,12.637469387755102,26.951216216216217,85.72635135135135,4.21278140885984,1.0,1.0,2.7142857142857144,1.3571428571428572,9.0,0.0,0.14285714285714285
KALIMANTAN TENGAH,2025-02-09,2025,1,2,Feb,6,1,0,0,12.637469387755102,26.951216216216217,85.72635135135135,4.21278140885984,16.0,3.0,4.857142857142857,2.5,16.0,1.0,0.2857142857142857
KALIMANTAN TENGAH,2025-02-10,2025,1,2,Feb,7,2,0,0,12.637469387755102,26.951216216216217,85.72635135135135,4.21278140885984,1.0,4.0,4.571428571428571,2.5714285714285716,16.0,0.0,0.2857142857142857
KALIMANTAN TENGAH,2025-02-11,2025,1,2,Feb,7,0,0,0,12.637469387755102,26.951216216216217,85.72635135135135,4.21278140885984,2.0,1.0,4.285714285714286,2.7142857142857144,16.0,0.0,0.2857142857142857
KALIMANTAN TENGAH,2025-02-12,2025,1,2,Feb,7,4,0,0,12.637469387755102,26.951216216216217,85.72635135135135,4.21278140885984,0.0,9.0,4.142857142857143,2.7142857142857144,16.0,0.0,0.2857142857142857
KALIMANTAN TENGAH,2025-02-13,2025,1,2,Feb,7,9,1,0,12.637469387755102,26.951216216216217,85.72635135135135,4.21278140885984,4.0,0.0,3.4285714285714284,3.0,16.0,0.0,0.14285714285714285
KALIMANTAN TENGAH,2025-02-14,2025,1,2,Feb,7,0,0,0,12.637469387755102,26.951216216216217,85.72635135135135,4.21278140885984,9.0,1.0,4.714285714285714,3.642857142857143,16.0,1.0,0.2857142857142857
KALIMANTAN TENGAH,2025-02-15,2025,1,2,Feb,7,1,0,0,12.637469387755102,26.951216216216217,85.72635135135135,4.21278140885984,0.0,16.0,4.571428571428571,3.642857142857143,16.0,0.0,0.2857142857142857
KALIMANTAN TENGAH,2025-02-16,2025,1,2,Feb,7,1,0,0,12.637469387755102,26.951216216216217,85.72635135135135,4.21278140885984,1.0,1.0,2.4285714285714284,3.642857142857143,9.0,0.0,0.14285714285714285
KALIMANTAN TENGAH,2025-02-17,2025,1,2,Feb,8,0,0,0,12.637469387755102,26.951216216216217,85.72635135135135,4.21278140885984,1.0,2.0,2.4285714285714284,3.5,9.0,0.0,0.14285714285714285
KALIMANTAN TENGAH,2025-02-18,2025,1,2,Feb,8,4,0,0,12.637469387755102,26.951216216216217,85.72635135135135,4.21278140885984,0.0,0.0,2.142857142857143,3.2142857142857144,9.0,0.0,0.14285714285714285
KALIMANTAN TENGAH,2025-02-19,2025,1,2,Feb,8,2,0,0,12.637469387755102,26.951216216216217,85.72635135135135,4.21278140885984,4.0,4.0,2.7142857142857144,3.4285714285714284,9.0,0.0,0.14285714285714285
KALIMANTAN TENGAH,2025-02-20,2025,1,2,Feb,8,0,0,0,12.637469387755102,26.951216216216217,85.72635135135135,4.21278140885984,2.0,9.0,2.4285714285714284,2.9285714285714284,9.0,0.0,0.14285714285714285
KALIMANTAN TENGAH,2025-02-21,2025,1,2,Feb,8,0,0,0,12.637469387755102,26.951216216216217,85.72635135135135,4.21278140885984,0.0,0.0,1.1428571428571428,2.9285714285714284,4.0,0.0,0.0
KALIMANTAN TENGAH,2025-02-22,2025,1,2,Feb,8,0,0,0,12.637469387755102,26.951216216216217,85.72635135135135,4.21278140885984,0.0,1.0,1.1428571428571428,2.857142857142857,4.0,0.0,0.0
KALIMANTAN TENGAH,2025-02-23,2025,1,2,Feb,8,0,0,0,12.637469387755102,26.951216216216217,85.72635135135135,4.21278140885984,0.0,1.0,1.0,1.7142857142857142,4.0,0.0,0.0
KALIMANTAN TENGAH,2025-02-24,2025,1,2,Feb,9,0,0,0,12.637469387755102,26.951216216216217,85.72635135135135,4.21278140885984,0.0,0.0,0.8571428571428571,1.6428571428571428,4.0,0.0,0.0
KALIMANTAN TENGAH,2025-02-25,2025,1,2,Feb,9,1,0,0,12.637469387755102,26.951216216216217,85.72635135135135,4.21278140885984,0.0,4.0,0.8571428571428571,1.5,4.0,0.0,0.0
KALIMANTAN TENGAH,2025-02-26,2025,1,2,Feb,9,0,0,0,12.637469387755102,26.951216216216217,85.72635135135135,4.21278140885984,1.0,2.0,0.42857142857142855,1.5714285714285714,2.0,0.0,0.0
KALIMANTAN TENGAH,2025-02-27,2025,1,2,Feb,9,8,0,0,12.637469387755102,26.951216216216217,85.72635135135135,4.21278140885984,0.0,0.0,0.14285714285714285,1.2857142857142858,1.0,0.0,0.0
KALIMANTAN TENGAH,2025-02-28,2025,1,2,Feb,9,4,0,0,12.637469387755102,26.951216216216217,85.72635135135135,4.21278140885984,8.0,0.0,1.2857142857142858,1.2142857142857142,8.0,0.0,0.0
KALIMANTAN TENGAH,2025-03-01,2025,1,3,Mar,9,0,0,0,12.259548104956266,26.995799876466954,86.31192093885115,4.400592885375494,4.0,0.0,1.8571428571428572,1.5,8.0,0.0,0.0
KALIMANTAN TENGAH,2025-03-02,2025,1,3,Mar,9,1,0,0,12.259548104956266,26.995799876466954,86.31192093885115,4.400592885375494,0.0,0.0,1.8571428571428572,1.4285714285714286,8.0,0.0,0.0
KALIMANTAN TENGAH,2025-03-03,2025,1,3,Mar,10,0,0,0,12.259548104956266,26.995799876466954,86.31192093885115,4.400592885375494,1.0,0.0,2.0,1.4285714285714286,8.0,0.0,0.0
KALIMANTAN TENGAH,2025-03-04,2025,1,3,Mar,10,2,0,0,12.259548104956266,26.995799876466954,86.31192093885115,4.400592885375494,0.0,1.0,2.0,1.4285714285714286,8.0,0.0,0.0
KALIMANTAN TENGAH,2025-03-05,2025,1,3,Mar,10,0,0,0,12.259548104956266,26.995799876466954,86.31192093885115,4.400592885375494,2.0,0.0,2.142857142857143,1.2857142857142858,8.0,0.0,0.0
KALIMANTAN TENGAH,2025-03-06,2025,1,3,Mar,10,2,0,0,12.259548104956266,26.995799876466954,86.31192093885115,4.400592885375494,0.0,8.0,2.142857142857143,1.1428571428571428,8.0,0.0,0.0
KALIMANTAN TENGAH,2025-03-07,2025,1,3,Mar,10,0,0,0,12.259548104956266,26.995799876466954,86.31192093885115,4.400592885375494,2.0,4.0,1.2857142857142858,1.2857142857142858,4.0,0.0,0.0
KALIMANTAN TENGAH,2025-03-08,2025,1,3,Mar,10,8,0,0,12.259548104956266,26.995799876466954,86.31192093885115,4.400592885375494,0.0,0.0,0.7142857142857143,1.2857142857142858,2.0,0.0,0.0
KALIMANTAN TENGAH,2025-03-09,2025,1,3,Mar,10,0,0,0,12.259548104956266,26.995799876466954,86.31192093885115,4.400592885375494,8.0,1.0,1.8571428571428572,1.8571428571428572,8.0,0.0,0.0
KALIMANTAN TENGAH,2025-03-10,2025,1,3,Mar,11,0,0,0,12.259548104956266,26.995799876466954,86.31192093885115,4.400592885375494,0.0,0.0,1.7142857142857142,1.8571428571428572,8.0,0.0,0.0
KALIMANTAN TENGAH,2025-03-11,2025,1,3,Mar,11,3,0,0,12.259548104956266,26.995799876466954,86.31192093885115,4.400592885375494,0.0,2.0,1.7142857142857142,1.8571428571428572,8.0,0.0,0.0
KALIMANTAN TENGAH,2025-03-12,2025,1,3,Mar,11,3,0,0,12.259548104956266,26.995799876466954,86.31192093885115,4.400592885375494,3.0,0.0,1.8571428571428572,2.0,8.0,0.0,0.0
KALIMANTAN TENGAH,2025-03-13,2025,1,3,Mar,11,4,0,0,12.259548104956266,26.995799876466954,86.31192093885115,4.400592885375494,3.0,2.0,2.2857142857142856,2.2142857142857144,8.0,0.0,0.0
KALIMANTAN TENGAH,2025-03-14,2025,1,3,Mar,11,2,0,0,12.259548104956266,26.995799876466954,86.31192093885115,4.400592885375494,4.0,0.0,2.5714285714285716,1.9285714285714286,8.0,0.0,0.0
KALIMANTAN TENGAH,2025-03-15,2025,1,3,Mar,11,0,0,0,12.259548104956266,26.995799876466954,86.31192093885115,4.400592885375494,2.0,8.0,2.857142857142857,1.7857142857142858,8.0,0.0,0.0
KALIMANTAN TENGAH,2025-03-16,2025,1,3,Mar,11,0,0,0,12.259548104956266,26.995799876466954,86.31192093885115,4.400592885375494,0.0,0.0,1.7142857142857142,1.7857142857142858,4.0,0.0,0.0
KALIMANTAN TENGAH,2025-03-17,2025,1,3,Mar,12,0,0,0,12.259548104956266,26.995799876466954,86.31192093885115,4.400592885375494,0.0,0.0,1.7142857142857142,1.7142857142857142,4.0,0.0,0.0
KALIMANTAN TENGAH,2025-03-18,2025,1,3,Mar,12,1,0,0,12.259548104956266,26.995799876466954,86.31192093885115,4.400592885375494,0.0,3.0,1.7142857142857142,1.7142857142857142,4.0,0.0,0.0
KALIMANTAN TENGAH,2025-03-19,2025,1,3,Mar,12,1,0,0,12.259548104956266,26.995799876466954,86.31192093885115,4.400592885375494,1.0,3.0,1.4285714285714286,1.6428571428571428,4.0,0.0,0.0
KALIMANTAN TENGAH,2025-03-20,2025,1,3,Mar,12,0,0,0,12.259548104956266,26.995799876466954,86.31192093885115,4.400592885375494,1.0,4.0,1.1428571428571428,1.7142857142857142,4.0,0.0,0.0
KALIMANTAN TENGAH,2025-03-21,2025,1,3,Mar,12,0,0,0,12.259548104956266,26.995799876466954,86.31192093885115,4.400592885375494,0.0,2.0,0.5714285714285714,1.5714285714285714,2.0,0.0,0.0
KALIMANTAN TENGAH,2025-03-22,2025,1,3,Mar,12,0,0,0,12.259548104956266,26.995799876466954,86.31192093885115,4.400592885375494,0.0,0.0,0.2857142857142857,1.5714285714285714,1.0,0.0,0.0
KALIMANTAN TENGAH,2025-03-23,2025,1,3,Mar,12,0,0,0,12.259548104956266,26.995799876466954,86.31192093885115,4.400592885375494,0.0,0.0,0.2857142857142857,1.0,1.0,0.0,0.0
KALIMANTAN TENGAH,2025-03-24,2025,1,3,Mar,13,0,0,0,12.259548104956266,26.995799876466954,86.31192093885115,4.400592885375494,0.0,0.0,0.2857142857142857,1.0,1.0,0.0,0.0
KALIMANTAN TENGAH,2025-03-25,2025,1,3,Mar,13,0,0,0,12.259548104956266,26.995799876466954,86.31192093885115,4.400592885375494,0.0,1.0,0.2857142857142857,1.0,1.0,0.0,0.0
KALIMANTAN TENGAH,2025-03-26,2025,1,3,Mar,13,3,0,0,12.259548104956266,26.995799876466954,86.31192093885115,4.400592885375494,0.0,1.0,0.14285714285714285,0.7857142857142857,1.0,0.0,0.0
KALIMANTAN TENGAH,2025-03-27,2025,1,3,Mar,13,4,0,0,12.259548104956266,26.995799876466954,86.31192093885115,4.400592885375494,3.0,0.0,0.42857142857142855,0.7857142857142857,3.0,0.0,0.0
KALIMANTAN TENGAH,2025-03-28,2025,1,3,Mar,13,6,0,0,12.259548104956266,26.995799876466954,86.31192093885115,4.400592885375494,4.0,0.0,1.0,0.7857142857142857,4.0,0.0,0.0
KALIMANTAN TENGAH,2025-03-29,2025,1,3,Mar,13,0,0,0,12.259548104956266,26.995799876466954,86.31192093885115,4.400592885375494,6.0,0.0,1.8571428571428572,1.0714285714285714,6.0,0.0,0.0
KALIMANTAN TENGAH,2025-03-30,2025,1,3,Mar,13,0,0,0,12.259548104956266,26.995799876466954,86.31192093885115,4.400592885375494,0.0,0.0,1.8571428571428572,1.0714285714285714,6.0,0.0,0.0
KALIMANTAN TENGAH,2025-03-31,2025,1,3,Mar,14,0,0,0,12.259548104956266,26.995799876466954,86.31192093885115,4.400592885375494,0.0,0.0,1.8571428571428572,1.0714285714285714,6.0,0.0,0.0
KALIMANTAN TENGAH,2025-04-01,2025,2,4,Apr,14,0,0,0,13.106221547799697,27.23281553398058,86.41359223300971,4.771120107962213,0.0,0.0,1.8571428571428572,1.0714285714285714,6.0,0.0,0.0
KALIMANTAN TENGAH,2025-04-02,2025,2,4,Apr,14,0,0,0,13.106221547799697,27.23281553398058,86.41359223300971,4.771120107962213,0.0,3.0,1.8571428571428572,1.0,6.0,0.0,0.0
KALIMANTAN TENGAH,2025-04-03,2025,2,4,Apr,14,0,0,0,13.106221547799697,27.23281553398058,86.41359223300971,4.771120107962213,0.0,4.0,1.4285714285714286,0.9285714285714286,6.0,0.0,0.0
KALIMANTAN TENGAH,2025-04-04,2025,2,4,Apr,14,0,0,0,13.106221547799697,27.23281553398058,86.41359223300971,4.771120107962213,0.0,6.0,0.8571428571428571,0.9285714285714286,6.0,0.0,0.0
KALIMANTAN TENGAH,2025-04-05,2025,2,4,Apr,14,0,0,0,13.106221547799697,27.23281553398058,86.41359223300971,4.771120107962213,0.0,0.0,0.0,0.9285714285714286,0.0,0.0,0.0
KALIMANTAN TENGAH,2025-04-06,2025,2,4,Apr,14,0,0,0,13.106221547799697,27.23281553398058,86.41359223300971,4.771120107962213,0.0,0.0,0.0,0.9285714285714286,0.0,0.0,0.0
KALIMANTAN TENGAH,2025-04-07,2025,2,4,Apr,15,1,0,0,13.106221547799697,27.23281553398058,86.41359223300971,4.771120107962213,0.0,0.0,0.0,0.9285714285714286,0.0,0.0,0.0
KALIMANTAN TENGAH,2025-04-08,2025,2,4,Apr,15,0,0,0,13.106221547799697,27.23281553398058,86.41359223300971,4.771120107962213,1.0,0.0,0.14285714285714285,1.0,1.0,0.0,0.0
KALIMANTAN TENGAH,2025-04-09,2025,2,4,Apr,15,0,0,0,13.106221547799697,27.23281553398058,86.41359223300971,4.771120107962213,0.0,0.0,0.14285714285714285,1.0,1.0,0.0,0.0
KALIMANTAN TENGAH,2025-04-10,2025,2,4,Apr,15,2,0,0,13.106221547799697,27.23281553398058,86.41359223300971,4.771120107962213,0.0,0.0,0.14285714285714285,0.7857142857142857,1.0,0.0,0.0
KALIMANTAN TENGAH,2025-04-11,2025,2,4,Apr,15,0,0,0,13.106221547799697,27.23281553398058,86.41359223300971,4.771120107962213,2.0,0.0,0.42857142857142855,0.6428571428571429,2.0,0.0,0.0
KALIMANTAN TENGAH,2025-04-12,2025,2,4,Apr,15,4,0,0,13.106221547799697,27.23281553398058,86.41359223300971,4.771120107962213,0.0,0.0,0.42857142857142855,0.21428571428571427,2.0,0.0,0.0
KALIMANTAN TENGAH,2025-04-13,2025,2,4,Apr,15,0,0,0,13.106221547799697,27.23281553398058,86.41359223300971,4.771120107962213,4.0,0.0,1.0,0.5,4.0,0.0,0.0
KALIMANTAN TENGAH,2025-04-14,2025,2,4,Apr,16,1,0,0,13.106221547799697,27.23281553398058,86.41359223300971,4.771120107962213,0.0,1.0,1.0,0.5,4.0,0.0,0.0
KALIMANTAN TENGAH,2025-04-15,2025,2,4,Apr,16,3,0,0,13.106221547799697,27.23281553398058,86.41359223300971,4.771120107962213,1.0,0.0,1.0,0.5714285714285714,4.0,0.0,0.0
KALIMANTAN TENGAH,2025-04-16,2025,2,4,Apr,16,0,0,0,13.106221547799697,27.23281553398058,86.41359223300971,4.771120107962213,3.0,0.0,1.4285714285714286,0.7857142857142857,4.0,0.0,0.0
KALIMANTAN TENGAH,2025-04-17,2025,2,4,Apr,16,1,0,0,13.106221547799697,27.23281553398058,86.41359223300971,4.771120107962213,0.0,2.0,1.4285714285714286,0.7857142857142857,4.0,0.0,0.0
KALIMANTAN TENGAH,2025-04-18,2025,2,4,Apr,16,0,0,0,13.106221547799697,27.23281553398058,86.41359223300971,4.771120107962213,1.0,0.0,1.2857142857142858,0.8571428571428571,4.0,0.0,0.0
KALIMANTAN TENGAH,2025-04-19,2025,2,4,Apr,16,3,0,0,13.106221547799697,27.23281553398058,86.41359223300971,4.771120107962213,0.0,4.0,1.2857142857142858,0.8571428571428571,4.0,0.0,0.0
KALIMANTAN TENGAH,2025-04-20,2025,2,4,Apr,16,0,0,0,13.106221547799697,27.23281553398058,86.41359223300971,4.771120107962213,3.0,0.0,1.1428571428571428,1.0714285714285714,3.0,0.0,0.0
KALIMANTAN TENGAH,2025-04-21,2025,2,4,Apr,17,0,0,0,13.106221547799697,27.23281553398058,86.41359223300971,4.771120107962213,0.0,1.0,1.1428571428571428,1.0714285714285714,3.0,0.0,0.0
KALIMANTAN TENGAH,2025-04-22,2025,2,4,Apr,17,3,0,0,13.106221547799697,27.23281553398058,86.41359223300971,4.771120107962213,0.0,3.0,1.0,1.0,3.0,0.0,0.0
KALIMANTAN TENGAH,2025-04-23,2025,2,4,Apr,17,2,0,0,13.106221547799697,27.23281553398058,86.41359223300971,4.771120107962213,3.0,0.0,1.0,1.2142857142857142,3.0,0.0,0.0
KALIMANTAN TENGAH,2025-04-24,2025,2,4,Apr,17,0,0,0,13.106221547799697,27.23281553398058,86.41359223300971,4.771120107962213,2.0,1.0,1.2857142857142858,1.3571428571428572,3.0,0.0,0.0
KALIMANTAN TENGAH,2025-04-25,2025,2,4,Apr,17,0,0,0,13.106221547799697,27.23281553398058,86.41359223300971,4.771120107962213,0.0,0.0,1.1428571428571428,1.2142857142857142,3.0,0.0,0.0
KALIMANTAN TENGAH,2025-04-26,2025,2,4,Apr,17,3,0,0,13.106221547799697,27.23281553398058,86.41359223300971,4.771120107962213,0.0,3.0,1.1428571428571428,1.2142857142857142,3.0,0.0,0.0
KALIMANTAN TENGAH,2025-04-27,2025,2,4,Apr,17,0,0,0,13.106221547799697,27.23281553398058,86.41359223300971,4.771120107962213,3.0,0.0,1.1428571428571428,1.1428571428571428,3.0,0.0,0.0
KALIMANTAN TENGAH,2025-04-28,2025,2,4,Apr,18,0,0,0,13.106221547799697,27.23281553398058,86.41359223300971,4.771120107962213,0.0,0.0,1.1428571428571428,1.1428571428571428,3.0,0.0,0.0
KALIMANTAN TENGAH,2025-04-29,2025,2,4,Apr,18,0,0,0,13.106221547799697,27.23281553398058,86.41359223300971,4.771120107962213,0.0,3.0,1.1428571428571428,1.0714285714285714,3.0,0.0,0.0
KALIMANTAN TENGAH,2025-04-30,2025,2,4,Apr,18,4,0,0,13.106221547799697,27.23281553398058,86.41359223300971,4.771120107962213,0.0,2.0,0.7142857142857143,0.8571428571428571,3.0,0.0,0.0
KALIMANTAN TENGAH,2025-05-01,2025,2,5,May,18,5,0,0,11.151386748844375,27.592093885114267,85.99567634342186,5.183237364043506,4.0,0.0,1.0,1.1428571428571428,4.0,0.0,0.0
KALIMANTAN TENGAH,2025-05-02,2025,2,5,May,18,2,0,0,11.151386748844375,27.592093885114267,85.99567634342186,5.183237364043506,5.0,0.0,1.7142857142857142,1.4285714285714286,5.0,0.0,0.0
KALIMANTAN TENGAH,2025-05-03,2025,2,5,May,18,17,1,0,11.151386748844375,27.592093885114267,85.99567634342186,5.183237364043506,2.0,3.0,2.0,1.5714285714285714,5.0,0.0,0.0
KALIMANTAN TENGAH,2025-05-04,2025,2,5,May,18,7,0,0,11.151386748844375,27.592093885114267,85.99567634342186,5.183237364043506,17.0,0.0,4.0,2.5714285714285716,17.0,1.0,0.14285714285714285
KALIMANTAN TENGAH,2025-05-05,2025,2,5,May,19,5,0,0,11.151386748844375,27.592093885114267,85.99567634342186,5.183237364043506,7.0,0.0,5.0,3.0714285714285716,17.0,0.0,0.14285714285714285
KALIMANTAN TENGAH,2025-05-06,2025,2,5,May,19,0,0,0,11.151386748844375,27.592093885114267,85.99567634342186,5.183237364043506,5.0,0.0,5.714285714285714,3.4285714285714284,17.0,0.0,0.14285714285714285
KALIMANTAN TENGAH,2025-05-07,2025,2,5,May,19,12,1,0,11.151386748844375,27.592093885114267,85.99567634342186,5.183237364043506,0.0,4.0,5.714285714285714,3.2142857142857144,17.0,0.0,0.14285714285714285
KALIMANTAN TENGAH,2025-05-08,2025,2,5,May,19,5,0,0,11.151386748844375,27.592093885114267,85.99567634342186,5.183237364043506,12.0,5.0,6.857142857142857,3.9285714285714284,17.0,1.0,0.2857142857142857
KALIMANTAN TENGAH,2025-05-09,2025,2,5,May,19,0,0,0,11.151386748844375,27.592093885114267,85.99567634342186,5.183237364043506,5.0,2.0,6.857142857142857,4.285714285714286,17.0,0.0,0.2857142857142857
KALIMANTAN TENGAH,2025-05-10,2025,2,5,May,19,4,0,0,11.151386748844375,27.592093885114267,85.99567634342186,5.183237364043506,0.0,17.0,6.571428571428571,4.285714285714286,17.0,0.0,0.2857142857142857
KALIMANTAN TENGAH,2025-05-11,2025,2,5,May,19,7,0,0,11.151386748844375,27.592093885114267,85.99567634342186,5.183237364043506,4.0,7.0,4.714285714285714,4.357142857142857,12.0,0.0,0.14285714285714285
KALIMANTAN TENGAH,2025-05-12,2025,2,5,May,20,5,0,0,11.151386748844375,27.592093885114267,85.99567634342186,5.183237364043506,7.0,5.0,4.714285714285714,4.857142857142857,12.0,0.0,0.14285714285714285
KALIMANTAN TENGAH,2025-05-13,2025,2,5,May,20,3,0,0,11.151386748844375,27.592093885114267,85.99567634342186,5.183237364043506,5.0,0.0,4.714285714285714,5.214285714285714,12.0,0.0,0.14285714285714285
KALIMANTAN TENGAH,2025-05-14,2025,2,5,May,20,4,0,0,11.151386748844375,27.592093885114267,85.99567634342186,5.183237364043506,3.0,12.0,5.142857142857143,5.428571428571429,12.0,0.0,0.14285714285714285
KALIMANTAN TENGAH,2025-05-15,2025,2,5,May,20,3,0,0,11.151386748844375,27.592093885114267,85.99567634342186,5.183237364043506,4.0,5.0,4.0,5.428571428571429,7.0,0.0,0.0
KALIMANTAN TENGAH,2025-05-16,2025,2,5,May,20,1,0,0,11.151386748844375,27.592093885114267,85.99567634342186,5.183237364043506,3.0,0.0,3.7142857142857144,5.285714285714286,7.0,0.0,0.0
KALIMANTAN TENGAH,2025-05-17,2025,2,5,May,20,0,0,0,11.151386748844375,27.592093885114267,85.99567634342186,5.183237364043506,1.0,4.0,3.857142857142857,5.214285714285714,7.0,0.0,0.0
KALIMANTAN TENGAH,2025-05-18,2025,2,5,May,20,5,0,0,11.151386748844375,27.592093885114267,85.99567634342186,5.183237364043506,0.0,7.0,3.2857142857142856,4.0,7.0,0.0,0.0
KALIMANTAN TENGAH,2025-05-19,2025,2,5,May,21,3,0,0,11.151386748844375,27.592093885114267,85.99567634342186,5.183237364043506,5.0,5.0,3.0,3.857142857142857,5.0,0.0,0.0
KALIMANTAN TENGAH,2025-05-20,2025,2,5,May,21,0,0,0,11.151386748844375,27.592093885114267,85.99567634342186,5.183237364043506,3.0,3.0,2.7142857142857144,3.7142857142857144,5.0,0.0,0.0
KALIMANTAN TENGAH,2025-05-21,2025,2,5,May,21,2,0,0,11.151386748844375,27.592093885114267,85.99567634342186,5.183237364043506,0.0,4.0,2.2857142857142856,3.7142857142857144,5.0,0.0,0.0
KALIMANTAN TENGAH,2025-05-22,2025,2,5,May,21,6,0,0,11.151386748844375,27.592093885114267,85.99567634342186,5.183237364043506,2.0,3.0,2.0,3.0,5.0,0.0,0.0
KALIMANTAN TENGAH,2025-05-23,2025,2,5,May,21,0,0,0,11.151386748844375,27.592093885114267,85.99567634342186,5.183237364043506,6.0,1.0,2.4285714285714284,3.0714285714285716,6.0,0.0,0.0
KALIMANTAN TENGAH,2025-05-24,2025,2,5,May,21,4,0,0,11.151386748844375,27.592093885114267,85.99567634342186,5.183237364043506,0.0,0.0,2.2857142857142856,3.0714285714285716,6.0,0.0,0.0
KALIMANTAN TENGAH,2025-05-25,2025,2,5,May,21,3,0,0,11.151386748844375,27.592093885114267,85.99567634342186,5.183237364043506,4.0,5.0,2.857142857142857,3.0714285714285716,6.0,0.0,0.0
KALIMANTAN TENGAH,2025-05-26,2025,2,5,May,22,4,0,0,11.151386748844375,27.592093885114267,85.99567634342186,5.183237364043506,3.0,3.0,2.5714285714285716,2.7857142857142856,6.0,0.0,0.0
KALIMANTAN TENGAH,2025-05-27,2025,2,5,May,22,0,0,0,11.151386748844375,27.592093885114267,85.99567634342186,5.183237364043506,4.0,0.0,2.7142857142857144,2.7142857142857144,6.0,0.0,0.0
KALIMANTAN TENGAH,2025-05-28,2025,2,5,May,22,0,0,0,11.151386748844375,27.592093885114267,85.99567634342186,5.183237364043506,0.0,2.0,2.7142857142857144,2.5,6.0,0.0,0.0
KALIMANTAN TENGAH,2025-05-29,2025,2,5,May,22,8,0,0,11.151386748844375,27.592093885114267,85.99567634342186,5.183237364043506,0.0,6.0,2.4285714285714284,2.2142857142857144,6.0,0.0,0.0
KALIMANTAN TENGAH,2025-05-30,2025,2,5,May,22,6,0,0,11.151386748844375,27.592093885114267,85.99567634342186,5.183237364043506,8.0,0.0,2.7142857142857144,2.5714285714285716,8.0,0.0,0.0
KALIMANTAN TENGAH,2025-05-31,2025,2,5,May,22,0,0,0,11.151386748844375,27.592093885114267,85.99567634342186,5.183237364043506,6.0,4.0,3.5714285714285716,2.9285714285714284,8.0,0.0,0.0
KALIMANTAN TENGAH,2025-06-01,2025,2,6,Jun,22,0,0,0,7.83347245409015,27.184980744544287,85.79653401797177,4.814170584284755,0.0,3.0,3.0,2.9285714285714284,8.0,0.0,0.0
KALIMANTAN TENGAH,2025-06-02,2025,2,6,Jun,23,0,0,0,7.83347245409015,27.184980744544287,85.79653401797177,4.814170584284755,0.0,4.0,2.5714285714285716,2.5714285714285716,8.0,0.0,0.0
KALIMANTAN TENGAH,2025-06-03,2025,2,6,Jun,23,0,0,0,7.83347245409015,27.184980744544287,85.79653401797177,4.814170584284755,0.0,0.0,2.0,2.357142857142857,8.0,0.0,0.0
KALIMANTAN TENGAH,2025-06-04,2025,2,6,Jun,23,5,0,0,7.83347245409015,27.184980744544287,85.79653401797177,4.814170584284755,0.0,0.0,2.0,2.357142857142857,8.0,0.0,0.0
KALIMANTAN TENGAH,2025-06-05,2025,2,6,Jun,23,4,0,0,7.83347245409015,27.184980744544287,85.79653401797177,4.814170584284755,5.0,8.0,2.7142857142857144,2.5714285714285716,8.0,0.0,0.0
KALIMANTAN TENGAH,2025-06-06,2025,2,6,Jun,23,8,0,0,7.83347245409015,27.184980744544287,85.79653401797177,4.814170584284755,4.0,6.0,2.142857142857143,2.4285714285714284,6.0,0.0,0.0
KALIMANTAN TENGAH,2025-06-07,2025,2,6,Jun,23,13,1,0,7.83347245409015,27.184980744544287,85.79653401797177,4.814170584284755,8.0,0.0,2.4285714285714284,3.0,8.0,0.0,0.0
KALIMANTAN TENGAH,2025-06-08,2025,2,6,Jun,23,13,1,0,7.83347245409015,27.184980744544287,85.79653401797177,4.814170584284755,13.0,0.0,4.285714285714286,3.642857142857143,13.0,1.0,0.14285714285714285
KALIMANTAN TENGAH,2025-06-09,2025,2,6,Jun,24,1,0,0,7.83347245409015,27.184980744544287,85.79653401797177,4.814170584284755,13.0,0.0,6.142857142857143,4.357142857142857,13.0,1.0,0.2857142857142857
KALIMANTAN TENGAH,2025-06-10,2025,2,6,Jun,24,3,0,0,7.83347245409015,27.184980744544287,85.79653401797177,4.814170584284755,1.0,0.0,6.285714285714286,4.142857142857143,13.0,0.0,0.2857142857142857
KALIMANTAN TENGAH,2025-06-11,2025,2,6,Jun,24,6,0,0,7.83347245409015,27.184980744544287,85.79653401797177,4.814170584284755,3.0,5.0,6.714285714285714,4.357142857142857,13.0,0.0,0.2857142857142857
KALIMANTAN TENGAH,2025-06-12,2025,2,6,Jun,24,6,0,0,7.83347245409015,27.184980744544287,85.79653401797177,4.814170584284755,6.0,4.0,6.857142857142857,4.785714285714286,13.0,0.0,0.2857142857142857
KALIMANTAN TENGAH,2025-06-13,2025,2,6,Jun,24,1,0,0,7.83347245409015,27.184980744544287,85.79653401797177,4.814170584284755,6.0,8.0,7.142857142857143,4.642857142857143,13.0,0.0,0.2857142857142857
KALIMANTAN TENGAH,2025-06-14,2025,2,6,Jun,24,1,0,0,7.83347245409015,27.184980744544287,85.79653401797177,4.814170584284755,1.0,13.0,6.142857142857143,4.285714285714286,13.0,0.0,0.2857142857142857
KALIMANTAN TENGAH,2025-06-15,2025,2,6,Jun,24,4,0,0,7.83347245409015,27.184980744544287,85.79653401797177,4.814170584284755,1.0,13.0,4.428571428571429,4.357142857142857,13.0,0.0,0.14285714285714285
KALIMANTAN TENGAH,2025-06-16,2025,2,6,Jun,25,3,0,0,7.83347245409015,27.184980744544287,85.79653401797177,4.814170584284755,4.0,1.0,3.142857142857143,4.642857142857143,6.0,0.0,0.0
KALIMANTAN TENGAH,2025-06-17,2025,2,6,Jun,25,2,0,0,7.83347245409015,27.184980744544287,85.79653401797177,4.814170584284755,3.0,3.0,3.4285714285714284,4.857142857142857,6.0,0.0,0.0
KALIMANTAN TENGAH,2025-06-18,2025,2,6,Jun,25,1,0,0,7.83347245409015,27.184980744544287,85.79653401797177,4.814170584284755,2.0,6.0,3.2857142857142856,5.0,6.0,0.0,0.0
KALIMANTAN TENGAH,2025-06-19,2025,2,6,Jun,25,0,0,0,7.83347245409015,27.184980744544287,85.79653401797177,4.814170584284755,1.0,6.0,2.5714285714285716,4.714285714285714,6.0,0.0,0.0
KALIMANTAN TENGAH,2025-06-20,2025,2,6,Jun,25,0,0,0,7.83347245409015,27.184980744544287,85.79653401797177,4.814170584284755,0.0,1.0,1.7142857142857142,4.428571428571429,4.0,0.0,0.0
KALIMANTAN TENGAH,2025-06-21,2025,2,6,Jun,25,2,0,0,7.83347245409015,27.184980744544287,85.79653401797177,4.814170584284755,0.0,1.0,1.5714285714285714,3.857142857142857,4.0,0.0,0.0
KALIMANTAN TENGAH,2025-06-22,2025,2,6,Jun,25,4,0,0,7.83347245409015,27.184980744544287,85.79653401797177,4.814170584284755,2.0,4.0,1.7142857142857142,3.0714285714285716,4.0,0.0,0.0
KALIMANTAN TENGAH,2025-06-23,2025,2,6,Jun,26,2,0,0,7.83347245409015,27.184980744544287,85.79653401797177,4.814170584284755,4.0,3.0,1.7142857142857142,2.4285714285714284,4.0,0.0,0.0
KALIMANTAN TENGAH,2025-06-24,2025,2,6,Jun,26,4,0,0,7.83347245409015,27.184980744544287,85.79653401797177,4.814170584284755,2.0,2.0,1.5714285714285714,2.5,4.0,0.0,0.0
KALIMANTAN TENGAH,2025-06-25,2025,2,6,Jun,26,0,0,0,7.83347245409015,27.184980744544287,85.79653401797177,4.814170584284755,4.0,1.0,1.8571428571428572,2.5714285714285716,4.0,0.0,0.0
KALIMANTAN TENGAH,2025-06-26,2025,2,6,Jun,26,3,0,0,7.83347245409015,27.184980744544287,85.79653401797177,4.814170584284755,0.0,0.0,1.7142857142857142,2.142857142857143,4.0,0.0,0.0
KALIMANTAN TENGAH,2025-06-27,2025,2,6,Jun,26,12,1,0,7.83347245409015,27.184980744544287,85.79653401797177,4.814170584284755,3.0,0.0,2.142857142857143,1.9285714285714286,4.0,0.0,0.0
KALIMANTAN TENGAH,2025-06-28,2025,2,6,Jun,26,0,0,0,7.83347245409015,27.184980744544287,85.79653401797177,4.814170584284755,12.0,2.0,3.857142857142857,2.7142857142857144,12.0,1.0,0.14285714285714285
KALIMANTAN TENGAH,2025-06-29,2025,2,6,Jun,26,2,0,0,7.83347245409015,27.184980744544287,85.79653401797177,4.814170584284755,0.0,4.0,3.5714285714285716,2.642857142857143,12.0,0.0,0.14285714285714285
KALIMANTAN TENGAH,2025-06-30,2025,2,6,Jun,27,2,0,0,7.83347245409015,27.184980744544287,85.79653401797177,4.814170584284755,2.0,2.0,3.2857142857142856,2.5,12.0,0.0,0.14285714285714285
KALIMANTAN TENGAH,2025-07-01,2025,3,7,Jul,27,1,0,1,7.410151006711409,26.748320097739768,85.1013431013431,5.216730038022813,2.0,4.0,3.2857142857142856,2.4285714285714284,12.0,0.0,0.14285714285714285
KALIMANTAN TENGAH,2025-07-02,2025,3,7,Jul,27,13,1,1,7.410151006711409,26.748320097739768,85.1013431013431,5.216730038022813,1.0,0.0,2.857142857142857,2.357142857142857,12.0,0.0,0.14285714285714285
KALIMANTAN TENGAH,2025-07-03,2025,3,7,Jul,27,15,1,1,7.410151006711409,26.748320097739768,85.1013431013431,5.216730038022813,13.0,3.0,4.714285714285714,3.2142857142857144,13.0,1.0,0.2857142857142857
KALIMANTAN TENGAH,2025-07-04,2025,3,7,Jul,27,2,0,1,7.410151006711409,26.748320097739768,85.1013431013431,5.216730038022813,15.0,12.0,6.428571428571429,4.285714285714286,15.0,1.0,0.42857142857142855
KALIMANTAN TENGAH,2025-07-05,2025,3,7,Jul,27,1,0,1,7.410151006711409,26.748320097739768,85.1013431013431,5.216730038022813,2.0,0.0,5.0,4.428571428571429,15.0,0.0,0.2857142857142857
KALIMANTAN TENGAH,2025-07-06,2025,3,7,Jul,27,3,0,1,7.410151006711409,26.748320097739768,85.1013431013431,5.216730038022813,1.0,2.0,5.142857142857143,4.357142857142857,15.0,0.0,0.2857142857142857
KALIMANTAN TENGAH,2025-07-07,2025,3,7,Jul,28,0,0,1,7.410151006711409,26.748320097739768,85.1013431013431,5.216730038022813,3.0,2.0,5.285714285714286,4.285714285714286,15.0,0.0,0.2857142857142857
KALIMANTAN TENGAH,2025-07-08,2025,3,7,Jul,28,1,0,1,7.410151006711409,26.748320097739768,85.1013431013431,5.216730038022813,0.0,1.0,5.0,4.142857142857143,15.0,0.0,0.2857142857142857
KALIMANTAN TENGAH,2025-07-09,2025,3,7,Jul,28,6,0,1,7.410151006711409,26.748320097739768,85.1013431013431,5.216730038022813,1.0,13.0,5.0,3.9285714285714284,15.0,0.0,0.2857142857142857
KALIMANTAN TENGAH,2025-07-10,2025,3,7,Jul,28,3,0,1,7.410151006711409,26.748320097739768,85.1013431013431,5.216730038022813,6.0,15.0,4.0,4.357142857142857,15.0,0.0,0.14285714285714285
KALIMANTAN TENGAH,2025-07-11,2025,3,7,Jul,28,4,0,1,7.410151006711409,26.748320097739768,85.1013431013431,5.216730038022813,3.0,2.0,2.2857142857142856,4.357142857142857,6.0,0.0,0.0
KALIMANTAN TENGAH,2025-07-12,2025,3,7,Jul,28,4,0,1,7.410151006711409,26.748320097739768,85.1013431013431,5.216730038022813,4.0,1.0,2.5714285714285716,3.7857142857142856,6.0,0.0,0.0
KALIMANTAN TENGAH,2025-07-13,2025,3,7,Jul,28,28,1,1,7.410151006711409,26.748320097739768,85.1013431013431,5.216730038022813,4.0,3.0,3.0,4.071428571428571,6.0,0.0,0.0
KALIMANTAN TENGAH,2025-07-14,2025,3,7,Jul,29,3,0,1,7.410151006711409,26.748320097739768,85.1013431013431,5.216730038022813,28.0,0.0,6.571428571428571,5.928571428571429,28.0,1.0,0.14285714285714285
KALIMANTAN TENGAH,2025-07-15,2025,3,7,Jul,29,0,0,1,7.410151006711409,26.748320097739768,85.1013431013431,5.216730038022813,3.0,1.0,7.0,6.0,28.0,0.0,0.14285714285714285
KALIMANTAN TENGAH,2025-07-16,2025,3,7,Jul,29,1,0,1,7.410151006711409,26.748320097739768,85.1013431013431,5.216730038022813,0.0,6.0,6.857142857142857,5.928571428571429,28.0,0.0,0.14285714285714285
KALIMANTAN TENGAH,2025-07-17,2025,3,7,Jul,29,2,0,1,7.410151006711409,26.748320097739768,85.1013431013431,5.216730038022813,1.0,3.0,6.142857142857143,5.071428571428571,28.0,0.0,0.14285714285714285
KALIMANTAN TENGAH,2025-07-18,2025,3,7,Jul,29,0,0,1,7.410151006711409,26.748320097739768,85.1013431013431,5.216730038022813,2.0,4.0,6.0,4.142857142857143,28.0,0.0,0.14285714285714285
KALIMANTAN TENGAH,2025-07-19,2025,3,7,Jul,29,1,0,1,7.410151006711409,26.748320097739768,85.1013431013431,5.216730038022813,0.0,4.0,5.428571428571429,4.0,28.0,0.0,0.14285714285714285
KALIMANTAN TENGAH,2025-07-20,2025,3,7,Jul,29,5,0,1,7.410151006711409,26.748320097739768,85.1013431013431,5.216730038022813,1.0,28.0,5.0,4.0,28.0,0.0,0.14285714285714285
KALIMANTAN TENGAH,2025-07-21,2025,3,7,Jul,30,13,1,1,7.410151006711409,26.748320097739768,85.1013431013431,5.216730038022813,5.0,3.0,1.7142857142857142,4.142857142857143,5.0,0.0,0.0
KALIMANTAN TENGAH,2025-07-22,2025,3,7,Jul,30,17,1,1,7.410151006711409,26.748320097739768,85.1013431013431,5.216730038022813,13.0,0.0,3.142857142857143,5.071428571428571,13.0,1.0,0.14285714285714285
KALIMANTAN TENGAH,2025-07-23,2025,3,7,Jul,30,18,1,1,7.410151006711409,26.748320097739768,85.1013431013431,5.216730038022813,17.0,1.0,5.571428571428571,6.214285714285714,17.0,1.0,0.2857142857142857
KALIMANTAN TENGAH,2025-07-24,2025,3,7,Jul,30,27,1,1,7.410151006711409,26.748320097739768,85.1013431013431,5.216730038022813,18.0,2.0,8.0,7.071428571428571,18.0,1.0,0.42857142857142855
KALIMANTAN TENGAH,2025-07-25,2025,3,7,Jul,30,15,1,1,7.410151006711409,26.748320097739768,85.1013431013431,5.216730038022813,27.0,0.0,11.571428571428571,8.785714285714286,27.0,1.0,0.5714285714285714
KALIMANTAN TENGAH,2025-07-26,2025,3,7,Jul,30,8,0,1,7.410151006711409,26.748320097739768,85.1013431013431,5.216730038022813,15.0,1.0,13.714285714285714,9.571428571428571,27.0,1.0,0.7142857142857143
KALIMANTAN TENGAH,2025-07-27,2025,3,7,Jul,30,7,0,1,7.410151006711409,26.748320097739768,85.1013431013431,5.216730038022813,8.0,5.0,14.714285714285714,9.857142857142858,27.0,0.0,0.7142857142857143
KALIMANTAN TENGAH,2025-07-28,2025,3,7,Jul,31,31,1,1,7.410151006711409,26.748320097739768,85.1013431013431,5.216730038022813,7.0,13.0,15.0,8.357142857142858,27.0,0.0,0.7142857142857143
KALIMANTAN TENGAH,2025-07-29,2025,3,7,Jul,31,79,1,1,7.410151006711409,26.748320097739768,85.1013431013431,5.216730038022813,31.0,17.0,17.571428571428573,10.357142857142858,31.0,1.0,0.7142857142857143
KALIMANTAN TENGAH,2025-07-30,2025,3,7,Jul,31,37,1,1,7.410151006711409,26.748320097739768,85.1013431013431,5.216730038022813,79.0,18.0,26.428571428571427,16.0,79.0,1.0,0.7142857142857143
KALIMANTAN TENGAH,2025-07-31,2025,3,7,Jul,31,27,1,1,7.410151006711409,26.748320097739768,85.1013431013431,5.216730038022813,37.0,27.0,29.142857142857142,18.571428571428573,79.0,1.0,0.7142857142857143
KALIMANTAN TENGAH,2025-08-01,2025,3,8,Aug,31,32,1,1,5.577419354838709,26.897021276595744,83.18419452887538,5.365379665379665,27.0,15.0,29.142857142857142,20.357142857142858,79.0,1.0,0.7142857142857143
KALIMANTAN TENGAH,2025-08-02,2025,3,8,Aug,31,18,1,1,5.577419354838709,26.897021276595744,83.18419452887538,5.365379665379665,32.0,8.0,31.571428571428573,22.642857142857142,79.0,1.0,0.7142857142857143
KALIMANTAN TENGAH,2025-08-03,2025,3,8,Aug,31,9,1,1,5.577419354838709,26.897021276595744,83.18419452887538,5.365379665379665,18.0,7.0,33.0,23.857142857142858,79.0,1.0,0.8571428571428571
KALIMANTAN TENGAH,2025-08-04,2025,3,8,Aug,32,0,0,1,5.577419354838709,26.897021276595744,83.18419452887538,5.365379665379665,9.0,31.0,33.285714285714285,24.142857142857142,79.0,1.0,1.0
KALIMANTAN TENGAH,2025-08-05,2025,3,8,Aug,32,1,0,1,5.577419354838709,26.897021276595744,83.18419452887538,5.365379665379665,0.0,79.0,28.857142857142858,23.214285714285715,79.0,0.0,0.8571428571428571
KALIMANTAN TENGAH,2025-08-06,2025,3,8,Aug,32,6,0,1,5.577419354838709,26.897021276595744,83.18419452887538,5.365379665379665,1.0,37.0,17.714285714285715,22.071428571428573,37.0,0.0,0.7142857142857143
KALIMANTAN TENGAH,2025-08-07,2025,3,8,Aug,32,14,1,1,5.577419354838709,26.897021276595744,83.18419452887538,5.365379665379665,6.0,27.0,13.285714285714286,21.214285714285715,32.0,0.0,0.5714285714285714
KALIMANTAN TENGAH,2025-08-08,2025,3,8,Aug,32,26,1,1,5.577419354838709,26.897021276595744,83.18419452887538,5.365379665379665,14.0,32.0,11.428571428571429,20.285714285714285,32.0,1.0,0.5714285714285714
KALIMANTAN TENGAH,2025-08-09,2025,3,8,Aug,32,5,0,1,5.577419354838709,26.897021276595744,83.18419452887538,5.365379665379665,26.0,18.0,10.571428571428571,21.071428571428573,26.0,1.0,0.5714285714285714
KALIMANTAN TENGAH,2025-08-10,2025,3,8,Aug,32,9,1,1,5.577419354838709,26.897021276595744,83.18419452887538,5.365379665379665,5.0,9.0,8.714285714285714,20.857142857142858,26.0,0.0,0.42857142857142855
KALIMANTAN TENGAH,2025-08-11,2025,3,8,Aug,33,7,0,1,5.577419354838709,26.897021276595744,83.18419452887538,5.365379665379665,9.0,0.0,8.714285714285714,21.0,26.0,1.0,0.42857142857142855
KALIMANTAN TENGAH,2025-08-12,2025,3,8,Aug,33,0,0,1,5.577419354838709,26.897021276595744,83.18419452887538,5.365379665379665,7.0,1.0,9.714285714285714,19.285714285714285,26.0,0.0,0.42857142857142855
KALIMANTAN TENGAH,2025-08-13,2025,3,8,Aug,33,2,0,1,5.577419354838709,26.897021276595744,83.18419452887538,5.365379665379665,0.0,6.0,9.571428571428571,13.642857142857142,26.0,0.0,0.42857142857142855
KALIMANTAN TENGAH,2025-08-14,2025,3,8,Aug,33,3,0,1,5.577419354838709,26.897021276595744,83.18419452887538,5.365379665379665,2.0,14.0,9.0,11.142857142857142,26.0,0.0,0.42857142857142855
KALIMANTAN TENGAH,2025-08-15,2025,3,8,Aug,33,1,0,1,5.577419354838709,26.897021276595744,83.18419452887538,5.365379665379665,3.0,26.0,7.428571428571429,9.428571428571429,26.0,0.0,0.2857142857142857
KALIMANTAN TENGAH,2025-08-16,2025,3,8,Aug,33,1,0,1,5.577419354838709,26.897021276595744,83.18419452887538,5.365379665379665,1.0,5.0,3.857142857142857,7.214285714285714,9.0,0.0,0.14285714285714285
KALIMANTAN TENGAH,2025-08-17,2025,3,8,Aug,33,0,0,1,5.577419354838709,26.897021276595744,83.18419452887538,5.365379665379665,1.0,9.0,3.2857142857142856,6.0,9.0,0.0,0.14285714285714285
KALIMANTAN TENGAH,2025-08-18,2025,3,8,Aug,34,4,0,1,5.577419354838709,26.897021276595744,83.18419452887538,5.365379665379665,0.0,7.0,2.0,5.357142857142857,7.0,0.0,0.0
KALIMANTAN TENGAH,2025-08-19,2025,3,8,Aug,34,3,0,1,5.577419354838709,26.897021276595744,83.18419452887538,5.365379665379665,4.0,0.0,1.5714285714285714,5.642857142857143,4.0,0.0,0.0
KALIMANTAN TENGAH,2025-08-20,2025,3,8,Aug,34,0,0,1,5.577419354838709,26.897021276595744,83.18419452887538,5.365379665379665,3.0,2.0,2.0,5.785714285714286,4.0,0.0,0.0
KALIMANTAN TENGAH,2025-08-21,2025,3,8,Aug,34,0,0,1,5.577419354838709,26.897021276595744,83.18419452887538,5.365379665379665,0.0,3.0,1.7142857142857142,5.357142857142857,4.0,0.0,0.0
KALIMANTAN TENGAH,2025-08-22,2025,3,8,Aug,34,2,0,1,5.577419354838709,26.897021276595744,83.18419452887538,5.365379665379665,0.0,1.0,1.2857142857142858,4.357142857142857,4.0,0.0,0.0
KALIMANTAN TENGAH,2025-08-23,2025,3,8,Aug,34,12,1,1,5.577419354838709,26.897021276595744,83.18419452887538,5.365379665379665,2.0,1.0,1.4285714285714286,2.642857142857143,4.0,0.0,0.0
KALIMANTAN TENGAH,2025-08-24,2025,3,8,Aug,34,2,0,1,5.577419354838709,26.897021276595744,83.18419452887538,5.365379665379665,12.0,0.0,3.0,3.142857142857143,12.0,1.0,0.14285714285714285
KALIMANTAN TENGAH,2025-08-25,2025,3,8,Aug,35,5,0,1,5.577419354838709,26.897021276595744,83.18419452887538,5.365379665379665,2.0,4.0,3.2857142857142856,2.642857142857143,12.0,0.0,0.14285714285714285
KALIMANTAN TENGAH,2025-08-26,2025,3,8,Aug,35,15,1,1,5.577419354838709,26.897021276595744,83.18419452887538,5.365379665379665,5.0,3.0,3.4285714285714284,2.5,12.0,0.0,0.14285714285714285
KALIMANTAN TENGAH,2025-08-27,2025,3,8,Aug,35,11,1,1,5.577419354838709,26.897021276595744,83.18419452887538,5.365379665379665,15.0,0.0,5.142857142857143,3.5714285714285716,15.0,1.0,0.2857142857142857
KALIMANTAN TENGAH,2025-08-28,2025,3,8,Aug,35,44,1,1,5.577419354838709,26.897021276595744,83.18419452887538,5.365379665379665,11.0,0.0,6.714285714285714,4.214285714285714,15.0,1.0,0.42857142857142855
KALIMANTAN TENGAH,2025-08-29,2025,3,8,Aug,35,45,1,1,5.577419354838709,26.897021276595744,83.18419452887538,5.365379665379665,44.0,2.0,13.0,7.142857142857143,44.0,1.0,0.5714285714285714
KALIMANTAN TENGAH,2025-08-30,2025,3,8,Aug,35,46,1,1,5.577419354838709,26.897021276595744,83.18419452887538,5.365379665379665,45.0,12.0,19.142857142857142,10.285714285714286,45.0,1.0,0.7142857142857143
KALIMANTAN TENGAH,2025-08-31,2025,3,8,Aug,35,0,0,1,5.577419354838709,26.897021276595744,83.18419452887538,5.365379665379665,46.0,2.0,24.0,13.5,46.0,1.0,0.7142857142857143
KALIMANTAN TENGAH,2025-09-01,2025,3,9,Sep,36,3,0,1,6.192142188961646,27.117810026385225,82.9505277044855,4.540082644628099,0.0,5.0,23.714285714285715,13.5,46.0,0.0,0.7142857142857143
KALIMANTAN TENGAH,2025-09-02,2025,3,9,Sep,36,4,0,1,6.192142188961646,27.117810026385225,82.9505277044855,4.540082644628099,3.0,15.0,23.428571428571427,13.428571428571429,46.0,0.0,0.7142857142857143
KALIMANTAN TENGAH,2025-09-03,2025,3,9,Sep,36,1,0,1,6.192142188961646,27.117810026385225,82.9505277044855,4.540082644628099,4.0,11.0,21.857142857142858,13.5,46.0,0.0,0.5714285714285714
KALIMANTAN TENGAH,2025-09-04,2025,3,9,Sep,36,6,0,1,6.192142188961646,27.117810026385225,82.9505277044855,4.540082644628099,1.0,44.0,20.428571428571427,13.571428571428571,46.0,0.0,0.42857142857142855
KALIMANTAN TENGAH,2025-09-05,2025,3,9,Sep,36,0,0,1,6.192142188961646,27.117810026385225,82.9505277044855,4.540082644628099,6.0,45.0,15.0,14.0,46.0,0.0,0.2857142857142857
KALIMANTAN TENGAH,2025-09-06,2025,3,9,Sep,36,2,0,1,6.192142188961646,27.117810026385225,82.9505277044855,4.540082644628099,0.0,46.0,8.571428571428571,13.857142857142858,46.0,0.0,0.14285714285714285
KALIMANTAN TENGAH,2025-09-07,2025,3,9,Sep,36,0,0,1,6.192142188961646,27.117810026385225,82.9505277044855,4.540082644628099,2.0,0.0,2.2857142857142856,13.142857142857142,6.0,0.0,0.0
KALIMANTAN TENGAH,2025-09-08,2025,3,9,Sep,37,0,0,1,6.192142188961646,27.117810026385225,82.9505277044855,4.540082644628099,0.0,3.0,2.2857142857142856,13.0,6.0,0.0,0.0
KALIMANTAN TENGAH,2025-09-09,2025,3,9,Sep,37,3,0,1,6.192142188961646,27.117810026385225,82.9505277044855,4.540082644628099,0.0,4.0,1.8571428571428572,12.642857142857142,6.0,0.0,0.0
KALIMANTAN TENGAH,2025-09-10,2025,3,9,Sep,37,0,0,1,6.192142188961646,27.117810026385225,82.9505277044855,4.540082644628099,3.0,1.0,1.7142857142857142,11.785714285714286,6.0,0.0,0.0
KALIMANTAN TENGAH,2025-09-11,2025,3,9,Sep,37,0,0,1,6.192142188961646,27.117810026385225,82.9505277044855,4.540082644628099,0.0,6.0,1.5714285714285714,11.0,6.0,0.0,0.0
KALIMANTAN TENGAH,2025-09-12,2025,3,9,Sep,37,1,0,1,6.192142188961646,27.117810026385225,82.9505277044855,4.540082644628099,0.0,0.0,0.7142857142857143,7.857142857142857,3.0,0.0,0.0
KALIMANTAN TENGAH,2025-09-13,2025,3,9,Sep,37,0,0,1,6.192142188961646,27.117810026385225,82.9505277044855,4.540082644628099,1.0,2.0,0.8571428571428571,4.714285714285714,3.0,0.0,0.0
KALIMANTAN TENGAH,2025-09-14,2025,3,9,Sep,37,6,0,1,6.192142188961646,27.117810026385225,82.9505277044855,4.540082644628099,0.0,0.0,0.5714285714285714,1.4285714285714286,3.0,0.0,0.0
KALIMANTAN TENGAH,2025-09-15,2025,3,9,Sep,38,9,1,1,6.192142188961646,27.117810026385225,82.9505277044855,4.540082644628099,6.0,0.0,1.4285714285714286,1.8571428571428572,6.0,0.0,0.0
KALIMANTAN TENGAH,2025-09-16,2025,3,9,Sep,38,0,0,1,6.192142188961646,27.117810026385225,82.9505277044855,4.540082644628099,9.0,3.0,2.7142857142857144,2.2857142857142856,9.0,1.0,0.14285714285714285
KALIMANTAN TENGAH,2025-09-17,2025,3,9,Sep,38,0,0,1,6.192142188961646,27.117810026385225,82.9505277044855,4.540082644628099,0.0,0.0,2.2857142857142856,2.0,9.0,0.0,0.14285714285714285
KALIMANTAN TENGAH,2025-09-18,2025,3,9,Sep,38,1,0,1,6.192142188961646,27.117810026385225,82.9505277044855,4.540082644628099,0.0,0.0,2.2857142857142856,1.9285714285714286,9.0,0.0,0.14285714285714285
KALIMANTAN TENGAH,2025-09-19,2025,3,9,Sep,38,12,1,1,6.192142188961646,27.117810026385225,82.9505277044855,4.540082644628099,1.0,1.0,2.4285714285714284,1.5714285714285714,9.0,0.0,0.14285714285714285
KALIMANTAN TENGAH,2025-09-20,2025,3,9,Sep,38,9,1,1,6.192142188961646,27.117810026385225,82.9505277044855,4.540082644628099,12.0,0.0,4.0,2.4285714285714284,12.0,1.0,0.2857142857142857
KALIMANTAN TENGAH,2025-09-21,2025,3,9,Sep,38,10,1,1,6.192142188961646,27.117810026385225,82.9505277044855,4.540082644628099,9.0,6.0,5.285714285714286,2.9285714285714284,12.0,1.0,0.42857142857142855
KALIMANTAN TENGAH,2025-09-22,2025,3,9,Sep,39,142,1,1,6.192142188961646,27.117810026385225,82.9505277044855,4.540082644628099,10.0,9.0,5.857142857142857,3.642857142857143,12.0,1.0,0.5714285714285714
KALIMANTAN TENGAH,2025-09-23,2025,3,9,Sep,39,142,1,1,6.192142188961646,27.117810026385225,82.9505277044855,4.540082644628099,142.0,0.0,24.857142857142858,13.785714285714286,142.0,1.0,0.5714285714285714
KALIMANTAN TENGAH,2025-09-24,2025,3,9,Sep,39,377,1,1,6.192142188961646,27.117810026385225,82.9505277044855,4.540082644628099,142.0,0.0,45.142857142857146,23.714285714285715,142.0,1.0,0.7142857142857143
KALIMANTAN TENGAH,2025-09-25,2025,3,9,Sep,39,426,1,1,6.192142188961646,27.117810026385225,82.9505277044855,4.540082644628099,377.0,1.0,99.0,50.642857142857146,377.0,1.0,0.8571428571428571
KALIMANTAN TENGAH,2025-09-26,2025,3,9,Sep,39,42,1,1,6.192142188961646,27.117810026385225,82.9505277044855,4.540082644628099,426.0,12.0,159.71428571428572,81.07142857142857,426.0,1.0,1.0
KALIMANTAN TENGAH,2025-09-27,2025,3,9,Sep,39,139,1,1,6.192142188961646,27.117810026385225,82.9505277044855,4.540082644628099,42.0,9.0,164.0,84.0,426.0,1.0,1.0
KALIMANTAN TENGAH,2025-09-28,2025,3,9,Sep,39,157,1,1,6.192142188961646,27.117810026385225,82.9505277044855,4.540082644628099,139.0,10.0,182.57142857142858,93.92857142857143,426.0,1.0,1.0
KALIMANTAN TENGAH,2025-09-29,2025,3,9,Sep,40,5,0,1,6.192142188961646,27.117810026385225,82.9505277044855,4.540082644628099,157.0,142.0,203.57142857142858,104.71428571428571,426.0,1.0,1.0
KALIMANTAN TENGAH,2025-09-30,2025,3,9,Sep,40,0,0,1,6.192142188961646,27.117810026385225,82.9505277044855,4.540082644628099,5.0,142.0,184.0,104.42857142857143,426.0,0.0,0.8571428571428571
KALIMANTAN TENGAH,2025-10-01,2025,4,10,Oct,40,23,1,1,9.101290322580645,27.386121437422553,83.65675340768277,4.540275049115913,0.0,377.0,163.71428571428572,104.42857142857143,426.0,0.0,0.7142857142857143
KALIMANTAN TENGAH,2025-10-02,2025,4,10,Oct,40,37,1,1,9.101290322580645,27.386121437422553,83.65675340768277,4.540275049115913,23.0,426.0,113.14285714285714,106.07142857142857,426.0,1.0,0.7142857142857143
KALIMANTAN TENGAH,2025-10-03,2025,4,10,Oct,40,35,1,1,9.101290322580645,27.386121437422553,83.65675340768277,4.540275049115913,37.0,42.0,57.57142857142857,108.64285714285714,157.0,1.0,0.7142857142857143
KALIMANTAN TENGAH,2025-10-04,2025,4,10,Oct,40,0,0,1,9.101290322580645,27.386121437422553,83.65675340768277,4.540275049115913,35.0,139.0,56.57142857142857,110.28571428571429,157.0,1.0,0.7142857142857143
KALIMANTAN TENGAH,2025-10-05,2025,4,10,Oct,40,7,0,1,9.101290322580645,27.386121437422553,83.65675340768277,4.540275049115913,0.0,157.0,36.714285714285715,109.64285714285714,157.0,0.0,0.5714285714285714
KALIMANTAN TENGAH,2025-10-06,2025,4,10,Oct,41,1,0,1,9.101290322580645,27.386121437422553,83.65675340768277,4.540275049115913,7.0,5.0,15.285714285714286,109.42857142857143,37.0,0.0,0.42857142857142855
KALIMANTAN TENGAH,2025-10-07,2025,4,10,Oct,41,54,1,1,9.101290322580645,27.386121437422553,83.65675340768277,4.540275049115913,1.0,0.0,14.714285714285714,99.35714285714286,37.0,0.0,0.42857142857142855
KALIMANTAN TENGAH,2025-10-08,2025,4,10,Oct,41,82,1,1,9.101290322580645,27.386121437422553,83.65675340768277,4.540275049115913,54.0,23.0,22.428571428571427,93.07142857142857,54.0,1.0,0.5714285714285714
KALIMANTAN TENGAH,2025-10-09,2025,4,10,Oct,41,43,1,1,9.101290322580645,27.386121437422553,83.65675340768277,4.540275049115913,82.0,37.0,30.857142857142858,72.0,82.0,1.0,0.5714285714285714
KALIMANTAN TENGAH,2025-10-10,2025,4,10,Oct,41,217,1,1,9.101290322580645,27.386121437422553,83.65675340768277,4.540275049115913,43.0,35.0,31.714285714285715,44.642857142857146,82.0,1.0,0.5714285714285714
KALIMANTAN TENGAH,2025-10-11,2025,4,10,Oct,41,101,1,1,9.101290322580645,27.386121437422553,83.65675340768277,4.540275049115913,217.0,0.0,57.714285714285715,57.142857142857146,217.0,1.0,0.5714285714285714
KALIMANTAN TENGAH,2025-10-12,2025,4,10,Oct,41,141,1,1,9.101290322580645,27.386121437422553,83.65675340768277,4.540275049115913,101.0,7.0,72.14285714285714,54.42857142857143,217.0,1.0,0.7142857142857143
KALIMANTAN TENGAH,2025-10-13,2025,4,10,Oct,42,44,1,1,9.101290322580645,27.386121437422553,83.65675340768277,4.540275049115913,141.0,1.0,91.28571428571429,53.285714285714285,217.0,1.0,0.8571428571428571
KALIMANTAN TENGAH,2025-10-14,2025,4,10,Oct,42,47,1,1,9.101290322580645,27.386121437422553,83.65675340768277,4.540275049115913,44.0,54.0,97.42857142857143,56.07142857142857,217.0,1.0,1.0
KALIMANTAN TENGAH,2025-10-15,2025,4,10,Oct,42,32,1,1,9.101290322580645,27.386121437422553,83.65675340768277,4.540275049115913,47.0,82.0,96.42857142857143,59.42857142857143,217.0,1.0,1.0
KALIMANTAN TENGAH,2025-10-16,2025,4,10,Oct,42,56,1,1,9.101290322580645,27.386121437422553,83.65675340768277,4.540275049115913,32.0,43.0,89.28571428571429,60.07142857142857,217.0,1.0,1.0
KALIMANTAN TENGAH,2025-10-17,2025,4,10,Oct,42,25,1,1,9.101290322580645,27.386121437422553,83.65675340768277,4.540275049115913,56.0,217.0,91.14285714285714,61.42857142857143,217.0,1.0,1.0
KALIMANTAN TENGAH,2025-10-18,2025,4,10,Oct,42,13,1,1,9.101290322580645,27.386121437422553,83.65675340768277,4.540275049115913,25.0,101.0,63.714285714285715,60.714285714285715,141.0,1.0,1.0
KALIMANTAN TENGAH,2025-10-19,2025,4,10,Oct,42,6,0,1,9.101290322580645,27.386121437422553,83.65675340768277,4.540275049115913,13.0,141.0,51.142857142857146,61.642857142857146,141.0,1.0,1.0
KALIMANTAN TENGAH,2025-10-20,2025,4,10,Oct,43,0,0,1,9.101290322580645,27.386121437422553,83.65675340768277,4.540275049115913,6.0,44.0,31.857142857142858,61.57142857142857,56.0,0.0,0.8571428571428571
KALIMANTAN TENGAH,2025-10-21,2025,4,10,Oct,43,13,1,1,9.101290322580645,27.386121437422553,83.65675340768277,4.540275049115913,0.0,47.0,25.571428571428573,61.5,56.0,0.0,0.7142857142857143
KALIMANTAN TENGAH,2025-10-22,2025,4,10,Oct,43,5,0,1,9.101290322580645,27.386121437422553,83.65675340768277,4.540275049115913,13.0,32.0,20.714285714285715,58.57142857142857,56.0,1.0,0.7142857142857143
KALIMANTAN TENGAH,2025-10-23,2025,4,10,Oct,43,7,0,1,9.101290322580645,27.386121437422553,83.65675340768277,4.540275049115913,5.0,56.0,16.857142857142858,53.07142857142857,56.0,0.0,0.5714285714285714
KALIMANTAN TENGAH,2025-10-24,2025,4,10,Oct,43,12,1,1,9.101290322580645,27.386121437422553,83.65675340768277,4.540275049115913,7.0,25.0,9.857142857142858,50.5,25.0,0.0,0.42857142857142855
KALIMANTAN TENGAH,2025-10-25,2025,4,10,Oct,43,5,0,1,9.101290322580645,27.386121437422553,83.65675340768277,4.540275049115913,12.0,13.0,8.0,35.857142857142854,13.0,1.0,0.42857142857142855
KALIMANTAN TENGAH,2025-10-26,2025,4,10,Oct,43,0,0,1,9.101290322580645,27.386121437422553,83.65675340768277,4.540275049115913,5.0,6.0,6.857142857142857,29.0,13.0,0.0,0.2857142857142857
KALIMANTAN TENGAH,2025-10-27,2025,4,10,Oct,44,0,0,1,9.101290322580645,27.386121437422553,83.65675340768277,4.540275049115913,0.0,0.0,6.0,18.928571428571427,13.0,0.0,0.2857142857142857
KALIMANTAN TENGAH,2025-10-28,2025,4,10,Oct,44,5,0,1,9.101290322580645,27.386121437422553,83.65675340768277,4.540275049115913,0.0,13.0,6.0,15.785714285714286,13.0,0.0,0.2857142857142857
KALIMANTAN TENGAH,2025-10-29,2025,4,10,Oct,44,0,0,1,9.101290322580645,27.386121437422553,83.65675340768277,4.540275049115913,5.0,5.0,4.857142857142857,12.785714285714286,12.0,0.0,0.14285714285714285
KALIMANTAN TENGAH,2025-10-30,2025,4,10,Oct,44,2,0,1,9.101290322580645,27.386121437422553,83.65675340768277,4.540275049115913,0.0,7.0,4.142857142857143,10.5,12.0,0.0,0.14285714285714285
KALIMANTAN TENGAH,2025-10-31,2025,4,10,Oct,44,0,0,1,9.101290322580645,27.386121437422553,83.65675340768277,4.540275049115913,2.0,12.0,3.4285714285714284,6.642857142857143,12.0,0.0,0.14285714285714285
KALIMANTAN TENGAH,2025-11-01,2025,4,11,Nov,44,17,1,0,13.046425939572586,27.228983688833125,85.55457967377666,4.5384970336189845,0.0,5.0,1.7142857142857142,4.857142857142857,5.0,0.0,0.0
KALIMANTAN TENGAH,2025-11-02,2025,4,11,Nov,44,2,0,0,13.046425939572586,27.228983688833125,85.55457967377666,4.5384970336189845,17.0,0.0,3.4285714285714284,5.142857142857143,17.0,1.0,0.14285714285714285
KALIMANTAN TENGAH,2025-11-03,2025,4,11,Nov,45,4,0,0,13.046425939572586,27.228983688833125,85.55457967377666,4.5384970336189845,2.0,0.0,3.7142857142857144,4.857142857142857,17.0,0.0,0.14285714285714285
KALIMANTAN TENGAH,2025-11-04,2025,4,11,Nov,45,8,0,0,13.046425939572586,27.228983688833125,85.55457967377666,4.5384970336189845,4.0,5.0,4.285714285714286,5.142857142857143,17.0,0.0,0.14285714285714285
KALIMANTAN TENGAH,2025-11-05,2025,4,11,Nov,45,2,0,0,13.046425939572586,27.228983688833125,85.55457967377666,4.5384970336189845,8.0,0.0,4.714285714285714,4.785714285714286,17.0,0.0,0.14285714285714285
KALIMANTAN TENGAH,2025-11-06,2025,4,11,Nov,45,0,0,0,13.046425939572586,27.228983688833125,85.55457967377666,4.5384970336189845,2.0,2.0,5.0,4.571428571428571,17.0,0.0,0.14285714285714285
KALIMANTAN TENGAH,2025-11-07,2025,4,11,Nov,45,1,0,0,13.046425939572586,27.228983688833125,85.55457967377666,4.5384970336189845,0.0,0.0,4.714285714285714,4.071428571428571,17.0,0.0,0.14285714285714285
KALIMANTAN TENGAH,2025-11-08,2025,4,11,Nov,45,40,1,0,13.046425939572586,27.228983688833125,85.55457967377666,4.5384970336189845,1.0,17.0,4.857142857142857,3.2857142857142856,17.0,0.0,0.14285714285714285
KALIMANTAN TENGAH,2025-11-09,2025,4,11,Nov,45,0,0,0,13.046425939572586,27.228983688833125,85.55457967377666,4.5384970336189845,40.0,2.0,8.142857142857142,5.785714285714286,40.0,1.0,0.14285714285714285
KALIMANTAN TENGAH,2025-11-10,2025,4,11,Nov,46,0,0,0,13.046425939572586,27.228983688833125,85.55457967377666,4.5384970336189845,0.0,4.0,7.857142857142857,5.785714285714286,40.0,0.0,0.14285714285714285
KALIMANTAN TENGAH,2025-11-11,2025,4,11,Nov,46,1,0,0,13.046425939572586,27.228983688833125,85.55457967377666,4.5384970336189845,0.0,8.0,7.285714285714286,5.785714285714286,40.0,0.0,0.14285714285714285
KALIMANTAN TENGAH,2025-11-12,2025,4,11,Nov,46,1,0,0,13.046425939572586,27.228983688833125,85.55457967377666,4.5384970336189845,1.0,2.0,6.285714285714286,5.5,40.0,0.0,0.14285714285714285
KALIMANTAN TENGAH,2025-11-13,2025,4,11,Nov,46,21,1,0,13.046425939572586,27.228983688833125,85.55457967377666,4.5384970336189845,1.0,0.0,6.142857142857143,5.571428571428571,40.0,0.0,0.14285714285714285
KALIMANTAN TENGAH,2025-11-14,2025,4,11,Nov,46,1,0,0,13.046425939572586,27.228983688833125,85.55457967377666,4.5384970336189845,21.0,1.0,9.142857142857142,6.928571428571429,40.0,1.0,0.2857142857142857
KALIMANTAN TENGAH,2025-11-15,2025,4,11,Nov,46,1,0,0,13.046425939572586,27.228983688833125,85.55457967377666,4.5384970336189845,1.0,40.0,9.142857142857142,7.0,40.0,0.0,0.2857142857142857
KALIMANTAN TENGAH,2025-11-16,2025,4,11,Nov,46,0,0,0,13.046425939572586,27.228983688833125,85.55457967377666,4.5384970336189845,1.0,0.0,3.5714285714285716,5.857142857142857,21.0,0.0,0.14285714285714285
KALIMANTAN TENGAH,2025-11-17,2025,4,11,Nov,47,2,0,0,13.046425939572586,27.228983688833125,85.55457967377666,4.5384970336189845,0.0,0.0,3.5714285714285716,5.714285714285714,21.0,0.0,0.14285714285714285
KALIMANTAN TENGAH,2025-11-18,2025,4,11,Nov,47,10,1,0,13.046425939572586,27.228983688833125,85.55457967377666,4.5384970336189845,2.0,1.0,3.857142857142857,5.571428571428571,21.0,0.0,0.14285714285714285
KALIMANTAN TENGAH,2025-11-19,2025,4,11,Nov,47,0,0,0,13.046425939572586,27.228983688833125,85.55457967377666,4.5384970336189845,10.0,1.0,5.142857142857143,5.714285714285714,21.0,1.0,0.2857142857142857
KALIMANTAN TENGAH,2025-11-20,2025,4,11,Nov,47,0,0,0,13.046425939572586,27.228983688833125,85.55457967377666,4.5384970336189845,0.0,21.0,5.0,5.571428571428571,21.0,0.0,0.2857142857142857
KALIMANTAN TENGAH,2025-11-21,2025,4,11,Nov,47,0,0,0,13.046425939572586,27.228983688833125,85.55457967377666,4.5384970336189845,0.0,1.0,2.0,5.571428571428571,10.0,0.0,0.14285714285714285
KALIMANTAN TENGAH,2025-11-22,2025,4,11,Nov,47,0,0,0,13.046425939572586,27.228983688833125,85.55457967377666,4.5384970336189845,0.0,1.0,1.8571428571428572,5.5,10.0,0.0,0.14285714285714285
KALIMANTAN TENGAH,2025-11-23,2025,4,11,Nov,47,1,0,0,13.046425939572586,27.228983688833125,85.55457967377666,4.5384970336189845,0.0,0.0,1.7142857142857142,2.642857142857143,10.0,0.0,0.14285714285714285
KALIMANTAN TENGAH,2025-11-24,2025,4,11,Nov,48,1,0,0,13.046425939572586,27.228983688833125,85.55457967377666,4.5384970336189845,1.0,2.0,1.8571428571428572,2.7142857142857144,10.0,0.0,0.14285714285714285
KALIMANTAN TENGAH,2025-11-25,2025,4,11,Nov,48,2,0,0,13.046425939572586,27.228983688833125,85.55457967377666,4.5384970336189845,1.0,10.0,1.7142857142857142,2.7857142857142856,10.0,0.0,0.14285714285714285
KALIMANTAN TENGAH,2025-11-26,2025,4,11,Nov,48,0,0,0,13.046425939572586,27.228983688833125,85.55457967377666,4.5384970336189845,2.0,0.0,0.5714285714285714,2.857142857142857,2.0,0.0,0.0
KALIMANTAN TENGAH,2025-11-27,2025,4,11,Nov,48,0,0,0,13.046425939572586,27.228983688833125,85.55457967377666,4.5384970336189845,0.0,0.0,0.5714285714285714,2.7857142857142856,2.0,0.0,0.0
KALIMANTAN TENGAH,2025-11-28,2025,4,11,Nov,48,13,1,0,13.046425939572586,27.228983688833125,85.55457967377666,4.5384970336189845,0.0,0.0,0.5714285714285714,1.2857142857142858,2.0,0.0,0.0
KALIMANTAN TENGAH,2025-11-29,2025,4,11,Nov,48,0,0,0,13.046425939572586,27.228983688833125,85.55457967377666,4.5384970336189845,13.0,0.0,2.4285714285714284,2.142857142857143,13.0,1.0,0.14285714285714285
KALIMANTAN TENGAH,2025-11-30,2025,4,11,Nov,48,0,0,0,13.046425939572586,27.228983688833125,85.55457967377666,4.5384970336189845,0.0,1.0,2.4285714285714284,2.0714285714285716,13.0,0.0,0.14285714285714285
KALIMANTAN TENGAH,2025-12-01,2025,4,12,Dec,49,0,0,0,12.143301104972375,26.83712901271956,86.58025439127802,3.8609375,0.0,1.0,2.2857142857142856,2.0714285714285716,13.0,0.0,0.14285714285714285
KALIMANTAN TENGAH,2025-12-02,2025,4,12,Dec,49,0,0,0,12.143301104972375,26.83712901271956,86.58025439127802,3.8609375,0.0,2.0,2.142857142857143,1.9285714285714286,13.0,0.0,0.14285714285714285
KALIMANTAN TENGAH,2025-12-03,2025,4,12,Dec,49,2,0,0,12.143301104972375,26.83712901271956,86.58025439127802,3.8609375,0.0,0.0,1.8571428571428572,1.2142857142857142,13.0,0.0,0.14285714285714285
KALIMANTAN TENGAH,2025-12-04,2025,4,12,Dec,49,0,0,0,12.143301104972375,26.83712901271956,86.58025439127802,3.8609375,2.0,0.0,2.142857142857143,1.3571428571428572,13.0,0.0,0.14285714285714285
KALIMANTAN TENGAH,2025-12-05,2025,4,12,Dec,49,0,0,0,12.143301104972375,26.83712901271956,86.58025439127802,3.8609375,0.0,13.0,2.142857142857143,1.3571428571428572,13.0,0.0,0.14285714285714285
KALIMANTAN TENGAH,2025-12-06,2025,4,12,Dec,49,0,0,0,12.143301104972375,26.83712901271956,86.58025439127802,3.8609375,0.0,0.0,0.2857142857142857,1.3571428571428572,2.0,0.0,0.0
KALIMANTAN TENGAH,2025-12-07,2025,4,12,Dec,49,2,0,0,12.143301104972375,26.83712901271956,86.58025439127802,3.8609375,0.0,0.0,0.2857142857142857,1.3571428571428572,2.0,0.0,0.0
KALIMANTAN TENGAH,2025-12-08,2025,4,12,Dec,50,0,0,0,12.143301104972375,26.83712901271956,86.58025439127802,3.8609375,2.0,0.0,0.5714285714285714,1.4285714285714286,2.0,0.0,0.0
KALIMANTAN TENGAH,2025-12-09,2025,4,12,Dec,50,0,0,0,12.143301104972375,26.83712901271956,86.58025439127802,3.8609375,0.0,0.0,0.5714285714285714,1.3571428571428572,2.0,0.0,0.0
KALIMANTAN TENGAH,2025-12-10,2025,4,12,Dec,50,1,0,0,12.143301104972375,26.83712901271956,86.58025439127802,3.8609375,0.0,2.0,0.5714285714285714,1.2142857142857142,2.0,0.0,0.0
KALIMANTAN TENGAH,2025-12-11,2025,4,12,Dec,50,1,0,0,12.143301104972375,26.83712901271956,86.58025439127802,3.8609375,1.0,0.0,0.42857142857142855,1.2857142857142858,2.0,0.0,0.0
KALIMANTAN TENGAH,2025-12-12,2025,4,12,Dec,50,0,0,0,12.143301104972375,26.83712901271956,86.58025439127802,3.8609375,1.0,0.0,0.5714285714285714,1.3571428571428572,2.0,0.0,0.0
KALIMANTAN TENGAH,2025-12-13,2025,4,12,Dec,50,1,0,0,12.143301104972375,26.83712901271956,86.58025439127802,3.8609375,0.0,0.0,0.5714285714285714,0.42857142857142855,2.0,0.0,0.0
KALIMANTAN TENGAH,2025-12-14,2025,4,12,Dec,50,0,0,0,12.143301104972375,26.83712901271956,86.58025439127802,3.8609375,1.0,2.0,0.7142857142857143,0.5,2.0,0.0,0.0
KALIMANTAN TENGAH,2025-12-15,2025,4,12,Dec,51,0,0,0,12.143301104972375,26.83712901271956,86.58025439127802,3.8609375,0.0,0.0,0.42857142857142855,0.5,1.0,0.0,0.0
KALIMANTAN TENGAH,2025-12-16,2025,4,12,Dec,51,3,0,0,12.143301104972375,26.83712901271956,86.58025439127802,3.8609375,0.0,0.0,0.42857142857142855,0.5,1.0,0.0,0.0
KALIMANTAN TENGAH,2025-12-17,2025,4,12,Dec,51,1,0,0,12.143301104972375,26.83712901271956,86.58025439127802,3.8609375,3.0,1.0,0.8571428571428571,0.7142857142857143,3.0,0.0,0.0
KALIMANTAN TENGAH,2025-12-18,2025,4,12,Dec,51,0,0,0,12.143301104972375,26.83712901271956,86.58025439127802,3.8609375,1.0,1.0,0.8571428571428571,0.6428571428571429,3.0,0.0,0.0
KALIMANTAN TENGAH,2025-12-19,2025,4,12,Dec,51,0,0,0,12.143301104972375,26.83712901271956,86.58025439127802,3.8609375,0.0,0.0,0.7142857142857143,0.6428571428571429,3.0,0.0,0.0
KALIMANTAN TENGAH,2025-12-20,2025,4,12,Dec,51,0,0,0,12.143301104972375,26.83712901271956,86.58025439127802,3.8609375,0.0,1.0,0.7142857142857143,0.6428571428571429,3.0,0.0,0.0
KALIMANTAN TENGAH,2025-12-21,2025,4,12,Dec,51,0,0,0,12.143301104972375,26.83712901271956,86.58025439127802,3.8609375,0.0,0.0,0.5714285714285714,0.6428571428571429,3.0,0.0,0.0
KALIMANTAN TENGAH,2025-12-22,2025,4,12,Dec,52,0,0,0,12.143301104972375,26.83712901271956,86.58025439127802,3.8609375,0.0,0.0,0.5714285714285714,0.5,3.0,0.0,0.0
KALIMANTAN TENGAH,2025-12-23,2025,4,12,Dec,52,0,0,0,12.143301104972375,26.83712901271956,86.58025439127802,3.8609375,0.0,3.0,0.5714285714285714,0.5,3.0,0.0,0.0
KALIMANTAN TENGAH,2025-12-24,2025,4,12,Dec,52,0,0,0,12.143301104972375,26.83712901271956,86.58025439127802,3.8609375,0.0,1.0,0.14285714285714285,0.5,1.0,0.0,0.0
KALIMANTAN TENGAH,2025-12-25,2025,4,12,Dec,52,0,0,0,12.143301104972375,26.83712901271956,86.58025439127802,3.8609375,0.0,0.0,0.0,0.42857142857142855,0.0,0.0,0.0
KALIMANTAN TENGAH,2025-12-26,2025,4,12,Dec,52,2,0,0,12.143301104972375,26.83712901271956,86.58025439127802,3.8609375,0.0,0.0,0.0,0.35714285714285715,0.0,0.0,0.0
KALIMANTAN TENGAH,2025-12-27,2025,4,12,Dec,52,0,0,0,12.143301104972375,26.83712901271956,86.58025439127802,3.8609375,2.0,0.0,0.2857142857142857,0.5,2.0,0.0,0.0
KALIMANTAN TENGAH,2025-12-28,2025,4,12,Dec,52,0,0,0,12.143301104972375,26.83712901271956,86.58025439127802,3.8609375,0.0,0.0,0.2857142857142857,0.42857142857142855,2.0,0.0,0.0
KALIMANTAN TENGAH,2025-12-29,2025,4,12,Dec,1,0,0,0,12.143301104972375,26.83712901271956,86.58025439127802,3.8609375,0.0,0.0,0.2857142857142857,0.42857142857142855,2.0,0.0,0.0
KALIMANTAN TENGAH,2025-12-30,2025,4,12,Dec,1,0,0,0,12.143301104972375,26.83712901271956,86.58025439127802,3.8609375,0.0,0.0,0.2857142857142857,0.42857142857142855,2.0,0.0,0.0
KALIMANTAN TENGAH,2025-12-31,2025,4,12,Dec,1,0,0,0,12.143301104972375,26.83712901271956,86.58025439127802,3.8609375,0.0,0.0,0.2857142857142857,0.21428571428571427,2.0,0.0,0.0
KALIMANTAN TENGAH,2026-01-01,2026,1,1,Jan,1,0,0,0,10.933090379008746,26.802254722730044,86.1798780487805,3.9849609375,0.0,0.0,0.2857142857142857,0.14285714285714285,2.0,0.0,0.0
KALIMANTAN TENGAH,2026-01-02,2026,1,1,Jan,1,0,0,0,10.933090379008746,26.802254722730044,86.1798780487805,3.9849609375,0.0,2.0,0.2857142857142857,0.14285714285714285,2.0,0.0,0.0
KALIMANTAN TENGAH,2026-01-03,2026,1,1,Jan,1,0,0,0,10.933090379008746,26.802254722730044,86.1798780487805,3.9849609375,0.0,0.0,0.0,0.14285714285714285,0.0,0.0,0.0
KALIMANTAN TENGAH,2026-01-04,2026,1,1,Jan,1,0,0,0,10.933090379008746,26.802254722730044,86.1798780487805,3.9849609375,0.0,0.0,0.0,0.14285714285714285,0.0,0.0,0.0
KALIMANTAN TENGAH,2026-01-05,2026,1,1,Jan,2,0,0,0,10.933090379008746,26.802254722730044,86.1798780487805,3.9849609375,0.0,0.0,0.0,0.14285714285714285,0.0,0.0,0.0
KALIMANTAN TENGAH,2026-01-06,2026,1,1,Jan,2,0,0,0,10.933090379008746,26.802254722730044,86.1798780487805,3.9849609375,0.0,0.0,0.0,0.14285714285714285,0.0,0.0,0.0
KALIMANTAN TENGAH,2026-01-07,2026,1,1,Jan,2,0,0,0,10.933090379008746,26.802254722730044,86.1798780487805,3.9849609375,0.0,0.0,0.0,0.14285714285714285,0.0,0.0,0.0
KALIMANTAN TENGAH,2026-01-08,2026,1,1,Jan,2,1,0,0,10.933090379008746,26.802254722730044,86.1798780487805,3.9849609375,0.0,0.0,0.0,0.14285714285714285,0.0,0.0,0.0
KALIMANTAN TENGAH,2026-01-09,2026,1,1,Jan,2,0,0,0,10.933090379008746,26.802254722730044,86.1798780487805,3.9849609375,1.0,0.0,0.14285714285714285,0.21428571428571427,1.0,0.0,0.0
KALIMANTAN TENGAH,2026-01-10,2026,1,1,Jan,2,0,0,0,10.933090379008746,26.802254722730044,86.1798780487805,3.9849609375,0.0,0.0,0.14285714285714285,0.07142857142857142,1.0,0.0,0.0
KALIMANTAN TENGAH,2026-01-11,2026,1,1,Jan,2,0,0,0,10.933090379008746,26.802254722730044,86.1798780487805,3.9849609375,0.0,0.0,0.14285714285714285,0.07142857142857142,1.0,0.0,0.0
KALIMANTAN TENGAH,2026-01-12,2026,1,1,Jan,3,2,0,0,10.933090379008746,26.802254722730044,86.1798780487805,3.9849609375,0.0,0.0,0.14285714285714285,0.07142857142857142,1.0,0.0,0.0
KALIMANTAN TENGAH,2026-01-13,2026,1,1,Jan,3,6,0,0,10.933090379008746,26.802254722730044,86.1798780487805,3.9849609375,2.0,0.0,0.42857142857142855,0.21428571428571427,2.0,0.0,0.0
KALIMANTAN TENGAH,2026-01-14,2026,1,1,Jan,3,15,1,0,10.933090379008746,26.802254722730044,86.1798780487805,3.9849609375,6.0,0.0,1.2857142857142858,0.6428571428571429,6.0,0.0,0.0
KALIMANTAN TENGAH,2026-01-15,2026,1,1,Jan,3,13,1,0,10.933090379008746,26.802254722730044,86.1798780487805,3.9849609375,15.0,1.0,3.4285714285714284,1.7142857142857142,15.0,1.0,0.14285714285714285
KALIMANTAN TENGAH,2026-01-16,2026,1,1,Jan,3,45,1,0,10.933090379008746,26.802254722730044,86.1798780487805,3.9849609375,13.0,0.0,5.142857142857143,2.642857142857143,15.0,1.0,0.2857142857142857
KALIMANTAN TENGAH,2026-01-17,2026,1,1,Jan,3,30,1,0,10.933090379008746,26.802254722730044,86.1798780487805,3.9849609375,45.0,0.0,11.571428571428571,5.857142857142857,45.0,1.0,0.42857142857142855
KALIMANTAN TENGAH,2026-01-18,2026,1,1,Jan,3,0,0,0,10.933090379008746,26.802254722730044,86.1798780487805,3.9849609375,30.0,0.0,15.857142857142858,8.0,45.0,1.0,0.5714285714285714
KALIMANTAN TENGAH,2026-01-19,2026,1,1,Jan,4,32,1,0,10.933090379008746,26.802254722730044,86.1798780487805,3.9849609375,0.0,2.0,15.857142857142858,8.0,45.0,0.0,0.5714285714285714
KALIMANTAN TENGAH,2026-01-20,2026,1,1,Jan,4,57,1,0,10.933090379008746,26.802254722730044,86.1798780487805,3.9849609375,32.0,6.0,20.142857142857142,10.285714285714286,45.0,1.0,0.7142857142857143
KALIMANTAN TENGAH,2026-01-21,2026,1,1,Jan,4,64,1,0,10.933090379008746,26.802254722730044,86.1798780487805,3.9849609375,57.0,15.0,27.428571428571427,14.357142857142858,57.0,1.0,0.8571428571428571
KALIMANTAN TENGAH,2026-01-22,2026,1,1,Jan,4,23,1,0,10.933090379008746,26.802254722730044,86.1798780487805,3.9849609375,64.0,13.0,34.42857142857143,18.928571428571427,64.0,1.0,0.8571428571428571
KALIMANTAN TENGAH,2026-01-23,2026,1,1,Jan,4,29,1,0,10.933090379008746,26.802254722730044,86.1798780487805,3.9849609375,23.0,45.0,35.857142857142854,20.5,64.0,1.0,0.8571428571428571
KALIMANTAN TENGAH,2026-01-24,2026,1,1,Jan,4,20,1,0,10.933090379008746,26.802254722730044,86.1798780487805,3.9849609375,29.0,30.0,33.57142857142857,22.571428571428573,64.0,1.0,0.8571428571428571
KALIMANTAN TENGAH,2026-01-25,2026,1,1,Jan,4,11,1,0,10.933090379008746,26.802254722730044,86.1798780487805,3.9849609375,20.0,0.0,32.142857142857146,24.0,64.0,1.0,0.8571428571428571
KALIMANTAN TENGAH,2026-01-26,2026,1,1,Jan,5,23,1,0,10.933090379008746,26.802254722730044,86.1798780487805,3.9849609375,11.0,32.0,33.714285714285715,24.785714285714285,64.0,1.0,1.0
KALIMANTAN TENGAH,2026-01-27,2026,1,1,Jan,5,5,0,0,10.933090379008746,26.802254722730044,86.1798780487805,3.9849609375,23.0,57.0,32.42857142857143,26.285714285714285,64.0,1.0,1.0
KALIMANTAN TENGAH,2026-01-28,2026,1,1,Jan,5,2,0,0,10.933090379008746,26.802254722730044,86.1798780487805,3.9849609375,5.0,64.0,25.0,26.214285714285715,64.0,0.0,0.8571428571428571
KALIMANTAN TENGAH,2026-01-29,2026,1,1,Jan,5,22,1,0,10.933090379008746,26.802254722730044,86.1798780487805,3.9849609375,2.0,23.0,16.142857142857142,25.285714285714285,29.0,0.0,0.7142857142857143
KALIMANTAN TENGAH,2026-01-30,2026,1,1,Jan,5,4,0,0,10.933090379008746,26.802254722730044,86.1798780487805,3.9849609375,22.0,29.0,16.0,25.928571428571427,29.0,1.0,0.7142857142857143
KALIMANTAN TENGAH,2026-01-31,2026,1,1,Jan,5,2,0,0,10.933090379008746,26.802254722730044,86.1798780487805,3.9849609375,4.0,20.0,12.428571428571429,23.0,23.0,0.0,0.5714285714285714
KALIMANTAN TENGAH,2026-02-01,2026,1,2,Feb,5,10,1,0,12.637469387755102,26.951216216216217,85.72635135135135,4.21278140885984,2.0,11.0,9.857142857142858,21.0,23.0,0.0,0.42857142857142855
KALIMANTAN TENGAH,2026-02-02,2026,1,2,Feb,6,0,0,0,12.637469387755102,26.951216216216217,85.72635135135135,4.21278140885984,10.0,23.0,9.714285714285714,21.714285714285715,23.0,1.0,0.42857142857142855
KALIMANTAN TENGAH,2026-02-03,2026,1,2,Feb,6,0,0,0,12.637469387755102,26.951216216216217,85.72635135135135,4.21278140885984,0.0,5.0,6.428571428571429,19.428571428571427,22.0,0.0,0.2857142857142857
KALIMANTAN TENGAH,2026-02-04,2026,1,2,Feb,6,0,0,0,12.637469387755102,26.951216216216217,85.72635135135135,4.21278140885984,0.0,2.0,5.714285714285714,15.357142857142858,22.0,0.0,0.2857142857142857
KALIMANTAN TENGAH,2026-02-05,2026,1,2,Feb,6,0,0,0,12.637469387755102,26.951216216216217,85.72635135135135,4.21278140885984,0.0,22.0,5.428571428571429,10.785714285714286,22.0,0.0,0.2857142857142857
KALIMANTAN TENGAH,2026-02-06,2026,1,2,Feb,6,0,0,0,12.637469387755102,26.951216216216217,85.72635135135135,4.21278140885984,0.0,4.0,2.2857142857142856,9.142857142857142,10.0,0.0,0.14285714285714285
KALIMANTAN TENGAH,2026-02-07,2026,1,2,Feb,6,10,1,0,12.637469387755102,26.951216216216217,85.72635135135135,4.21278140885984,0.0,2.0,1.7142857142857142,7.071428571428571,10.0,0.0,0.14285714285714285
KALIMANTAN TENGAH,2026-02-08,2026,1,2,Feb,6,1,0,0,12.637469387755102,26.951216216216217,85.72635135135135,4.21278140885984,10.0,10.0,2.857142857142857,6.357142857142857,10.0,1.0,0.2857142857142857
KALIMANTAN TENGAH,2026-02-09,2026,1,2,Feb,7,8,0,0,12.637469387755102,26.951216216216217,85.72635135135135,4.21278140885984,1.0,0.0,1.5714285714285714,5.642857142857143,10.0,0.0,0.14285714285714285
KALIMANTAN TENGAH,2026-02-10,2026,1,2,Feb,7,0,0,0,12.637469387755102,26.951216216216217,85.72635135135135,4.21278140885984,8.0,0.0,2.7142857142857144,4.571428571428571,10.0,0.0,0.14285714285714285
KALIMANTAN TENGAH,2026-02-11,2026,1,2,Feb,7,12,1,0,12.637469387755102,26.951216216216217,85.72635135135135,4.21278140885984,0.0,0.0,2.7142857142857144,4.214285714285714,10.0,0.0,0.14285714285714285
KALIMANTAN TENGAH,2026-02-12,2026,1,2,Feb,7,0,0,0,12.637469387755102,26.951216216216217,85.72635135135135,4.21278140885984,12.0,0.0,4.428571428571429,4.928571428571429,12.0,1.0,0.2857142857142857
KALIMANTAN TENGAH,2026-02-13,2026,1,2,Feb,7,0,0,0,12.637469387755102,26.951216216216217,85.72635135135135,4.21278140885984,0.0,0.0,4.428571428571429,3.357142857142857,12.0,0.0,0.2857142857142857
KALIMANTAN TENGAH,2026-02-14,2026,1,2,Feb,7,0,0,0,12.637469387755102,26.951216216216217,85.72635135135135,4.21278140885984,0.0,10.0,4.428571428571429,3.0714285714285716,12.0,0.0,0.2857142857142857
KALIMANTAN TENGAH,2026-02-15,2026,1,2,Feb,7,0,0,0,12.637469387755102,26.951216216216217,85.72635135135135,4.21278140885984,0.0,1.0,3.0,2.9285714285714284,12.0,0.0,0.14285714285714285
KALIMANTAN TENGAH,2026-02-16,2026,1,2,Feb,8,1,0,0,12.637469387755102,26.951216216216217,85.72635135135135,4.21278140885984,0.0,8.0,2.857142857142857,2.2142857142857144,12.0,0.0,0.14285714285714285
KALIMANTAN TENGAH,2026-02-17,2026,1,2,Feb,8,0,0,0,12.637469387755102,26.951216216216217,85.72635135135135,4.21278140885984,1.0,0.0,1.8571428571428572,2.2857142857142856,12.0,0.0,0.14285714285714285
KALIMANTAN TENGAH,2026-02-18,2026,1,2,Feb,8,0,0,0,12.637469387755102,26.951216216216217,85.72635135135135,4.21278140885984,0.0,12.0,1.8571428571428572,2.2857142857142856,12.0,0.0,0.14285714285714285
KALIMANTAN TENGAH,2026-02-19,2026,1,2,Feb,8,0,0,0,12.637469387755102,26.951216216216217,85.72635135135135,4.21278140885984,0.0,0.0,0.14285714285714285,2.2857142857142856,1.0,0.0,0.0
KALIMANTAN TENGAH,2026-02-20,2026,1,2,Feb,8,0,0,0,12.637469387755102,26.951216216216217,85.72635135135135,4.21278140885984,0.0,0.0,0.14285714285714285,2.2857142857142856,1.0,0.0,0.0
KALIMANTAN TENGAH,2026-02-21,2026,1,2,Feb,8,0,0,0,12.637469387755102,26.951216216216217,85.72635135135135,4.21278140885984,0.0,0.0,0.14285714285714285,2.2857142857142856,1.0,0.0,0.0
KALIMANTAN TENGAH,2026-02-22,2026,1,2,Feb,8,0,0,0,12.637469387755102,26.951216216216217,85.72635135135135,4.21278140885984,0.0,0.0,0.14285714285714285,1.5714285714285714,1.0,0.0,0.0
KALIMANTAN TENGAH,2026-02-23,2026,1,2,Feb,9,0,0,0,12.637469387755102,26.951216216216217,85.72635135135135,4.21278140885984,0.0,1.0,0.14285714285714285,1.5,1.0,0.0,0.0
KALIMANTAN TENGAH,2026-02-24,2026,1,2,Feb,9,0,0,0,12.637469387755102,26.951216216216217,85.72635135135135,4.21278140885984,0.0,0.0,0.0,0.9285714285714286,0.0,0.0,0.0
KALIMANTAN TENGAH,2026-02-25,2026,1,2,Feb,9,0,0,0,12.637469387755102,26.951216216216217,85.72635135135135,4.21278140885984,0.0,0.0,0.0,0.9285714285714286,0.0,0.0,0.0
KALIMANTAN TENGAH,2026-02-26,2026,1,2,Feb,9,3,0,0,12.637469387755102,26.951216216216217,85.72635135135135,4.21278140885984,0.0,0.0,0.0,0.07142857142857142,0.0,0.0,0.0
KALIMANTAN TENGAH,2026-02-27,2026,1,2,Feb,9,2,0,0,12.637469387755102,26.951216216216217,85.72635135135135,4.21278140885984,3.0,0.0,0.42857142857142855,0.2857142857142857,3.0,0.0,0.0
KALIMANTAN TENGAH,2026-02-28,2026,1,2,Feb,9,2,0,0,12.637469387755102,26.951216216216217,85.72635135135135,4.21278140885984,2.0,0.0,0.7142857142857143,0.42857142857142855,3.0,0.0,0.0
KALIMANTAN TENGAH,2026-03-01,2026,1,3,Mar,9,5,0,0,12.259548104956266,26.995799876466954,86.31192093885115,4.400592885375494,2.0,0.0,1.0,0.5714285714285714,3.0,0.0,0.0
KALIMANTAN TENGAH,2026-03-02,2026,1,3,Mar,10,2,0,0,12.259548104956266,26.995799876466954,86.31192093885115,4.400592885375494,5.0,0.0,1.7142857142857142,0.9285714285714286,5.0,0.0,0.0
KALIMANTAN TENGAH,2026-03-03,2026,1,3,Mar,10,0,0,0,12.259548104956266,26.995799876466954,86.31192093885115,4.400592885375494,2.0,0.0,2.0,1.0,5.0,0.0,0.0
KALIMANTAN TENGAH,2026-03-04,2026,1,3,Mar,10,11,1,0,12.259548104956266,26.995799876466954,86.31192093885115,4.400592885375494,0.0,0.0,2.0,1.0,5.0,0.0,0.0
KALIMANTAN TENGAH,2026-03-05,2026,1,3,Mar,10,0,0,0,12.259548104956266,26.995799876466954,86.31192093885115,4.400592885375494,11.0,3.0,3.5714285714285716,1.7857142857142858,11.0,1.0,0.14285714285714285
KALIMANTAN TENGAH,2026-03-06,2026,1,3,Mar,10,0,0,0,12.259548104956266,26.995799876466954,86.31192093885115,4.400592885375494,0.0,2.0,3.142857142857143,1.7857142857142858,11.0,0.0,0.14285714285714285
KALIMANTAN TENGAH,2026-03-07,2026,1,3,Mar,10,0,0,0,12.259548104956266,26.995799876466954,86.31192093885115,4.400592885375494,0.0,2.0,2.857142857142857,1.7857142857142858,11.0,0.0,0.14285714285714285
KALIMANTAN TENGAH,2026-03-08,2026,1,3,Mar,10,0,0,0,12.259548104956266,26.995799876466954,86.31192093885115,4.400592885375494,0.0,5.0,2.5714285714285716,1.7857142857142858,11.0,0.0,0.14285714285714285
KALIMANTAN TENGAH,2026-03-09,2026,1,3,Mar,11,0,0,0,12.259548104956266,26.995799876466954,86.31192093885115,4.400592885375494,0.0,2.0,1.8571428571428572,1.7857142857142858,11.0,0.0,0.14285714285714285
KALIMANTAN TENGAH,2026-03-10,2026,1,3,Mar,11,2,0,0,12.259548104956266,26.995799876466954,86.31192093885115,4.400592885375494,0.0,0.0,1.5714285714285714,1.7857142857142858,11.0,0.0,0.14285714285714285
KALIMANTAN TENGAH,2026-03-11,2026,1,3,Mar,11,0,0,0,12.259548104956266,26.995799876466954,86.31192093885115,4.400592885375494,2.0,11.0,1.8571428571428572,1.9285714285714286,11.0,0.0,0.14285714285714285
KALIMANTAN TENGAH,2026-03-12,2026,1,3,Mar,11,12,1,0,12.259548104956266,26.995799876466954,86.31192093885115,4.400592885375494,0.0,0.0,0.2857142857142857,1.9285714285714286,2.0,0.0,0.0
KALIMANTAN TENGAH,2026-03-13,2026,1,3,Mar,11,10,1,0,12.259548104956266,26.995799876466954,86.31192093885115,4.400592885375494,12.0,0.0,2.0,2.5714285714285716,12.0,1.0,0.14285714285714285
KALIMANTAN TENGAH,2026-03-14,2026,1,3,Mar,11,34,1,0,12.259548104956266,26.995799876466954,86.31192093885115,4.400592885375494,10.0,0.0,3.4285714285714284,3.142857142857143,12.0,1.0,0.2857142857142857
KALIMANTAN TENGAH,2026-03-15,2026,1,3,Mar,11,10,1,0,12.259548104956266,26.995799876466954,86.31192093885115,4.400592885375494,34.0,0.0,8.285714285714286,5.428571428571429,34.0,1.0,0.42857142857142855
KALIMANTAN TENGAH,2026-03-16,2026,1,3,Mar,12,0,0,0,12.259548104956266,26.995799876466954,86.31192093885115,4.400592885375494,10.0,0.0,9.714285714285714,5.785714285714286,34.0,1.0,0.5714285714285714
KALIMANTAN TENGAH,2026-03-17,2026,1,3,Mar,12,1,0,0,12.259548104956266,26.995799876466954,86.31192093885115,4.400592885375494,0.0,2.0,9.714285714285714,5.642857142857143,34.0,0.0,0.5714285714285714
KALIMANTAN TENGAH,2026-03-18,2026,1,3,Mar,12,0,0,0,12.259548104956266,26.995799876466954,86.31192093885115,4.400592885375494,1.0,0.0,9.571428571428571,5.714285714285714,34.0,0.0,0.5714285714285714
KALIMANTAN TENGAH,2026-03-19,2026,1,3,Mar,12,0,0,0,12.259548104956266,26.995799876466954,86.31192093885115,4.400592885375494,0.0,12.0,9.571428571428571,4.928571428571429,34.0,0.0,0.5714285714285714
KALIMANTAN TENGAH,2026-03-20,2026,1,3,Mar,12,0,0,0,12.259548104956266,26.995799876466954,86.31192093885115,4.400592885375494,0.0,10.0,7.857142857142857,4.928571428571429,34.0,0.0,0.42857142857142855
KALIMANTAN TENGAH,2026-03-21,2026,1,3,Mar,12,0,0,0,12.259548104956266,26.995799876466954,86.31192093885115,4.400592885375494,0.0,34.0,6.428571428571429,4.928571428571429,34.0,0.0,0.2857142857142857
KALIMANTAN TENGAH,2026-03-22,2026,1,3,Mar,12,0,0,0,12.259548104956266,26.995799876466954,86.31192093885115,4.400592885375494,0.0,10.0,1.5714285714285714,4.928571428571429,10.0,0.0,0.14285714285714285
KALIMANTAN TENGAH,2026-03-23,2026,1,3,Mar,13,1,0,0,12.259548104956266,26.995799876466954,86.31192093885115,4.400592885375494,0.0,0.0,0.14285714285714285,4.928571428571429,1.0,0.0,0.0
KALIMANTAN TENGAH,2026-03-24,2026,1,3,Mar,13,8,0,0,12.259548104956266,26.995799876466954,86.31192093885115,4.400592885375494,1.0,1.0,0.2857142857142857,5.0,1.0,0.0,0.0
KALIMANTAN TENGAH,2026-03-25,2026,1,3,Mar,13,13,1,0,12.259548104956266,26.995799876466954,86.31192093885115,4.400592885375494,8.0,0.0,1.2857142857142858,5.428571428571429,8.0,0.0,0.0
KALIMANTAN TENGAH,2026-03-26,2026,1,3,Mar,13,10,1,0,12.259548104956266,26.995799876466954,86.31192093885115,4.400592885375494,13.0,0.0,3.142857142857143,6.357142857142857,13.0,1.0,0.14285714285714285
KALIMANTAN TENGAH,2026-03-27,2026,1,3,Mar,13,1,0,0,12.259548104956266,26.995799876466954,86.31192093885115,4.400592885375494,10.0,0.0,4.571428571428571,6.214285714285714,13.0,1.0,0.2857142857142857
KALIMANTAN TENGAH,2026-03-28,2026,1,3,Mar,13,7,0,0,12.259548104956266,26.995799876466954,86.31192093885115,4.400592885375494,1.0,0.0,4.714285714285714,5.571428571428571,13.0,0.0,0.2857142857142857
KALIMANTAN TENGAH,2026-03-29,2026,1,3,Mar,13,4,0,0,12.259548104956266,26.995799876466954,86.31192093885115,4.400592885375494,7.0,0.0,5.714285714285714,3.642857142857143,13.0,0.0,0.2857142857142857
KALIMANTAN TENGAH,2026-03-30,2026,1,3,Mar,14,0,0,0,12.259548104956266,26.995799876466954,86.31192093885115,4.400592885375494,4.0,1.0,6.285714285714286,3.2142857142857144,13.0,0.0,0.2857142857142857
KALIMANTAN TENGAH,2026-03-31,2026,1,3,Mar,14,2,0,0,12.259548104956266,26.995799876466954,86.31192093885115,4.400592885375494,0.0,8.0,6.142857142857143,3.2142857142857144,13.0,0.0,0.2857142857142857
KALIMANTAN TENGAH,2026-04-01,2026,2,4,Apr,14,1,0,0,13.106221547799697,27.23281553398058,86.41359223300971,4.771120107962213,2.0,13.0,5.285714285714286,3.2857142857142856,13.0,0.0,0.2857142857142857
KALIMANTAN TENGAH,2026-04-02,2026,2,4,Apr,14,0,0,0,13.106221547799697,27.23281553398058,86.41359223300971,4.771120107962213,1.0,10.0,3.5714285714285716,3.357142857142857,10.0,0.0,0.14285714285714285
KALIMANTAN TENGAH,2026-04-03,2026,2,4,Apr,14,0,0,0,13.106221547799697,27.23281553398058,86.41359223300971,4.771120107962213,0.0,1.0,2.142857142857143,3.357142857142857,7.0,0.0,0.0
KALIMANTAN TENGAH,2026-04-04,2026,2,4,Apr,14,7,0,0,13.106221547799697,27.23281553398058,86.41359223300971,4.771120107962213,0.0,7.0,2.0,3.357142857142857,7.0,0.0,0.0
KALIMANTAN TENGAH,2026-04-05,2026,2,4,Apr,14,3,0,0,13.106221547799697,27.23281553398058,86.41359223300971,4.771120107962213,7.0,4.0,2.0,3.857142857142857,7.0,0.0,0.0
KALIMANTAN TENGAH,2026-04-06,2026,2,4,Apr,15,1,0,0,13.106221547799697,27.23281553398058,86.41359223300971,4.771120107962213,3.0,0.0,1.8571428571428572,4.071428571428571,7.0,0.0,0.0
KALIMANTAN TENGAH,2026-04-07,2026,2,4,Apr,15,0,0,0,13.106221547799697,27.23281553398058,86.41359223300971,4.771120107962213,1.0,2.0,2.0,4.071428571428571,7.0,0.0,0.0
KALIMANTAN TENGAH,2026-04-08,2026,2,4,Apr,15,0,0,0,13.106221547799697,27.23281553398058,86.41359223300971,4.771120107962213,0.0,1.0,1.7142857142857142,3.5,7.0,0.0,0.0
KALIMANTAN TENGAH,2026-04-09,2026,2,4,Apr,15,0,0,0,13.106221547799697,27.23281553398058,86.41359223300971,4.771120107962213,0.0,0.0,1.5714285714285714,2.5714285714285716,7.0,0.0,0.0
KALIMANTAN TENGAH,2026-04-10,2026,2,4,Apr,15,2,0,0,13.106221547799697,27.23281553398058,86.41359223300971,4.771120107962213,0.0,0.0,1.5714285714285714,1.8571428571428572,7.0,0.0,0.0
KALIMANTAN TENGAH,2026-04-11,2026,2,4,Apr,15,2,0,0,13.106221547799697,27.23281553398058,86.41359223300971,4.771120107962213,2.0,7.0,1.8571428571428572,1.9285714285714286,7.0,0.0,0.0
KALIMANTAN TENGAH,2026-04-12,2026,2,4,Apr,15,4,0,0,13.106221547799697,27.23281553398058,86.41359223300971,4.771120107962213,2.0,3.0,1.1428571428571428,1.5714285714285714,3.0,0.0,0.0
KALIMANTAN TENGAH,2026-04-13,2026,2,4,Apr,16,0,0,0,13.106221547799697,27.23281553398058,86.41359223300971,4.771120107962213,4.0,1.0,1.2857142857142858,1.5714285714285714,4.0,0.0,0.0
KALIMANTAN TENGAH,2026-04-14,2026,2,4,Apr,16,3,0,0,13.106221547799697,27.23281553398058,86.41359223300971,4.771120107962213,0.0,0.0,1.1428571428571428,1.5714285714285714,4.0,0.0,0.0
KALIMANTAN TENGAH,2026-04-15,2026,2,4,Apr,16,3,0,0,13.106221547799697,27.23281553398058,86.41359223300971,4.771120107962213,3.0,0.0,1.5714285714285714,1.6428571428571428,4.0,0.0,0.0
KALIMANTAN TENGAH,2026-04-16,2026,2,4,Apr,16,0,0,0,13.106221547799697,27.23281553398058,86.41359223300971,4.771120107962213,3.0,0.0,2.0,1.7857142857142858,4.0,0.0,0.0
KALIMANTAN TENGAH,2026-04-17,2026,2,4,Apr,16,2,0,0,13.106221547799697,27.23281553398058,86.41359223300971,4.771120107962213,0.0,2.0,2.0,1.7857142857142858,4.0,0.0,0.0
KALIMANTAN TENGAH,2026-04-18,2026,2,4,Apr,16,2,0,0,13.106221547799697,27.23281553398058,86.41359223300971,4.771120107962213,2.0,2.0,2.0,1.9285714285714286,4.0,0.0,0.0
KALIMANTAN TENGAH,2026-04-19,2026,2,4,Apr,16,2,0,0,13.106221547799697,27.23281553398058,86.41359223300971,4.771120107962213,2.0,4.0,2.0,1.5714285714285714,4.0,0.0,0.0
KALIMANTAN TENGAH,2026-04-20,2026,2,4,Apr,17,6,0,0,13.106221547799697,27.23281553398058,86.41359223300971,4.771120107962213,2.0,0.0,1.7142857142857142,1.5,3.0,0.0,0.0
KALIMANTAN TENGAH,2026-04-21,2026,2,4,Apr,17,6,0,0,13.106221547799697,27.23281553398058,86.41359223300971,4.771120107962213,6.0,3.0,2.5714285714285716,1.8571428571428572,6.0,0.0,0.0
KALIMANTAN TENGAH,2026-04-22,2026,2,4,Apr,17,2,0,0,13.106221547799697,27.23281553398058,86.41359223300971,4.771120107962213,6.0,3.0,3.0,2.2857142857142856,6.0,0.0,0.0
KALIMANTAN TENGAH,2026-04-23,2026,2,4,Apr,17,7,0,0,13.106221547799697,27.23281553398058,86.41359223300971,4.771120107962213,2.0,0.0,2.857142857142857,2.4285714285714284,6.0,0.0,0.0
KALIMANTAN TENGAH,2026-04-24,2026,2,4,Apr,17,8,0,0,13.106221547799697,27.23281553398058,86.41359223300971,4.771120107962213,7.0,2.0,3.857142857142857,2.9285714285714284,7.0,0.0,0.0
KALIMANTAN TENGAH,2026-04-25,2026,2,4,Apr,17,4,0,0,13.106221547799697,27.23281553398058,86.41359223300971,4.771120107962213,8.0,2.0,4.714285714285714,3.357142857142857,8.0,0.0,0.0
KALIMANTAN TENGAH,2026-04-26,2026,2,4,Apr,17,27,1,0,13.106221547799697,27.23281553398058,86.41359223300971,4.771120107962213,4.0,2.0,5.0,3.5,8.0,0.0,0.0
KALIMANTAN TENGAH,2026-04-27,2026,2,4,Apr,18,8,0,0,13.106221547799697,27.23281553398058,86.41359223300971,4.771120107962213,27.0,6.0,8.571428571428571,5.142857142857143,27.0,1.0,0.14285714285714285
KALIMANTAN TENGAH,2026-04-28,2026,2,4,Apr,18,4,0,0,13.106221547799697,27.23281553398058,86.41359223300971,4.771120107962213,8.0,6.0,8.857142857142858,5.714285714285714,27.0,0.0,0.14285714285714285
KALIMANTAN TENGAH,2026-04-29,2026,2,4,Apr,18,5,0,0,13.106221547799697,27.23281553398058,86.41359223300971,4.771120107962213,4.0,2.0,8.571428571428571,5.785714285714286,27.0,0.0,0.14285714285714285
KALIMANTAN TENGAH,2026-04-30,2026,2,4,Apr,18,0,0,0,13.106221547799697,27.23281553398058,86.41359223300971,4.771120107962213,5.0,7.0,9.0,5.928571428571429,27.0,0.0,0.14285714285714285
KALIMANTAN TENGAH,2026-05-01,2026,2,5,May,18,0,0,0,11.151386748844375,27.592093885114267,85.99567634342186,5.183237364043506,0.0,8.0,8.0,5.928571428571429,27.0,0.0,0.14285714285714285
KALIMANTAN TENGAH,2026-05-02,2026,2,5,May,18,5,0,0,11.151386748844375,27.592093885114267,85.99567634342186,5.183237364043506,0.0,4.0,6.857142857142857,5.785714285714286,27.0,0.0,0.14285714285714285
KALIMANTAN TENGAH,2026-05-03,2026,2,5,May,18,0,0,0,11.151386748844375,27.592093885114267,85.99567634342186,5.183237364043506,5.0,27.0,7.0,6.0,27.0,0.0,0.14285714285714285
KALIMANTAN TENGAH,2026-05-04,2026,2,5,May,19,0,0,0,11.151386748844375,27.592093885114267,85.99567634342186,5.183237364043506,0.0,8.0,3.142857142857143,5.857142857142857,8.0,0.0,0.0
KALIMANTAN TENGAH,2026-05-05,2026,2,5,May,19,4,0,0,11.151386748844375,27.592093885114267,85.99567634342186,5.183237364043506,0.0,4.0,2.0,5.428571428571429,5.0,0.0,0.0
KALIMANTAN TENGAH,2026-05-06,2026,2,5,May,19,4,0,0,11.151386748844375,27.592093885114267,85.99567634342186,5.183237364043506,4.0,5.0,2.0,5.285714285714286,5.0,0.0,0.0
KALIMANTAN TENGAH,2026-05-07,2026,2,5,May,19,2,0,0,11.151386748844375,27.592093885114267,85.99567634342186,5.183237364043506,4.0,0.0,1.8571428571428572,5.428571428571429,5.0,0.0,0.0
KALIMANTAN TENGAH,2026-05-08,2026,2,5,May,19,2,0,0,11.151386748844375,27.592093885114267,85.99567634342186,5.183237364043506,2.0,0.0,2.142857142857143,5.071428571428571,5.0,0.0,0.0
KALIMANTAN TENGAH,2026-05-09,2026,2,5,May,19,1,0,0,11.151386748844375,27.592093885114267,85.99567634342186,5.183237364043506,2.0,5.0,2.4285714285714284,4.642857142857143,5.0,0.0,0.0
KALIMANTAN TENGAH,2026-05-10,2026,2,5,May,19,3,0,0,11.151386748844375,27.592093885114267,85.99567634342186,5.183237364043506,1.0,0.0,1.8571428571428572,4.428571428571429,4.0,0.0,0.0
KALIMANTAN TENGAH,2026-05-11,2026,2,5,May,20,4,0,0,11.151386748844375,27.592093885114267,85.99567634342186,5.183237364043506,3.0,0.0,2.2857142857142856,2.7142857142857144,4.0,0.0,0.0
KALIMANTAN TENGAH,2026-05-12,2026,2,5,May,20,1,0,0,11.151386748844375,27.592093885114267,85.99567634342186,5.183237364043506,4.0,4.0,2.857142857142857,2.4285714285714284,4.0,0.0,0.0
KALIMANTAN TENGAH,2026-05-13,2026,2,5,May,20,4,0,0,11.151386748844375,27.592093885114267,85.99567634342186,5.183237364043506,1.0,4.0,2.4285714285714284,2.2142857142857144,4.0,0.0,0.0
KALIMANTAN TENGAH,2026-05-14,2026,2,5,May,20,0,0,0,11.151386748844375,27.592093885114267,85.99567634342186,5.183237364043506,4.0,2.0,2.4285714285714284,2.142857142857143,4.0,0.0,0.0
KALIMANTAN TENGAH,2026-05-15,2026,2,5,May,20,0,0,0,11.151386748844375,27.592093885114267,85.99567634342186,5.183237364043506,0.0,2.0,2.142857142857143,2.142857142857143,4.0,0.0,0.0
KALIMANTAN TENGAH,2026-05-16,2026,2,5,May,20,0,0,0,11.151386748844375,27.592093885114267,85.99567634342186,5.183237364043506,0.0,1.0,1.8571428571428572,2.142857142857143,4.0,0.0,0.0
KALIMANTAN TENGAH,2026-05-17,2026,2,5,May,20,0,0,0,11.151386748844375,27.592093885114267,85.99567634342186,5.183237364043506,0.0,3.0,1.7142857142857142,1.7857142857142858,4.0,0.0,0.0
KALIMANTAN TENGAH,2026-05-18,2026,2,5,May,21,0,0,0,11.151386748844375,27.592093885114267,85.99567634342186,5.183237364043506,0.0,4.0,1.2857142857142858,1.7857142857142858,4.0,0.0,0.0
KALIMANTAN TENGAH,2026-05-19,2026,2,5,May,21,5,0,0,11.151386748844375,27.592093885114267,85.99567634342186,5.183237364043506,0.0,1.0,0.7142857142857143,1.7857142857142858,4.0,0.0,0.0
KALIMANTAN TENGAH,2026-05-20,2026,2,5,May,21,6,0,0,11.151386748844375,27.592093885114267,85.99567634342186,5.183237364043506,5.0,4.0,1.2857142857142858,1.8571428571428572,5.0,0.0,0.0
KALIMANTAN TENGAH,2026-05-21,2026,2,5,May,21,8,0,0,11.151386748844375,27.592093885114267,85.99567634342186,5.183237364043506,6.0,0.0,1.5714285714285714,2.0,6.0,0.0,0.0
KALIMANTAN TENGAH,2026-05-22,2026,2,5,May,21,0,0,0,11.151386748844375,27.592093885114267,85.99567634342186,5.183237364043506,8.0,0.0,2.7142857142857144,2.4285714285714284,8.0,0.0,0.0
KALIMANTAN TENGAH,2026-05-23,2026,2,5,May,21,2,0,0,11.151386748844375,27.592093885114267,85.99567634342186,5.183237364043506,0.0,0.0,2.7142857142857144,2.2857142857142856,8.0,0.0,0.0
KALIMANTAN TENGAH,2026-05-24,2026,2,5,May,21,4,0,0,11.151386748844375,27.592093885114267,85.99567634342186,5.183237364043506,2.0,0.0,3.0,2.357142857142857,8.0,0.0,0.0
KALIMANTAN TENGAH,2026-05-25,2026,2,5,May,22,0,0,0,11.151386748844375,27.592093885114267,85.99567634342186,5.183237364043506,4.0,0.0,3.5714285714285716,2.4285714285714284,8.0,0.0,0.0
KALIMANTAN TENGAH,2026-05-26,2026,2,5,May,22,0,0,0,11.151386748844375,27.592093885114267,85.99567634342186,5.183237364043506,0.0,5.0,3.5714285714285716,2.142857142857143,8.0,0.0,0.0
KALIMANTAN TENGAH,2026-05-27,2026,2,5,May,22,2,0,0,11.151386748844375,27.592093885114267,85.99567634342186,5.183237364043506,0.0,6.0,2.857142857142857,2.0714285714285716,8.0,0.0,0.0
KALIMANTAN TENGAH,2026-05-28,2026,2,5,May,22,2,0,0,11.151386748844375,27.592093885114267,85.99567634342186,5.183237364043506,2.0,8.0,2.2857142857142856,1.9285714285714286,8.0,0.0,0.0
KALIMANTAN TENGAH,2026-05-29,2026,2,5,May,22,3,0,0,11.151386748844375,27.592093885114267,85.99567634342186,5.183237364043506,2.0,0.0,1.4285714285714286,2.0714285714285716,4.0,0.0,0.0
KALIMANTAN TENGAH,2026-05-30,2026,2,5,May,22,1,0,0,11.151386748844375,27.592093885114267,85.99567634342186,5.183237364043506,3.0,2.0,1.8571428571428572,2.2857142857142856,4.0,0.0,0.0
KALIMANTAN TENGAH,2026-05-31,2026,2,5,May,22,1,0,0,11.151386748844375,27.592093885114267,85.99567634342186,5.183237364043506,1.0,4.0,1.7142857142857142,2.357142857142857,4.0,0.0,0.0
KALIMANTAN TIMUR,2024-08-08,2024,3,8,Aug,32,5,0,1,5.575886524822695,27.38179979777553,83.21435793731041,4.8645390070921986,5.0,25.0,13.428571428571429,7.846153846153846,25.0,0.0,0.14285714285714285
KALIMANTAN TIMUR,2024-08-09,2024,3,8,Aug,32,1,0,1,5.575886524822695,27.38179979777553,83.21435793731041,4.8645390070921986,5.0,5.0,10.571428571428571,8.23076923076923,20.0,0.0,0.0
KALIMANTAN TIMUR,2024-08-10,2024,3,8,Aug,32,7,0,1,5.575886524822695,27.38179979777553,83.21435793731041,4.8645390070921986,1.0,16.0,10.0,8.307692307692308,20.0,0.0,0.0
KALIMANTAN TIMUR,2024-08-11,2024,3,8,Aug,32,39,1,1,5.575886524822695,27.38179979777553,83.21435793731041,4.8645390070921986,7.0,20.0,8.714285714285714,8.692307692307692,20.0,0.0,0.0
KALIMANTAN TIMUR,2024-08-12,2024,3,8,Aug,33,67,1,1,5.575886524822695,27.38179979777553,83.21435793731041,4.8645390070921986,39.0,11.0,11.428571428571429,11.538461538461538,39.0,1.0,0.14285714285714285
KALIMANTAN TIMUR,2024-08-13,2024,3,8,Aug,33,40,1,1,5.575886524822695,27.38179979777553,83.21435793731041,4.8645390070921986,67.0,12.0,19.428571428571427,16.46153846153846,67.0,1.0,0.2857142857142857
KALIMANTAN TIMUR,2024-08-14,2024,3,8,Aug,33,15,0,1,5.575886524822695,27.38179979777553,83.21435793731041,4.8645390070921986,40.0,5.0,23.428571428571427,19.46153846153846,67.0,1.0,0.42857142857142855
KALIMANTAN TIMUR,2024-08-15,2024,3,8,Aug,33,26,1,1,5.575886524822695,27.38179979777553,83.21435793731041,4.8645390070921986,15.0,5.0,24.857142857142858,19.142857142857142,67.0,0.0,0.42857142857142855
KALIMANTAN TIMUR,2024-08-16,2024,3,8,Aug,33,76,1,1,5.575886524822695,27.38179979777553,83.21435793731041,4.8645390070921986,26.0,1.0,27.857142857142858,19.214285714285715,67.0,1.0,0.5714285714285714
KALIMANTAN TIMUR,2024-08-17,2024,3,8,Aug,33,79,1,1,5.575886524822695,27.38179979777553,83.21435793731041,4.8645390070921986,76.0,7.0,38.57142857142857,24.285714285714285,76.0,1.0,0.7142857142857143
KALIMANTAN TIMUR,2024-08-18,2024,3,8,Aug,33,55,1,1,5.575886524822695,27.38179979777553,83.21435793731041,4.8645390070921986,79.0,39.0,48.857142857142854,28.785714285714285,79.0,1.0,0.8571428571428571
KALIMANTAN TIMUR,2024-08-19,2024,3,8,Aug,34,101,1,1,5.575886524822695,27.38179979777553,83.21435793731041,4.8645390070921986,55.0,67.0,51.142857142857146,31.285714285714285,79.0,1.0,0.8571428571428571
KALIMANTAN TIMUR,2024-08-20,2024,3,8,Aug,34,7,0,1,5.575886524822695,27.38179979777553,83.21435793731041,4.8645390070921986,101.0,40.0,56.0,37.714285714285715,101.0,1.0,0.8571428571428571
KALIMANTAN TIMUR,2024-08-21,2024,3,8,Aug,34,26,1,1,5.575886524822695,27.38179979777553,83.21435793731041,4.8645390070921986,7.0,15.0,51.285714285714285,37.357142857142854,101.0,0.0,0.7142857142857143
KALIMANTAN TIMUR,2024-08-22,2024,3,8,Aug,34,0,0,1,5.575886524822695,27.38179979777553,83.21435793731041,4.8645390070921986,26.0,26.0,52.857142857142854,38.857142857142854,101.0,1.0,0.8571428571428571
KALIMANTAN TIMUR,2024-08-23,2024,3,8,Aug,34,3,0,1,5.575886524822695,27.38179979777553,83.21435793731041,4.8645390070921986,0.0,76.0,49.142857142857146,38.5,101.0,0.0,0.7142857142857143
KALIMANTAN TIMUR,2024-08-24,2024,3,8,Aug,34,66,1,1,5.575886524822695,27.38179979777553,83.21435793731041,4.8645390070921986,3.0,79.0,38.714285714285715,38.642857142857146,101.0,0.0,0.5714285714285714
KALIMANTAN TIMUR,2024-08-25,2024,3,8,Aug,34,13,0,1,5.575886524822695,27.38179979777553,83.21435793731041,4.8645390070921986,66.0,55.0,36.857142857142854,42.857142857142854,101.0,1.0,0.5714285714285714
KALIMANTAN TIMUR,2024-08-26,2024,3,8,Aug,35,0,0,1,5.575886524822695,27.38179979777553,83.21435793731041,4.8645390070921986,13.0,101.0,30.857142857142858,41.0,101.0,0.0,0.42857142857142855
KALIMANTAN TIMUR,2024-08-27,2024,3,8,Aug,35,7,0,1,5.575886524822695,27.38179979777553,83.21435793731041,4.8645390070921986,0.0,7.0,16.428571428571427,36.214285714285715,66.0,0.0,0.2857142857142857
KALIMANTAN TIMUR,2024-08-28,2024,3,8,Aug,35,33,1,1,5.575886524822695,27.38179979777553,83.21435793731041,4.8645390070921986,7.0,26.0,16.428571428571427,33.857142857142854,66.0,0.0,0.2857142857142857
KALIMANTAN TIMUR,2024-08-29,2024,3,8,Aug,35,0,0,1,5.575886524822695,27.38179979777553,83.21435793731041,4.8645390070921986,33.0,0.0,17.428571428571427,35.142857142857146,66.0,1.0,0.2857142857142857
KALIMANTAN TIMUR,2024-08-30,2024,3,8,Aug,35,5,0,1,5.575886524822695,27.38179979777553,83.21435793731041,4.8645390070921986,0.0,3.0,17.428571428571427,33.285714285714285,66.0,0.0,0.2857142857142857
KALIMANTAN TIMUR,2024-08-31,2024,3,8,Aug,35,27,1,1,5.575886524822695,27.38179979777553,83.21435793731041,4.8645390070921986,5.0,66.0,17.714285714285715,28.214285714285715,66.0,0.0,0.2857142857142857
KALIMANTAN TIMUR,2024-09-01,2024,3,9,Sep,35,5,0,1,6.156410256410257,27.527371864776445,83.01199563794984,4.45092693565976,27.0,13.0,12.142857142857142,24.5,33.0,1.0,0.2857142857142857
KALIMANTAN TIMUR,2024-09-02,2024,3,9,Sep,36,62,1,1,6.156410256410257,27.527371864776445,83.01199563794984,4.45092693565976,5.0,0.0,11.0,20.928571428571427,33.0,0.0,0.2857142857142857
KALIMANTAN TIMUR,2024-09-03,2024,3,9,Sep,36,43,1,1,6.156410256410257,27.527371864776445,83.01199563794984,4.45092693565976,62.0,7.0,19.857142857142858,18.142857142857142,62.0,1.0,0.42857142857142855
KALIMANTAN TIMUR,2024-09-04,2024,3,9,Sep,36,156,1,1,6.156410256410257,27.527371864776445,83.01199563794984,4.45092693565976,43.0,33.0,25.0,20.714285714285715,62.0,1.0,0.5714285714285714
KALIMANTAN TIMUR,2024-09-05,2024,3,9,Sep,36,10,0,1,6.156410256410257,27.527371864776445,83.01199563794984,4.45092693565976,156.0,0.0,42.57142857142857,30.0,156.0,1.0,0.5714285714285714
KALIMANTAN TIMUR,2024-09-06,2024,3,9,Sep,36,83,1,1,6.156410256410257,27.527371864776445,83.01199563794984,4.45092693565976,10.0,5.0,44.0,30.714285714285715,156.0,0.0,0.5714285714285714
KALIMANTAN TIMUR,2024-09-07,2024,3,9,Sep,36,103,1,1,6.156410256410257,27.527371864776445,83.01199563794984,4.45092693565976,83.0,27.0,55.142857142857146,36.42857142857143,156.0,1.0,0.7142857142857143
KALIMANTAN TIMUR,2024-09-08,2024,3,9,Sep,36,93,1,1,6.156410256410257,27.527371864776445,83.01199563794984,4.45092693565976,103.0,5.0,66.0,39.07142857142857,156.0,1.0,0.7142857142857143
KALIMANTAN TIMUR,2024-09-09,2024,3,9,Sep,37,125,1,1,6.156410256410257,27.527371864776445,83.01199563794984,4.45092693565976,93.0,62.0,78.57142857142857,44.785714285714285,156.0,1.0,0.8571428571428571
KALIMANTAN TIMUR,2024-09-10,2024,3,9,Sep,37,119,1,1,6.156410256410257,27.527371864776445,83.01199563794984,4.45092693565976,125.0,43.0,87.57142857142857,53.714285714285715,156.0,1.0,0.8571428571428571
KALIMANTAN TIMUR,2024-09-11,2024,3,9,Sep,37,203,1,1,6.156410256410257,27.527371864776445,83.01199563794984,4.45092693565976,119.0,156.0,98.42857142857143,61.714285714285715,156.0,1.0,0.8571428571428571
KALIMANTAN TIMUR,2024-09-12,2024,3,9,Sep,37,222,1,1,6.156410256410257,27.527371864776445,83.01199563794984,4.45092693565976,203.0,10.0,105.14285714285714,73.85714285714286,203.0,1.0,0.8571428571428571
KALIMANTAN TIMUR,2024-09-13,2024,3,9,Sep,37,455,1,1,6.156410256410257,27.527371864776445,83.01199563794984,4.45092693565976,222.0,83.0,135.42857142857142,89.71428571428571,222.0,1.0,1.0
KALIMANTAN TIMUR,2024-09-14,2024,3,9,Sep,37,148,1,1,6.156410256410257,27.527371864776445,83.01199563794984,4.45092693565976,455.0,103.0,188.57142857142858,121.85714285714286,455.0,1.0,1.0
KALIMANTAN TIMUR,2024-09-15,2024,3,9,Sep,37,323,1,1,6.156410256410257,27.527371864776445,83.01199563794984,4.45092693565976,148.0,93.0,195.0,130.5,455.0,1.0,1.0
KALIMANTAN TIMUR,2024-09-16,2024,3,9,Sep,38,136,1,1,6.156410256410257,27.527371864776445,83.01199563794984,4.45092693565976,323.0,125.0,227.85714285714286,153.21428571428572,455.0,1.0,1.0
KALIMANTAN TIMUR,2024-09-17,2024,3,9,Sep,38,276,1,1,6.156410256410257,27.527371864776445,83.01199563794984,4.45092693565976,136.0,119.0,229.42857142857142,158.5,455.0,1.0,1.0
KALIMANTAN TIMUR,2024-09-18,2024,3,9,Sep,38,202,1,1,6.156410256410257,27.527371864776445,83.01199563794984,4.45092693565976,276.0,203.0,251.85714285714286,175.14285714285714,455.0,1.0,1.0
KALIMANTAN TIMUR,2024-09-19,2024,3,9,Sep,38,51,1,1,6.156410256410257,27.527371864776445,83.01199563794984,4.45092693565976,202.0,222.0,251.71428571428572,178.42857142857142,455.0,1.0,1.0
KALIMANTAN TIMUR,2024-09-20,2024,3,9,Sep,38,31,1,1,6.156410256410257,27.527371864776445,83.01199563794984,4.45092693565976,51.0,455.0,227.28571428571428,181.35714285714286,455.0,1.0,1.0
KALIMANTAN TIMUR,2024-09-21,2024,3,9,Sep,38,24,1,1,6.156410256410257,27.527371864776445,83.01199563794984,4.45092693565976,31.0,148.0,166.71428571428572,177.64285714285714,323.0,1.0,1.0
KALIMANTAN TIMUR,2024-09-22,2024,3,9,Sep,38,128,1,1,6.156410256410257,27.527371864776445,83.01199563794984,4.45092693565976,24.0,323.0,149.0,172.0,323.0,1.0,1.0
KALIMANTAN TIMUR,2024-09-23,2024,3,9,Sep,39,262,1,1,6.156410256410257,27.527371864776445,83.01199563794984,4.45092693565976,128.0,136.0,121.14285714285714,174.5,276.0,1.0,1.0
KALIMANTAN TIMUR,2024-09-24,2024,3,9,Sep,39,149,1,1,6.156410256410257,27.527371864776445,83.01199563794984,4.45092693565976,262.0,276.0,139.14285714285714,184.28571428571428,276.0,1.0,1.0
KALIMANTAN TIMUR,2024-09-25,2024,3,9,Sep,39,12,0,1,6.156410256410257,27.527371864776445,83.01199563794984,4.45092693565976,149.0,202.0,121.0,186.42857142857142,262.0,1.0,1.0
KALIMANTAN TIMUR,2024-09-26,2024,3,9,Sep,39,27,1,1,6.156410256410257,27.527371864776445,83.01199563794984,4.45092693565976,12.0,51.0,93.85714285714286,172.78571428571428,262.0,0.0,0.8571428571428571
KALIMANTAN TIMUR,2024-09-27,2024,3,9,Sep,39,12,0,1,6.156410256410257,27.527371864776445,83.01199563794984,4.45092693565976,27.0,31.0,90.42857142857143,158.85714285714286,262.0,1.0,0.8571428571428571
KALIMANTAN TIMUR,2024-09-28,2024,3,9,Sep,39,66,1,1,6.156410256410257,27.527371864776445,83.01199563794984,4.45092693565976,12.0,24.0,87.71428571428571,127.21428571428571,262.0,0.0,0.7142857142857143
KALIMANTAN TIMUR,2024-09-29,2024,3,9,Sep,39,99,1,1,6.156410256410257,27.527371864776445,83.01199563794984,4.45092693565976,66.0,128.0,93.71428571428571,121.35714285714286,262.0,1.0,0.7142857142857143
KALIMANTAN TIMUR,2024-09-30,2024,3,9,Sep,40,7,0,1,6.156410256410257,27.527371864776445,83.01199563794984,4.45092693565976,99.0,262.0,89.57142857142857,105.35714285714286,262.0,1.0,0.7142857142857143
KALIMANTAN TIMUR,2024-10-01,2024,4,10,Oct,40,5,0,1,7.352324195470799,27.6453807106599,83.5,4.060630722278739,7.0,149.0,53.142857142857146,96.14285714285714,149.0,0.0,0.5714285714285714
KALIMANTAN TIMUR,2024-10-02,2024,4,10,Oct,40,10,0,1,7.352324195470799,27.6453807106599,83.5,4.060630722278739,5.0,12.0,32.57142857142857,76.78571428571429,99.0,0.0,0.42857142857142855
KALIMANTAN TIMUR,2024-10-03,2024,4,10,Oct,40,9,0,1,7.352324195470799,27.6453807106599,83.5,4.060630722278739,10.0,27.0,32.285714285714285,63.07142857142857,99.0,0.0,0.42857142857142855
KALIMANTAN TIMUR,2024-10-04,2024,4,10,Oct,40,24,1,1,7.352324195470799,27.6453807106599,83.5,4.060630722278739,9.0,12.0,29.714285714285715,60.07142857142857,99.0,0.0,0.2857142857142857
KALIMANTAN TIMUR,2024-10-05,2024,4,10,Oct,40,34,1,1,7.352324195470799,27.6453807106599,83.5,4.060630722278739,24.0,66.0,31.428571428571427,59.57142857142857,99.0,1.0,0.42857142857142855
KALIMANTAN TIMUR,2024-10-06,2024,4,10,Oct,40,36,1,1,7.352324195470799,27.6453807106599,83.5,4.060630722278739,34.0,99.0,26.857142857142858,60.285714285714285,99.0,1.0,0.42857142857142855
KALIMANTAN TIMUR,2024-10-07,2024,4,10,Oct,41,16,0,1,7.352324195470799,27.6453807106599,83.5,4.060630722278739,36.0,7.0,17.857142857142858,53.714285714285715,36.0,1.0,0.42857142857142855
KALIMANTAN TIMUR,2024-10-08,2024,4,10,Oct,41,3,0,1,7.352324195470799,27.6453807106599,83.5,4.060630722278739,16.0,5.0,19.142857142857142,36.142857142857146,36.0,0.0,0.42857142857142855
KALIMANTAN TIMUR,2024-10-09,2024,4,10,Oct,41,96,1,1,7.352324195470799,27.6453807106599,83.5,4.060630722278739,3.0,10.0,18.857142857142858,25.714285714285715,36.0,0.0,0.42857142857142855
KALIMANTAN TIMUR,2024-10-10,2024,4,10,Oct,41,16,0,1,7.352324195470799,27.6453807106599,83.5,4.060630722278739,96.0,9.0,31.142857142857142,31.714285714285715,96.0,1.0,0.5714285714285714
KALIMANTAN TIMUR,2024-10-11,2024,4,10,Oct,41,60,1,1,7.352324195470799,27.6453807106599,83.5,4.060630722278739,16.0,24.0,32.142857142857146,30.928571428571427,96.0,0.0,0.5714285714285714
KALIMANTAN TIMUR,2024-10-12,2024,4,10,Oct,41,105,1,1,7.352324195470799,27.6453807106599,83.5,4.060630722278739,60.0,34.0,37.285714285714285,34.357142857142854,96.0,1.0,0.5714285714285714
KALIMANTAN TIMUR,2024-10-13,2024,4,10,Oct,41,51,1,1,7.352324195470799,27.6453807106599,83.5,4.060630722278739,105.0,36.0,47.42857142857143,37.142857142857146,105.0,1.0,0.5714285714285714
KALIMANTAN TIMUR,2024-10-14,2024,4,10,Oct,42,15,0,1,7.352324195470799,27.6453807106599,83.5,4.060630722278739,51.0,16.0,49.57142857142857,33.714285714285715,105.0,1.0,0.5714285714285714
KALIMANTAN TIMUR,2024-10-15,2024,4,10,Oct,42,53,1,1,7.352324195470799,27.6453807106599,83.5,4.060630722278739,15.0,3.0,49.42857142857143,34.285714285714285,105.0,0.0,0.5714285714285714
KALIMANTAN TIMUR,2024-10-16,2024,4,10,Oct,42,1,0,1,7.352324195470799,27.6453807106599,83.5,4.060630722278739,53.0,96.0,56.57142857142857,37.714285714285715,105.0,1.0,0.7142857142857143
KALIMANTAN TIMUR,2024-10-17,2024,4,10,Oct,42,0,0,1,7.352324195470799,27.6453807106599,83.5,4.060630722278739,1.0,16.0,43.0,37.07142857142857,105.0,0.0,0.5714285714285714
KALIMANTAN TIMUR,2024-10-18,2024,4,10,Oct,42,0,0,1,7.352324195470799,27.6453807106599,83.5,4.060630722278739,0.0,60.0,40.714285714285715,36.42857142857143,105.0,0.0,0.5714285714285714
KALIMANTAN TIMUR,2024-10-19,2024,4,10,Oct,42,6,0,1,7.352324195470799,27.6453807106599,83.5,4.060630722278739,0.0,105.0,32.142857142857146,34.714285714285715,105.0,0.0,0.42857142857142855
KALIMANTAN TIMUR,2024-10-20,2024,4,10,Oct,42,14,0,1,7.352324195470799,27.6453807106599,83.5,4.060630722278739,6.0,51.0,18.0,32.714285714285715,53.0,0.0,0.2857142857142857
KALIMANTAN TIMUR,2024-10-21,2024,4,10,Oct,43,0,0,1,7.352324195470799,27.6453807106599,83.5,4.060630722278739,14.0,15.0,12.714285714285714,31.142857142857142,53.0,0.0,0.14285714285714285
KALIMANTAN TIMUR,2024-10-22,2024,4,10,Oct,43,11,0,1,7.352324195470799,27.6453807106599,83.5,4.060630722278739,0.0,53.0,10.571428571428571,30.0,53.0,0.0,0.14285714285714285
KALIMANTAN TIMUR,2024-10-23,2024,4,10,Oct,43,29,1,1,7.352324195470799,27.6453807106599,83.5,4.060630722278739,11.0,1.0,4.571428571428571,30.571428571428573,14.0,0.0,0.0
KALIMANTAN TIMUR,2024-10-24,2024,4,10,Oct,43,77,1,1,7.352324195470799,27.6453807106599,83.5,4.060630722278739,29.0,0.0,8.571428571428571,25.785714285714285,29.0,1.0,0.14285714285714285
KALIMANTAN TIMUR,2024-10-25,2024,4,10,Oct,43,202,1,1,7.352324195470799,27.6453807106599,83.5,4.060630722278739,77.0,0.0,19.571428571428573,30.142857142857142,77.0,1.0,0.2857142857142857
KALIMANTAN TIMUR,2024-10-26,2024,4,10,Oct,43,143,1,1,7.352324195470799,27.6453807106599,83.5,4.060630722278739,202.0,6.0,48.42857142857143,40.285714285714285,202.0,1.0,0.42857142857142855
KALIMANTAN TIMUR,2024-10-27,2024,4,10,Oct,43,44,1,1,7.352324195470799,27.6453807106599,83.5,4.060630722278739,143.0,14.0,68.0,43.0,202.0,1.0,0.5714285714285714
KALIMANTAN TIMUR,2024-10-28,2024,4,10,Oct,44,94,1,1,7.352324195470799,27.6453807106599,83.5,4.060630722278739,44.0,0.0,72.28571428571429,42.5,202.0,1.0,0.7142857142857143
KALIMANTAN TIMUR,2024-10-29,2024,4,10,Oct,44,43,1,1,7.352324195470799,27.6453807106599,83.5,4.060630722278739,94.0,11.0,85.71428571428571,48.142857142857146,202.0,1.0,0.8571428571428571
KALIMANTAN TIMUR,2024-10-30,2024,4,10,Oct,44,45,1,1,7.352324195470799,27.6453807106599,83.5,4.060630722278739,43.0,29.0,90.28571428571429,47.42857142857143,202.0,1.0,1.0
KALIMANTAN TIMUR,2024-10-31,2024,4,10,Oct,44,22,0,1,7.352324195470799,27.6453807106599,83.5,4.060630722278739,45.0,77.0,92.57142857142857,50.57142857142857,202.0,1.0,1.0
KALIMANTAN TIMUR,2024-11-01,2024,4,11,Nov,44,4,0,0,8.322368421052632,27.53340471092077,85.19807280513919,3.9339323467230445,22.0,202.0,84.71428571428571,52.142857142857146,202.0,0.0,0.8571428571428571
KALIMANTAN TIMUR,2024-11-02,2024,4,11,Nov,44,14,0,0,8.322368421052632,27.53340471092077,85.19807280513919,3.9339323467230445,4.0,143.0,56.42857142857143,52.42857142857143,143.0,0.0,0.7142857142857143
KALIMANTAN TIMUR,2024-11-03,2024,4,11,Nov,44,7,0,0,8.322368421052632,27.53340471092077,85.19807280513919,3.9339323467230445,14.0,44.0,38.0,53.0,94.0,0.0,0.5714285714285714
KALIMANTAN TIMUR,2024-11-04,2024,4,11,Nov,45,3,0,0,8.322368421052632,27.53340471092077,85.19807280513919,3.9339323467230445,7.0,94.0,32.714285714285715,52.5,94.0,0.0,0.42857142857142855
KALIMANTAN TIMUR,2024-11-05,2024,4,11,Nov,45,12,0,0,8.322368421052632,27.53340471092077,85.19807280513919,3.9339323467230445,3.0,43.0,19.714285714285715,52.714285714285715,45.0,0.0,0.2857142857142857
KALIMANTAN TIMUR,2024-11-06,2024,4,11,Nov,45,8,0,0,8.322368421052632,27.53340471092077,85.19807280513919,3.9339323467230445,12.0,45.0,15.285714285714286,52.785714285714285,45.0,0.0,0.14285714285714285
KALIMANTAN TIMUR,2024-11-07,2024,4,11,Nov,45,15,0,0,8.322368421052632,27.53340471092077,85.19807280513919,3.9339323467230445,8.0,22.0,10.0,51.285714285714285,22.0,0.0,0.0
KALIMANTAN TIMUR,2024-11-08,2024,4,11,Nov,45,21,0,0,8.322368421052632,27.53340471092077,85.19807280513919,3.9339323467230445,15.0,4.0,9.0,46.857142857142854,15.0,0.0,0.0
KALIMANTAN TIMUR,2024-11-09,2024,4,11,Nov,45,8,0,0,8.322368421052632,27.53340471092077,85.19807280513919,3.9339323467230445,21.0,14.0,11.428571428571429,33.92857142857143,21.0,0.0,0.0
KALIMANTAN TIMUR,2024-11-10,2024,4,11,Nov,45,13,0,0,8.322368421052632,27.53340471092077,85.19807280513919,3.9339323467230445,8.0,7.0,10.571428571428571,24.285714285714285,21.0,0.0,0.0
KALIMANTAN TIMUR,2024-11-11,2024,4,11,Nov,46,10,0,0,8.322368421052632,27.53340471092077,85.19807280513919,3.9339323467230445,13.0,3.0,11.428571428571429,22.071428571428573,21.0,0.0,0.0
KALIMANTAN TIMUR,2024-11-12,2024,4,11,Nov,46,12,0,0,8.322368421052632,27.53340471092077,85.19807280513919,3.9339323467230445,10.0,12.0,12.428571428571429,16.071428571428573,21.0,0.0,0.0
KALIMANTAN TIMUR,2024-11-13,2024,4,11,Nov,46,22,0,0,8.322368421052632,27.53340471092077,85.19807280513919,3.9339323467230445,12.0,8.0,12.428571428571429,13.857142857142858,21.0,0.0,0.0
KALIMANTAN TIMUR,2024-11-14,2024,4,11,Nov,46,8,0,0,8.322368421052632,27.53340471092077,85.19807280513919,3.9339323467230445,22.0,15.0,14.428571428571429,12.214285714285714,22.0,0.0,0.0
KALIMANTAN TIMUR,2024-11-15,2024,4,11,Nov,46,15,0,0,8.322368421052632,27.53340471092077,85.19807280513919,3.9339323467230445,8.0,21.0,13.428571428571429,11.214285714285714,22.0,0.0,0.0
KALIMANTAN TIMUR,2024-11-16,2024,4,11,Nov,46,38,1,0,8.322368421052632,27.53340471092077,85.19807280513919,3.9339323467230445,15.0,8.0,12.571428571428571,12.0,22.0,0.0,0.0
KALIMANTAN TIMUR,2024-11-17,2024,4,11,Nov,46,15,0,0,8.322368421052632,27.53340471092077,85.19807280513919,3.9339323467230445,38.0,13.0,16.857142857142858,13.714285714285714,38.0,1.0,0.14285714285714285
KALIMANTAN TIMUR,2024-11-18,2024,4,11,Nov,47,1,0,0,8.322368421052632,27.53340471092077,85.19807280513919,3.9339323467230445,15.0,10.0,17.142857142857142,14.285714285714286,38.0,0.0,0.14285714285714285
KALIMANTAN TIMUR,2024-11-19,2024,4,11,Nov,47,4,0,0,8.322368421052632,27.53340471092077,85.19807280513919,3.9339323467230445,1.0,12.0,15.857142857142858,14.142857142857142,38.0,0.0,0.14285714285714285
KALIMANTAN TIMUR,2024-11-20,2024,4,11,Nov,47,7,0,0,8.322368421052632,27.53340471092077,85.19807280513919,3.9339323467230445,4.0,22.0,14.714285714285714,13.571428571428571,38.0,0.0,0.14285714285714285
KALIMANTAN TIMUR,2024-11-21,2024,4,11,Nov,47,28,1,0,8.322368421052632,27.53340471092077,85.19807280513919,3.9339323467230445,7.0,8.0,12.571428571428571,13.5,38.0,0.0,0.14285714285714285
KALIMANTAN TIMUR,2024-11-22,2024,4,11,Nov,47,9,0,0,8.322368421052632,27.53340471092077,85.19807280513919,3.9339323467230445,28.0,15.0,15.428571428571429,14.428571428571429,38.0,1.0,0.2857142857142857
KALIMANTAN TIMUR,2024-11-23,2024,4,11,Nov,47,1,0,0,8.322368421052632,27.53340471092077,85.19807280513919,3.9339323467230445,9.0,38.0,14.571428571428571,13.571428571428571,38.0,0.0,0.2857142857142857
KALIMANTAN TIMUR,2024-11-24,2024,4,11,Nov,47,2,0,0,8.322368421052632,27.53340471092077,85.19807280513919,3.9339323467230445,1.0,15.0,9.285714285714286,13.071428571428571,28.0,0.0,0.14285714285714285
KALIMANTAN TIMUR,2024-11-25,2024,4,11,Nov,48,3,0,0,8.322368421052632,27.53340471092077,85.19807280513919,3.9339323467230445,2.0,1.0,7.428571428571429,12.285714285714286,28.0,0.0,0.14285714285714285
KALIMANTAN TIMUR,2024-11-26,2024,4,11,Nov,48,4,0,0,8.322368421052632,27.53340471092077,85.19807280513919,3.9339323467230445,3.0,4.0,7.714285714285714,11.785714285714286,28.0,0.0,0.14285714285714285
KALIMANTAN TIMUR,2024-11-27,2024,4,11,Nov,48,28,1,0,8.322368421052632,27.53340471092077,85.19807280513919,3.9339323467230445,4.0,7.0,7.714285714285714,11.214285714285714,28.0,0.0,0.14285714285714285
KALIMANTAN TIMUR,2024-11-28,2024,4,11,Nov,48,4,0,0,8.322368421052632,27.53340471092077,85.19807280513919,3.9339323467230445,28.0,28.0,10.714285714285714,11.642857142857142,28.0,1.0,0.2857142857142857
KALIMANTAN TIMUR,2024-11-29,2024,4,11,Nov,48,4,0,0,8.322368421052632,27.53340471092077,85.19807280513919,3.9339323467230445,4.0,9.0,7.285714285714286,11.357142857142858,28.0,0.0,0.14285714285714285
KALIMANTAN TIMUR,2024-11-30,2024,4,11,Nov,48,3,0,0,8.322368421052632,27.53340471092077,85.19807280513919,3.9339323467230445,4.0,1.0,6.571428571428571,10.571428571428571,28.0,0.0,0.14285714285714285
KALIMANTAN TIMUR,2024-12-01,2024,4,12,Dec,48,0,0,0,9.706343713956171,27.348140495867767,85.2396694214876,3.350309917355372,3.0,2.0,6.857142857142857,8.071428571428571,28.0,0.0,0.14285714285714285
KALIMANTAN TIMUR,2024-12-02,2024,4,12,Dec,49,6,0,0,9.706343713956171,27.348140495867767,85.2396694214876,3.350309917355372,0.0,3.0,6.571428571428571,7.0,28.0,0.0,0.14285714285714285
KALIMANTAN TIMUR,2024-12-03,2024,4,12,Dec,49,0,0,0,9.706343713956171,27.348140495867767,85.2396694214876,3.350309917355372,6.0,4.0,7.0,7.357142857142857,28.0,0.0,0.14285714285714285
KALIMANTAN TIMUR,2024-12-04,2024,4,12,Dec,49,0,0,0,9.706343713956171,27.348140495867767,85.2396694214876,3.350309917355372,0.0,28.0,6.428571428571429,7.071428571428571,28.0,0.0,0.14285714285714285
KALIMANTAN TIMUR,2024-12-05,2024,4,12,Dec,49,0,0,0,9.706343713956171,27.348140495867767,85.2396694214876,3.350309917355372,0.0,4.0,2.4285714285714284,6.571428571428571,6.0,0.0,0.0
KALIMANTAN TIMUR,2024-12-06,2024,4,12,Dec,49,0,0,0,9.706343713956171,27.348140495867767,85.2396694214876,3.350309917355372,0.0,4.0,1.8571428571428572,4.571428571428571,6.0,0.0,0.0
KALIMANTAN TIMUR,2024-12-07,2024,4,12,Dec,49,0,0,0,9.706343713956171,27.348140495867767,85.2396694214876,3.350309917355372,0.0,3.0,1.2857142857142858,3.9285714285714284,6.0,0.0,0.0
KALIMANTAN TIMUR,2024-12-08,2024,4,12,Dec,49,3,0,0,9.706343713956171,27.348140495867767,85.2396694214876,3.350309917355372,0.0,0.0,0.8571428571428571,3.857142857142857,6.0,0.0,0.0
KALIMANTAN TIMUR,2024-12-09,2024,4,12,Dec,50,0,0,0,9.706343713956171,27.348140495867767,85.2396694214876,3.350309917355372,3.0,6.0,1.2857142857142858,3.9285714285714284,6.0,0.0,0.0
KALIMANTAN TIMUR,2024-12-10,2024,4,12,Dec,50,1,0,0,9.706343713956171,27.348140495867767,85.2396694214876,3.350309917355372,0.0,0.0,0.42857142857142855,3.7142857142857144,3.0,0.0,0.0
KALIMANTAN TIMUR,2024-12-11,2024,4,12,Dec,50,1,0,0,9.706343713956171,27.348140495867767,85.2396694214876,3.350309917355372,1.0,0.0,0.5714285714285714,3.5,3.0,0.0,0.0
KALIMANTAN TIMUR,2024-12-12,2024,4,12,Dec,50,0,0,0,9.706343713956171,27.348140495867767,85.2396694214876,3.350309917355372,1.0,0.0,0.7142857142857143,1.5714285714285714,3.0,0.0,0.0
KALIMANTAN TIMUR,2024-12-13,2024,4,12,Dec,50,0,0,0,9.706343713956171,27.348140495867767,85.2396694214876,3.350309917355372,0.0,0.0,0.7142857142857143,1.2857142857142858,3.0,0.0,0.0
KALIMANTAN TIMUR,2024-12-14,2024,4,12,Dec,50,0,0,0,9.706343713956171,27.348140495867767,85.2396694214876,3.350309917355372,0.0,0.0,0.7142857142857143,1.0,3.0,0.0,0.0
KALIMANTAN TIMUR,2024-12-15,2024,4,12,Dec,50,1,0,0,9.706343713956171,27.348140495867767,85.2396694214876,3.350309917355372,0.0,3.0,0.7142857142857143,0.7857142857142857,3.0,0.0,0.0
KALIMANTAN TIMUR,2024-12-16,2024,4,12,Dec,51,2,0,0,9.706343713956171,27.348140495867767,85.2396694214876,3.350309917355372,1.0,0.0,0.42857142857142855,0.8571428571428571,1.0,0.0,0.0
KALIMANTAN TIMUR,2024-12-17,2024,4,12,Dec,51,6,0,0,9.706343713956171,27.348140495867767,85.2396694214876,3.350309917355372,2.0,1.0,0.7142857142857143,0.5714285714285714,2.0,0.0,0.0
KALIMANTAN TIMUR,2024-12-18,2024,4,12,Dec,51,3,0,0,9.706343713956171,27.348140495867767,85.2396694214876,3.350309917355372,6.0,1.0,1.4285714285714286,1.0,6.0,0.0,0.0
KALIMANTAN TIMUR,2024-12-19,2024,4,12,Dec,51,0,0,0,9.706343713956171,27.348140495867767,85.2396694214876,3.350309917355372,3.0,0.0,1.7142857142857142,1.2142857142857142,6.0,0.0,0.0
KALIMANTAN TIMUR,2024-12-20,2024,4,12,Dec,51,0,0,0,9.706343713956171,27.348140495867767,85.2396694214876,3.350309917355372,0.0,0.0,1.7142857142857142,1.2142857142857142,6.0,0.0,0.0
KALIMANTAN TIMUR,2024-12-21,2024,4,12,Dec,51,0,0,0,9.706343713956171,27.348140495867767,85.2396694214876,3.350309917355372,0.0,0.0,1.7142857142857142,1.2142857142857142,6.0,0.0,0.0
KALIMANTAN TIMUR,2024-12-22,2024,4,12,Dec,51,0,0,0,9.706343713956171,27.348140495867767,85.2396694214876,3.350309917355372,0.0,1.0,1.7142857142857142,1.2142857142857142,6.0,0.0,0.0
KALIMANTAN TIMUR,2024-12-23,2024,4,12,Dec,52,1,0,0,9.706343713956171,27.348140495867767,85.2396694214876,3.350309917355372,0.0,2.0,1.5714285714285714,1.0,6.0,0.0,0.0
KALIMANTAN TIMUR,2024-12-24,2024,4,12,Dec,52,0,0,0,9.706343713956171,27.348140495867767,85.2396694214876,3.350309917355372,1.0,6.0,1.4285714285714286,1.0714285714285714,6.0,0.0,0.0
KALIMANTAN TIMUR,2024-12-25,2024,4,12,Dec,52,0,0,0,9.706343713956171,27.348140495867767,85.2396694214876,3.350309917355372,0.0,3.0,0.5714285714285714,1.0,3.0,0.0,0.0
KALIMANTAN TIMUR,2024-12-26,2024,4,12,Dec,52,1,0,0,9.706343713956171,27.348140495867767,85.2396694214876,3.350309917355372,0.0,0.0,0.14285714285714285,0.9285714285714286,1.0,0.0,0.0
KALIMANTAN TIMUR,2024-12-27,2024,4,12,Dec,52,0,0,0,9.706343713956171,27.348140495867767,85.2396694214876,3.350309917355372,1.0,0.0,0.2857142857142857,1.0,1.0,0.0,0.0
KALIMANTAN TIMUR,2024-12-28,2024,4,12,Dec,52,0,0,0,9.706343713956171,27.348140495867767,85.2396694214876,3.350309917355372,0.0,0.0,0.2857142857142857,1.0,1.0,0.0,0.0
KALIMANTAN TIMUR,2024-12-29,2024,4,12,Dec,52,5,0,0,9.706343713956171,27.348140495867767,85.2396694214876,3.350309917355372,0.0,0.0,0.2857142857142857,1.0,1.0,0.0,0.0
KALIMANTAN TIMUR,2024-12-30,2024,4,12,Dec,1,9,0,0,9.706343713956171,27.348140495867767,85.2396694214876,3.350309917355372,5.0,1.0,1.0,1.2857142857142858,5.0,0.0,0.0
KALIMANTAN TIMUR,2024-12-31,2024,4,12,Dec,1,3,0,0,9.706343713956171,27.348140495867767,85.2396694214876,3.350309917355372,9.0,0.0,2.142857142857143,1.7857142857142858,9.0,0.0,0.0
KALIMANTAN TIMUR,2025-01-01,2025,1,1,Jan,1,1,0,0,8.99409638554217,27.045164718384697,85.58979808714133,3.2835616438356166,3.0,0.0,2.5714285714285716,1.5714285714285714,9.0,0.0,0.0
KALIMANTAN TIMUR,2025-01-02,2025,1,1,Jan,1,1,0,0,8.99409638554217,27.045164718384697,85.58979808714133,3.2835616438356166,1.0,1.0,2.7142857142857144,1.4285714285714286,9.0,0.0,0.0
KALIMANTAN TIMUR,2025-01-03,2025,1,1,Jan,1,5,0,0,8.99409638554217,27.045164718384697,85.58979808714133,3.2835616438356166,1.0,0.0,2.7142857142857144,1.5,9.0,0.0,0.0
KALIMANTAN TIMUR,2025-01-04,2025,1,1,Jan,1,2,0,0,8.99409638554217,27.045164718384697,85.58979808714133,3.2835616438356166,5.0,0.0,3.4285714285714284,1.8571428571428572,9.0,0.0,0.0
KALIMANTAN TIMUR,2025-01-05,2025,1,1,Jan,1,4,0,0,8.99409638554217,27.045164718384697,85.58979808714133,3.2835616438356166,2.0,5.0,3.7142857142857144,2.0,9.0,0.0,0.0
KALIMANTAN TIMUR,2025-01-06,2025,1,1,Jan,2,3,0,0,8.99409638554217,27.045164718384697,85.58979808714133,3.2835616438356166,4.0,9.0,3.5714285714285716,2.2857142857142856,9.0,0.0,0.0
KALIMANTAN TIMUR,2025-01-07,2025,1,1,Jan,2,1,0,0,8.99409638554217,27.045164718384697,85.58979808714133,3.2835616438356166,3.0,3.0,2.7142857142857144,2.4285714285714284,5.0,0.0,0.0
KALIMANTAN TIMUR,2025-01-08,2025,1,1,Jan,2,8,0,0,8.99409638554217,27.045164718384697,85.58979808714133,3.2835616438356166,1.0,1.0,2.4285714285714284,2.5,5.0,0.0,0.0
KALIMANTAN TIMUR,2025-01-09,2025,1,1,Jan,2,5,0,0,8.99409638554217,27.045164718384697,85.58979808714133,3.2835616438356166,8.0,1.0,3.4285714285714284,3.0714285714285716,8.0,0.0,0.0
KALIMANTAN TIMUR,2025-01-10,2025,1,1,Jan,2,12,0,0,8.99409638554217,27.045164718384697,85.58979808714133,3.2835616438356166,5.0,5.0,4.0,3.357142857142857,8.0,0.0,0.0
KALIMANTAN TIMUR,2025-01-11,2025,1,1,Jan,2,1,0,0,8.99409638554217,27.045164718384697,85.58979808714133,3.2835616438356166,12.0,2.0,5.0,4.214285714285714,12.0,0.0,0.0
KALIMANTAN TIMUR,2025-01-12,2025,1,1,Jan,2,1,0,0,8.99409638554217,27.045164718384697,85.58979808714133,3.2835616438356166,1.0,4.0,4.857142857142857,4.285714285714286,12.0,0.0,0.0
KALIMANTAN TIMUR,2025-01-13,2025,1,1,Jan,3,0,0,0,8.99409638554217,27.045164718384697,85.58979808714133,3.2835616438356166,1.0,3.0,4.428571428571429,4.0,12.0,0.0,0.0
KALIMANTAN TIMUR,2025-01-14,2025,1,1,Jan,3,0,0,0,8.99409638554217,27.045164718384697,85.58979808714133,3.2835616438356166,0.0,1.0,4.0,3.357142857142857,12.0,0.0,0.0
KALIMANTAN TIMUR,2025-01-15,2025,1,1,Jan,3,1,0,0,8.99409638554217,27.045164718384697,85.58979808714133,3.2835616438356166,0.0,8.0,3.857142857142857,3.142857142857143,12.0,0.0,0.0
KALIMANTAN TIMUR,2025-01-16,2025,1,1,Jan,3,3,0,0,8.99409638554217,27.045164718384697,85.58979808714133,3.2835616438356166,1.0,5.0,2.857142857142857,3.142857142857143,12.0,0.0,0.0
KALIMANTAN TIMUR,2025-01-17,2025,1,1,Jan,3,1,0,0,8.99409638554217,27.045164718384697,85.58979808714133,3.2835616438356166,3.0,12.0,2.5714285714285716,3.2857142857142856,12.0,0.0,0.0
KALIMANTAN TIMUR,2025-01-18,2025,1,1,Jan,3,3,0,0,8.99409638554217,27.045164718384697,85.58979808714133,3.2835616438356166,1.0,1.0,1.0,3.0,3.0,0.0,0.0
KALIMANTAN TIMUR,2025-01-19,2025,1,1,Jan,3,11,0,0,8.99409638554217,27.045164718384697,85.58979808714133,3.2835616438356166,3.0,1.0,1.2857142857142858,3.0714285714285716,3.0,0.0,0.0
KALIMANTAN TIMUR,2025-01-20,2025,1,1,Jan,4,0,0,0,8.99409638554217,27.045164718384697,85.58979808714133,3.2835616438356166,11.0,0.0,2.7142857142857144,3.5714285714285716,11.0,0.0,0.0
KALIMANTAN TIMUR,2025-01-21,2025,1,1,Jan,4,0,0,0,8.99409638554217,27.045164718384697,85.58979808714133,3.2835616438356166,0.0,0.0,2.7142857142857144,3.357142857142857,11.0,0.0,0.0
KALIMANTAN TIMUR,2025-01-22,2025,1,1,Jan,4,0,0,0,8.99409638554217,27.045164718384697,85.58979808714133,3.2835616438356166,0.0,1.0,2.7142857142857144,3.2857142857142856,11.0,0.0,0.0
KALIMANTAN TIMUR,2025-01-23,2025,1,1,Jan,4,0,0,0,8.99409638554217,27.045164718384697,85.58979808714133,3.2835616438356166,0.0,3.0,2.5714285714285716,2.7142857142857144,11.0,0.0,0.0
KALIMANTAN TIMUR,2025-01-24,2025,1,1,Jan,4,0,0,0,8.99409638554217,27.045164718384697,85.58979808714133,3.2835616438356166,0.0,1.0,2.142857142857143,2.357142857142857,11.0,0.0,0.0
KALIMANTAN TIMUR,2025-01-25,2025,1,1,Jan,4,1,0,0,8.99409638554217,27.045164718384697,85.58979808714133,3.2835616438356166,0.0,3.0,2.0,1.5,11.0,0.0,0.0
KALIMANTAN TIMUR,2025-01-26,2025,1,1,Jan,4,0,0,0,8.99409638554217,27.045164718384697,85.58979808714133,3.2835616438356166,1.0,11.0,1.7142857142857142,1.5,11.0,0.0,0.0
KALIMANTAN TIMUR,2025-01-27,2025,1,1,Jan,5,0,0,0,8.99409638554217,27.045164718384697,85.58979808714133,3.2835616438356166,0.0,0.0,0.14285714285714285,1.4285714285714286,1.0,0.0,0.0
KALIMANTAN TIMUR,2025-01-28,2025,1,1,Jan,5,0,0,0,8.99409638554217,27.045164718384697,85.58979808714133,3.2835616438356166,0.0,0.0,0.14285714285714285,1.4285714285714286,1.0,0.0,0.0
KALIMANTAN TIMUR,2025-01-29,2025,1,1,Jan,5,0,0,0,8.99409638554217,27.045164718384697,85.58979808714133,3.2835616438356166,0.0,0.0,0.14285714285714285,1.4285714285714286,1.0,0.0,0.0
KALIMANTAN TIMUR,2025-01-30,2025,1,1,Jan,5,1,0,0,8.99409638554217,27.045164718384697,85.58979808714133,3.2835616438356166,0.0,0.0,0.14285714285714285,1.3571428571428572,1.0,0.0,0.0
KALIMANTAN TIMUR,2025-01-31,2025,1,1,Jan,5,0,0,0,8.99409638554217,27.045164718384697,85.58979808714133,3.2835616438356166,1.0,0.0,0.2857142857142857,1.2142857142857142,1.0,0.0,0.0
KALIMANTAN TIMUR,2025-02-01,2025,1,2,Feb,5,0,0,0,8.053280839895013,27.22789598108747,84.28841607565012,3.9704784130688444,0.0,1.0,0.2857142857142857,1.1428571428571428,1.0,0.0,0.0
KALIMANTAN TIMUR,2025-02-02,2025,1,2,Feb,5,0,0,0,8.053280839895013,27.22789598108747,84.28841607565012,3.9704784130688444,0.0,0.0,0.14285714285714285,0.9285714285714286,1.0,0.0,0.0
KALIMANTAN TIMUR,2025-02-03,2025,1,2,Feb,6,2,0,0,8.053280839895013,27.22789598108747,84.28841607565012,3.9704784130688444,0.0,0.0,0.14285714285714285,0.14285714285714285,1.0,0.0,0.0
KALIMANTAN TIMUR,2025-02-04,2025,1,2,Feb,6,5,0,0,8.053280839895013,27.22789598108747,84.28841607565012,3.9704784130688444,2.0,0.0,0.42857142857142855,0.2857142857142857,2.0,0.0,0.0
KALIMANTAN TIMUR,2025-02-05,2025,1,2,Feb,6,6,0,0,8.053280839895013,27.22789598108747,84.28841607565012,3.9704784130688444,5.0,0.0,1.1428571428571428,0.6428571428571429,5.0,0.0,0.0
KALIMANTAN TIMUR,2025-02-06,2025,1,2,Feb,6,0,0,0,8.053280839895013,27.22789598108747,84.28841607565012,3.9704784130688444,6.0,1.0,2.0,1.0714285714285714,6.0,0.0,0.0
KALIMANTAN TIMUR,2025-02-07,2025,1,2,Feb,6,3,0,0,8.053280839895013,27.22789598108747,84.28841607565012,3.9704784130688444,0.0,0.0,1.8571428571428572,1.0714285714285714,6.0,0.0,0.0
KALIMANTAN TIMUR,2025-02-08,2025,1,2,Feb,6,4,0,0,8.053280839895013,27.22789598108747,84.28841607565012,3.9704784130688444,3.0,0.0,2.2857142857142856,1.2857142857142858,6.0,0.0,0.0
KALIMANTAN TIMUR,2025-02-09,2025,1,2,Feb,6,0,0,0,8.053280839895013,27.22789598108747,84.28841607565012,3.9704784130688444,4.0,0.0,2.857142857142857,1.5,6.0,0.0,0.0
KALIMANTAN TIMUR,2025-02-10,2025,1,2,Feb,7,4,0,0,8.053280839895013,27.22789598108747,84.28841607565012,3.9704784130688444,0.0,2.0,2.857142857142857,1.5,6.0,0.0,0.0
KALIMANTAN TIMUR,2025-02-11,2025,1,2,Feb,7,2,0,0,8.053280839895013,27.22789598108747,84.28841607565012,3.9704784130688444,4.0,5.0,3.142857142857143,1.7857142857142858,6.0,0.0,0.0
KALIMANTAN TIMUR,2025-02-12,2025,1,2,Feb,7,0,0,0,8.053280839895013,27.22789598108747,84.28841607565012,3.9704784130688444,2.0,6.0,2.7142857142857144,1.9285714285714286,6.0,0.0,0.0
KALIMANTAN TIMUR,2025-02-13,2025,1,2,Feb,7,3,0,0,8.053280839895013,27.22789598108747,84.28841607565012,3.9704784130688444,0.0,0.0,1.8571428571428572,1.9285714285714286,4.0,0.0,0.0
KALIMANTAN TIMUR,2025-02-14,2025,1,2,Feb,7,3,0,0,8.053280839895013,27.22789598108747,84.28841607565012,3.9704784130688444,3.0,3.0,2.2857142857142856,2.0714285714285716,4.0,0.0,0.0
KALIMANTAN TIMUR,2025-02-15,2025,1,2,Feb,7,13,0,0,8.053280839895013,27.22789598108747,84.28841607565012,3.9704784130688444,3.0,4.0,2.2857142857142856,2.2857142857142856,4.0,0.0,0.0
KALIMANTAN TIMUR,2025-02-16,2025,1,2,Feb,7,40,1,0,8.053280839895013,27.22789598108747,84.28841607565012,3.9704784130688444,13.0,0.0,3.5714285714285716,3.2142857142857144,13.0,0.0,0.0
KALIMANTAN TIMUR,2025-02-17,2025,1,2,Feb,8,3,0,0,8.053280839895013,27.22789598108747,84.28841607565012,3.9704784130688444,40.0,4.0,9.285714285714286,6.071428571428571,40.0,1.0,0.14285714285714285
KALIMANTAN TIMUR,2025-02-18,2025,1,2,Feb,8,0,0,0,8.053280839895013,27.22789598108747,84.28841607565012,3.9704784130688444,3.0,2.0,9.142857142857142,6.142857142857143,40.0,0.0,0.14285714285714285
KALIMANTAN TIMUR,2025-02-19,2025,1,2,Feb,8,10,0,0,8.053280839895013,27.22789598108747,84.28841607565012,3.9704784130688444,0.0,0.0,8.857142857142858,5.785714285714286,40.0,0.0,0.14285714285714285
KALIMANTAN TIMUR,2025-02-20,2025,1,2,Feb,8,4,0,0,8.053280839895013,27.22789598108747,84.28841607565012,3.9704784130688444,10.0,3.0,10.285714285714286,6.071428571428571,40.0,0.0,0.14285714285714285
KALIMANTAN TIMUR,2025-02-21,2025,1,2,Feb,8,2,0,0,8.053280839895013,27.22789598108747,84.28841607565012,3.9704784130688444,4.0,3.0,10.428571428571429,6.357142857142857,40.0,0.0,0.14285714285714285
KALIMANTAN TIMUR,2025-02-22,2025,1,2,Feb,8,0,0,0,8.053280839895013,27.22789598108747,84.28841607565012,3.9704784130688444,2.0,13.0,10.285714285714286,6.285714285714286,40.0,0.0,0.14285714285714285
KALIMANTAN TIMUR,2025-02-23,2025,1,2,Feb,8,2,0,0,8.053280839895013,27.22789598108747,84.28841607565012,3.9704784130688444,0.0,40.0,8.428571428571429,6.0,40.0,0.0,0.14285714285714285
KALIMANTAN TIMUR,2025-02-24,2025,1,2,Feb,9,1,0,0,8.053280839895013,27.22789598108747,84.28841607565012,3.9704784130688444,2.0,3.0,3.0,6.142857142857143,10.0,0.0,0.0
KALIMANTAN TIMUR,2025-02-25,2025,1,2,Feb,9,1,0,0,8.053280839895013,27.22789598108747,84.28841607565012,3.9704784130688444,1.0,0.0,2.7142857142857144,5.928571428571429,10.0,0.0,0.0
KALIMANTAN TIMUR,2025-02-26,2025,1,2,Feb,9,3,0,0,8.053280839895013,27.22789598108747,84.28841607565012,3.9704784130688444,1.0,10.0,2.857142857142857,5.857142857142857,10.0,0.0,0.0
KALIMANTAN TIMUR,2025-02-27,2025,1,2,Feb,9,3,0,0,8.053280839895013,27.22789598108747,84.28841607565012,3.9704784130688444,3.0,4.0,1.8571428571428572,6.071428571428571,4.0,0.0,0.0
KALIMANTAN TIMUR,2025-02-28,2025,1,2,Feb,9,1,0,0,8.053280839895013,27.22789598108747,84.28841607565012,3.9704784130688444,3.0,2.0,1.7142857142857142,6.071428571428571,3.0,0.0,0.0
KALIMANTAN TIMUR,2025-03-01,2025,1,3,Mar,9,0,0,0,7.830688448074679,27.373868312757203,84.70370370370371,3.996663190823775,1.0,0.0,1.5714285714285714,5.928571428571429,3.0,0.0,0.0
KALIMANTAN TIMUR,2025-03-02,2025,1,3,Mar,9,8,0,0,7.830688448074679,27.373868312757203,84.70370370370371,3.996663190823775,0.0,2.0,1.5714285714285714,5.0,3.0,0.0,0.0
KALIMANTAN TIMUR,2025-03-03,2025,1,3,Mar,10,8,0,0,7.830688448074679,27.373868312757203,84.70370370370371,3.996663190823775,8.0,1.0,2.4285714285714284,2.7142857142857144,8.0,0.0,0.0
KALIMANTAN TIMUR,2025-03-04,2025,1,3,Mar,10,12,0,0,7.830688448074679,27.373868312757203,84.70370370370371,3.996663190823775,8.0,1.0,3.4285714285714284,3.0714285714285716,8.0,0.0,0.0
KALIMANTAN TIMUR,2025-03-05,2025,1,3,Mar,10,3,0,0,7.830688448074679,27.373868312757203,84.70370370370371,3.996663190823775,12.0,3.0,5.0,3.9285714285714284,12.0,0.0,0.0
KALIMANTAN TIMUR,2025-03-06,2025,1,3,Mar,10,3,0,0,7.830688448074679,27.373868312757203,84.70370370370371,3.996663190823775,3.0,3.0,5.0,3.4285714285714284,12.0,0.0,0.0
KALIMANTAN TIMUR,2025-03-07,2025,1,3,Mar,10,0,0,0,7.830688448074679,27.373868312757203,84.70370370370371,3.996663190823775,3.0,1.0,5.0,3.357142857142857,12.0,0.0,0.0
KALIMANTAN TIMUR,2025-03-08,2025,1,3,Mar,10,0,0,0,7.830688448074679,27.373868312757203,84.70370370370371,3.996663190823775,0.0,0.0,4.857142857142857,3.2142857142857144,12.0,0.0,0.0
KALIMANTAN TIMUR,2025-03-09,2025,1,3,Mar,10,2,0,0,7.830688448074679,27.373868312757203,84.70370370370371,3.996663190823775,0.0,8.0,4.857142857142857,3.2142857142857144,12.0,0.0,0.0
KALIMANTAN TIMUR,2025-03-10,2025,1,3,Mar,11,1,0,0,7.830688448074679,27.373868312757203,84.70370370370371,3.996663190823775,2.0,8.0,4.0,3.2142857142857144,12.0,0.0,0.0
KALIMANTAN TIMUR,2025-03-11,2025,1,3,Mar,11,0,0,0,7.830688448074679,27.373868312757203,84.70370370370371,3.996663190823775,1.0,12.0,3.0,3.2142857142857144,12.0,0.0,0.0
KALIMANTAN TIMUR,2025-03-12,2025,1,3,Mar,11,9,0,0,7.830688448074679,27.373868312757203,84.70370370370371,3.996663190823775,0.0,3.0,1.2857142857142858,3.142857142857143,3.0,0.0,0.0
KALIMANTAN TIMUR,2025-03-13,2025,1,3,Mar,11,4,0,0,7.830688448074679,27.373868312757203,84.70370370370371,3.996663190823775,9.0,3.0,2.142857142857143,3.5714285714285716,9.0,0.0,0.0
KALIMANTAN TIMUR,2025-03-14,2025,1,3,Mar,11,3,0,0,7.830688448074679,27.373868312757203,84.70370370370371,3.996663190823775,4.0,0.0,2.2857142857142856,3.642857142857143,9.0,0.0,0.0
KALIMANTAN TIMUR,2025-03-15,2025,1,3,Mar,11,8,0,0,7.830688448074679,27.373868312757203,84.70370370370371,3.996663190823775,3.0,0.0,2.7142857142857144,3.7857142857142856,9.0,0.0,0.0
KALIMANTAN TIMUR,2025-03-16,2025,1,3,Mar,11,0,0,0,7.830688448074679,27.373868312757203,84.70370370370371,3.996663190823775,8.0,2.0,3.857142857142857,4.357142857142857,9.0,0.0,0.0
KALIMANTAN TIMUR,2025-03-17,2025,1,3,Mar,12,0,0,0,7.830688448074679,27.373868312757203,84.70370370370371,3.996663190823775,0.0,1.0,3.5714285714285716,3.7857142857142856,9.0,0.0,0.0
KALIMANTAN TIMUR,2025-03-18,2025,1,3,Mar,12,5,0,0,7.830688448074679,27.373868312757203,84.70370370370371,3.996663190823775,0.0,0.0,3.4285714285714284,3.2142857142857144,9.0,0.0,0.0
KALIMANTAN TIMUR,2025-03-19,2025,1,3,Mar,12,1,0,0,7.830688448074679,27.373868312757203,84.70370370370371,3.996663190823775,5.0,9.0,4.142857142857143,2.7142857142857144,9.0,0.0,0.0
KALIMANTAN TIMUR,2025-03-20,2025,1,3,Mar,12,0,0,0,7.830688448074679,27.373868312757203,84.70370370370371,3.996663190823775,1.0,4.0,3.0,2.5714285714285716,8.0,0.0,0.0
KALIMANTAN TIMUR,2025-03-21,2025,1,3,Mar,12,0,0,0,7.830688448074679,27.373868312757203,84.70370370370371,3.996663190823775,0.0,3.0,2.4285714285714284,2.357142857142857,8.0,0.0,0.0
KALIMANTAN TIMUR,2025-03-22,2025,1,3,Mar,12,0,0,0,7.830688448074679,27.373868312757203,84.70370370370371,3.996663190823775,0.0,8.0,2.0,2.357142857142857,8.0,0.0,0.0
KALIMANTAN TIMUR,2025-03-23,2025,1,3,Mar,12,0,0,0,7.830688448074679,27.373868312757203,84.70370370370371,3.996663190823775,0.0,0.0,0.8571428571428571,2.357142857142857,5.0,0.0,0.0
KALIMANTAN TIMUR,2025-03-24,2025,1,3,Mar,13,1,0,0,7.830688448074679,27.373868312757203,84.70370370370371,3.996663190823775,0.0,0.0,0.8571428571428571,2.2142857142857144,5.0,0.0,0.0
KALIMANTAN TIMUR,2025-03-25,2025,1,3,Mar,13,0,0,0,7.830688448074679,27.373868312757203,84.70370370370371,3.996663190823775,1.0,5.0,1.0,2.2142857142857144,5.0,0.0,0.0
KALIMANTAN TIMUR,2025-03-26,2025,1,3,Mar,13,4,0,0,7.830688448074679,27.373868312757203,84.70370370370371,3.996663190823775,0.0,1.0,0.2857142857142857,2.2142857142857144,1.0,0.0,0.0
KALIMANTAN TIMUR,2025-03-27,2025,1,3,Mar,13,10,0,0,7.830688448074679,27.373868312757203,84.70370370370371,3.996663190823775,4.0,0.0,0.7142857142857143,1.8571428571428572,4.0,0.0,0.0
KALIMANTAN TIMUR,2025-03-28,2025,1,3,Mar,13,17,0,0,7.830688448074679,27.373868312757203,84.70370370370371,3.996663190823775,10.0,0.0,2.142857142857143,2.2857142857142856,10.0,0.0,0.0
KALIMANTAN TIMUR,2025-03-29,2025,1,3,Mar,13,5,0,0,7.830688448074679,27.373868312757203,84.70370370370371,3.996663190823775,17.0,0.0,4.571428571428571,3.2857142857142856,17.0,0.0,0.0
KALIMANTAN TIMUR,2025-03-30,2025,1,3,Mar,13,0,0,0,7.830688448074679,27.373868312757203,84.70370370370371,3.996663190823775,5.0,0.0,5.285714285714286,3.0714285714285716,17.0,0.0,0.0
KALIMANTAN TIMUR,2025-03-31,2025,1,3,Mar,14,1,0,0,7.830688448074679,27.373868312757203,84.70370370370371,3.996663190823775,0.0,1.0,5.285714285714286,3.0714285714285716,17.0,0.0,0.0
KALIMANTAN TIMUR,2025-04-01,2025,2,4,Apr,14,0,0,0,8.370012239902081,27.576806903991372,85.3797195253506,4.444153005464481,1.0,0.0,5.285714285714286,3.142857142857143,17.0,0.0,0.0
KALIMANTAN TIMUR,2025-04-02,2025,2,4,Apr,14,0,0,0,8.370012239902081,27.576806903991372,85.3797195253506,4.444153005464481,0.0,4.0,5.285714285714286,2.7857142857142856,17.0,0.0,0.0
KALIMANTAN TIMUR,2025-04-03,2025,2,4,Apr,14,6,0,0,8.370012239902081,27.576806903991372,85.3797195253506,4.444153005464481,0.0,10.0,4.714285714285714,2.7142857142857144,17.0,0.0,0.0
KALIMANTAN TIMUR,2025-04-04,2025,2,4,Apr,14,1,0,0,8.370012239902081,27.576806903991372,85.3797195253506,4.444153005464481,6.0,17.0,4.142857142857143,3.142857142857143,17.0,0.0,0.0
KALIMANTAN TIMUR,2025-04-05,2025,2,4,Apr,14,0,0,0,8.370012239902081,27.576806903991372,85.3797195253506,4.444153005464481,1.0,5.0,1.8571428571428572,3.2142857142857144,6.0,0.0,0.0
KALIMANTAN TIMUR,2025-04-06,2025,2,4,Apr,14,1,0,0,8.370012239902081,27.576806903991372,85.3797195253506,4.444153005464481,0.0,0.0,1.1428571428571428,3.2142857142857144,6.0,0.0,0.0
KALIMANTAN TIMUR,2025-04-07,2025,2,4,Apr,15,10,0,0,8.370012239902081,27.576806903991372,85.3797195253506,4.444153005464481,1.0,1.0,1.2857142857142858,3.2857142857142856,6.0,0.0,0.0
KALIMANTAN TIMUR,2025-04-08,2025,2,4,Apr,15,6,0,0,8.370012239902081,27.576806903991372,85.3797195253506,4.444153005464481,10.0,0.0,2.5714285714285716,3.9285714285714284,10.0,0.0,0.0
KALIMANTAN TIMUR,2025-04-09,2025,2,4,Apr,15,1,0,0,8.370012239902081,27.576806903991372,85.3797195253506,4.444153005464481,6.0,0.0,3.4285714285714284,4.357142857142857,10.0,0.0,0.0
KALIMANTAN TIMUR,2025-04-10,2025,2,4,Apr,15,2,0,0,8.370012239902081,27.576806903991372,85.3797195253506,4.444153005464481,1.0,6.0,3.5714285714285716,4.142857142857143,10.0,0.0,0.0
KALIMANTAN TIMUR,2025-04-11,2025,2,4,Apr,15,1,0,0,8.370012239902081,27.576806903991372,85.3797195253506,4.444153005464481,2.0,1.0,3.0,3.5714285714285716,10.0,0.0,0.0
KALIMANTAN TIMUR,2025-04-12,2025,2,4,Apr,15,1,0,0,8.370012239902081,27.576806903991372,85.3797195253506,4.444153005464481,1.0,0.0,3.0,2.4285714285714284,10.0,0.0,0.0
KALIMANTAN TIMUR,2025-04-13,2025,2,4,Apr,15,3,0,0,8.370012239902081,27.576806903991372,85.3797195253506,4.444153005464481,1.0,1.0,3.142857142857143,2.142857142857143,10.0,0.0,0.0
KALIMANTAN TIMUR,2025-04-14,2025,2,4,Apr,16,1,0,0,8.370012239902081,27.576806903991372,85.3797195253506,4.444153005464481,3.0,10.0,3.4285714285714284,2.357142857142857,10.0,0.0,0.0
KALIMANTAN TIMUR,2025-04-15,2025,2,4,Apr,16,3,0,0,8.370012239902081,27.576806903991372,85.3797195253506,4.444153005464481,1.0,6.0,2.142857142857143,2.357142857142857,6.0,0.0,0.0
KALIMANTAN TIMUR,2025-04-16,2025,2,4,Apr,16,2,0,0,8.370012239902081,27.576806903991372,85.3797195253506,4.444153005464481,3.0,1.0,1.7142857142857142,2.5714285714285716,3.0,0.0,0.0
KALIMANTAN TIMUR,2025-04-17,2025,2,4,Apr,16,2,0,0,8.370012239902081,27.576806903991372,85.3797195253506,4.444153005464481,2.0,2.0,1.8571428571428572,2.7142857142857144,3.0,0.0,0.0
KALIMANTAN TIMUR,2025-04-18,2025,2,4,Apr,16,18,0,0,8.370012239902081,27.576806903991372,85.3797195253506,4.444153005464481,2.0,1.0,1.8571428571428572,2.4285714285714284,3.0,0.0,0.0
KALIMANTAN TIMUR,2025-04-19,2025,2,4,Apr,16,5,0,0,8.370012239902081,27.576806903991372,85.3797195253506,4.444153005464481,18.0,1.0,4.285714285714286,3.642857142857143,18.0,0.0,0.0
KALIMANTAN TIMUR,2025-04-20,2025,2,4,Apr,16,27,1,0,8.370012239902081,27.576806903991372,85.3797195253506,4.444153005464481,5.0,3.0,4.857142857142857,4.0,18.0,0.0,0.0
KALIMANTAN TIMUR,2025-04-21,2025,2,4,Apr,17,3,0,0,8.370012239902081,27.576806903991372,85.3797195253506,4.444153005464481,27.0,1.0,8.285714285714286,5.857142857142857,27.0,1.0,0.14285714285714285
KALIMANTAN TIMUR,2025-04-22,2025,2,4,Apr,17,1,0,0,8.370012239902081,27.576806903991372,85.3797195253506,4.444153005464481,3.0,3.0,8.571428571428571,5.357142857142857,27.0,0.0,0.14285714285714285
KALIMANTAN TIMUR,2025-04-23,2025,2,4,Apr,17,1,0,0,8.370012239902081,27.576806903991372,85.3797195253506,4.444153005464481,1.0,2.0,8.285714285714286,5.0,27.0,0.0,0.14285714285714285
KALIMANTAN TIMUR,2025-04-24,2025,2,4,Apr,17,5,0,0,8.370012239902081,27.576806903991372,85.3797195253506,4.444153005464481,1.0,2.0,8.142857142857142,5.0,27.0,0.0,0.14285714285714285
KALIMANTAN TIMUR,2025-04-25,2025,2,4,Apr,17,0,0,0,8.370012239902081,27.576806903991372,85.3797195253506,4.444153005464481,5.0,18.0,8.571428571428571,5.214285714285714,27.0,0.0,0.14285714285714285
KALIMANTAN TIMUR,2025-04-26,2025,2,4,Apr,17,5,0,0,8.370012239902081,27.576806903991372,85.3797195253506,4.444153005464481,0.0,5.0,6.0,5.142857142857143,27.0,0.0,0.14285714285714285
KALIMANTAN TIMUR,2025-04-27,2025,2,4,Apr,17,5,0,0,8.370012239902081,27.576806903991372,85.3797195253506,4.444153005464481,5.0,27.0,6.0,5.428571428571429,27.0,0.0,0.14285714285714285
KALIMANTAN TIMUR,2025-04-28,2025,2,4,Apr,18,1,0,0,8.370012239902081,27.576806903991372,85.3797195253506,4.444153005464481,5.0,3.0,2.857142857142857,5.571428571428571,5.0,0.0,0.0
KALIMANTAN TIMUR,2025-04-29,2025,2,4,Apr,18,0,0,0,8.370012239902081,27.576806903991372,85.3797195253506,4.444153005464481,1.0,1.0,2.5714285714285716,5.571428571428571,5.0,0.0,0.0
KALIMANTAN TIMUR,2025-04-30,2025,2,4,Apr,18,8,0,0,8.370012239902081,27.576806903991372,85.3797195253506,4.444153005464481,0.0,1.0,2.4285714285714284,5.357142857142857,5.0,0.0,0.0
KALIMANTAN TIMUR,2025-05-01,2025,2,5,May,18,6,0,0,9.864328180737218,27.737265135699374,86.33019853709509,4.2905720338983055,8.0,5.0,3.4285714285714284,5.785714285714286,8.0,0.0,0.0
KALIMANTAN TIMUR,2025-05-02,2025,2,5,May,18,5,0,0,9.864328180737218,27.737265135699374,86.33019853709509,4.2905720338983055,6.0,0.0,3.5714285714285716,6.071428571428571,8.0,0.0,0.0
KALIMANTAN TIMUR,2025-05-03,2025,2,5,May,18,5,0,0,9.864328180737218,27.737265135699374,86.33019853709509,4.2905720338983055,5.0,5.0,4.285714285714286,5.142857142857143,8.0,0.0,0.0
KALIMANTAN TIMUR,2025-05-04,2025,2,5,May,18,6,0,0,9.864328180737218,27.737265135699374,86.33019853709509,4.2905720338983055,5.0,5.0,4.285714285714286,5.142857142857143,8.0,0.0,0.0
KALIMANTAN TIMUR,2025-05-05,2025,2,5,May,19,10,0,0,9.864328180737218,27.737265135699374,86.33019853709509,4.2905720338983055,6.0,1.0,4.428571428571429,3.642857142857143,8.0,0.0,0.0
KALIMANTAN TIMUR,2025-05-06,2025,2,5,May,19,13,0,0,9.864328180737218,27.737265135699374,86.33019853709509,4.2905720338983055,10.0,0.0,5.714285714285714,4.142857142857143,10.0,0.0,0.0
KALIMANTAN TIMUR,2025-05-07,2025,2,5,May,19,3,0,0,9.864328180737218,27.737265135699374,86.33019853709509,4.2905720338983055,13.0,8.0,7.571428571428571,5.0,13.0,0.0,0.0
KALIMANTAN TIMUR,2025-05-08,2025,2,5,May,19,10,0,0,9.864328180737218,27.737265135699374,86.33019853709509,4.2905720338983055,3.0,6.0,6.857142857142857,5.142857142857143,13.0,0.0,0.0
KALIMANTAN TIMUR,2025-05-09,2025,2,5,May,19,10,0,0,9.864328180737218,27.737265135699374,86.33019853709509,4.2905720338983055,10.0,5.0,7.428571428571429,5.5,13.0,0.0,0.0
KALIMANTAN TIMUR,2025-05-10,2025,2,5,May,19,4,0,0,9.864328180737218,27.737265135699374,86.33019853709509,4.2905720338983055,10.0,5.0,8.142857142857142,6.214285714285714,13.0,0.0,0.0
KALIMANTAN TIMUR,2025-05-11,2025,2,5,May,19,41,1,0,9.864328180737218,27.737265135699374,86.33019853709509,4.2905720338983055,4.0,6.0,8.0,6.142857142857143,13.0,0.0,0.0
KALIMANTAN TIMUR,2025-05-12,2025,2,5,May,20,1,0,0,9.864328180737218,27.737265135699374,86.33019853709509,4.2905720338983055,41.0,10.0,13.0,8.714285714285714,41.0,1.0,0.14285714285714285
KALIMANTAN TIMUR,2025-05-13,2025,2,5,May,20,5,0,0,9.864328180737218,27.737265135699374,86.33019853709509,4.2905720338983055,1.0,13.0,11.714285714285714,8.714285714285714,41.0,0.0,0.14285714285714285
KALIMANTAN TIMUR,2025-05-14,2025,2,5,May,20,4,0,0,9.864328180737218,27.737265135699374,86.33019853709509,4.2905720338983055,5.0,3.0,10.571428571428571,9.071428571428571,41.0,0.0,0.14285714285714285
KALIMANTAN TIMUR,2025-05-15,2025,2,5,May,20,7,0,0,9.864328180737218,27.737265135699374,86.33019853709509,4.2905720338983055,4.0,10.0,10.714285714285714,8.785714285714286,41.0,0.0,0.14285714285714285
KALIMANTAN TIMUR,2025-05-16,2025,2,5,May,20,8,0,0,9.864328180737218,27.737265135699374,86.33019853709509,4.2905720338983055,7.0,10.0,10.285714285714286,8.857142857142858,41.0,0.0,0.14285714285714285
KALIMANTAN TIMUR,2025-05-17,2025,2,5,May,20,10,0,0,9.864328180737218,27.737265135699374,86.33019853709509,4.2905720338983055,8.0,4.0,10.0,9.071428571428571,41.0,0.0,0.14285714285714285
KALIMANTAN TIMUR,2025-05-18,2025,2,5,May,20,5,0,0,9.864328180737218,27.737265135699374,86.33019853709509,4.2905720338983055,10.0,41.0,10.857142857142858,9.428571428571429,41.0,0.0,0.14285714285714285
KALIMANTAN TIMUR,2025-05-19,2025,2,5,May,21,4,0,0,9.864328180737218,27.737265135699374,86.33019853709509,4.2905720338983055,5.0,1.0,5.714285714285714,9.357142857142858,10.0,0.0,0.0
KALIMANTAN TIMUR,2025-05-20,2025,2,5,May,21,6,0,0,9.864328180737218,27.737265135699374,86.33019853709509,4.2905720338983055,4.0,5.0,6.142857142857143,8.928571428571429,10.0,0.0,0.0
KALIMANTAN TIMUR,2025-05-21,2025,2,5,May,21,0,0,0,9.864328180737218,27.737265135699374,86.33019853709509,4.2905720338983055,6.0,4.0,6.285714285714286,8.428571428571429,10.0,0.0,0.0
KALIMANTAN TIMUR,2025-05-22,2025,2,5,May,21,28,1,0,9.864328180737218,27.737265135699374,86.33019853709509,4.2905720338983055,0.0,7.0,5.714285714285714,8.214285714285714,10.0,0.0,0.0
KALIMANTAN TIMUR,2025-05-23,2025,2,5,May,21,4,0,0,9.864328180737218,27.737265135699374,86.33019853709509,4.2905720338983055,28.0,8.0,8.714285714285714,9.5,28.0,1.0,0.14285714285714285
KALIMANTAN TIMUR,2025-05-24,2025,2,5,May,21,7,0,0,9.864328180737218,27.737265135699374,86.33019853709509,4.2905720338983055,4.0,10.0,8.142857142857142,9.071428571428571,28.0,0.0,0.14285714285714285
KALIMANTAN TIMUR,2025-05-25,2025,2,5,May,21,4,0,0,9.864328180737218,27.737265135699374,86.33019853709509,4.2905720338983055,7.0,5.0,7.714285714285714,9.285714285714286,28.0,0.0,0.14285714285714285
KALIMANTAN TIMUR,2025-05-26,2025,2,5,May,22,23,0,0,9.864328180737218,27.737265135699374,86.33019853709509,4.2905720338983055,4.0,4.0,7.571428571428571,6.642857142857143,28.0,0.0,0.14285714285714285
KALIMANTAN TIMUR,2025-05-27,2025,2,5,May,22,3,0,0,9.864328180737218,27.737265135699374,86.33019853709509,4.2905720338983055,23.0,6.0,10.285714285714286,8.214285714285714,28.0,0.0,0.14285714285714285
KALIMANTAN TIMUR,2025-05-28,2025,2,5,May,22,3,0,0,9.864328180737218,27.737265135699374,86.33019853709509,4.2905720338983055,3.0,0.0,9.857142857142858,8.071428571428571,28.0,0.0,0.14285714285714285
KALIMANTAN TIMUR,2025-05-29,2025,2,5,May,22,3,0,0,9.864328180737218,27.737265135699374,86.33019853709509,4.2905720338983055,3.0,28.0,10.285714285714286,8.0,28.0,0.0,0.14285714285714285
KALIMANTAN TIMUR,2025-05-30,2025,2,5,May,22,6,0,0,9.864328180737218,27.737265135699374,86.33019853709509,4.2905720338983055,3.0,4.0,6.714285714285714,7.714285714285714,23.0,0.0,0.0
KALIMANTAN TIMUR,2025-05-31,2025,2,5,May,22,0,0,0,9.864328180737218,27.737265135699374,86.33019853709509,4.2905720338983055,6.0,7.0,7.0,7.571428571428571,23.0,0.0,0.0
KALIMANTAN TIMUR,2025-06-01,2025,2,6,Jun,22,0,0,0,9.546759847522237,27.337231759656653,86.11468381564845,3.9759562841530056,0.0,4.0,6.0,6.857142857142857,23.0,0.0,0.0
KALIMANTAN TIMUR,2025-06-02,2025,2,6,Jun,23,1,0,0,9.546759847522237,27.337231759656653,86.11468381564845,3.9759562841530056,0.0,23.0,5.428571428571429,6.5,23.0,0.0,0.0
KALIMANTAN TIMUR,2025-06-03,2025,2,6,Jun,23,0,0,0,9.546759847522237,27.337231759656653,86.11468381564845,3.9759562841530056,1.0,3.0,2.2857142857142856,6.285714285714286,6.0,0.0,0.0
KALIMANTAN TIMUR,2025-06-04,2025,2,6,Jun,23,5,0,0,9.546759847522237,27.337231759656653,86.11468381564845,3.9759562841530056,0.0,3.0,1.8571428571428572,5.857142857142857,6.0,0.0,0.0
KALIMANTAN TIMUR,2025-06-05,2025,2,6,Jun,23,4,0,0,9.546759847522237,27.337231759656653,86.11468381564845,3.9759562841530056,5.0,3.0,2.142857142857143,6.214285714285714,6.0,0.0,0.0
KALIMANTAN TIMUR,2025-06-06,2025,2,6,Jun,23,8,0,0,9.546759847522237,27.337231759656653,86.11468381564845,3.9759562841530056,4.0,6.0,2.2857142857142856,4.5,6.0,0.0,0.0
KALIMANTAN TIMUR,2025-06-07,2025,2,6,Jun,23,7,0,0,9.546759847522237,27.337231759656653,86.11468381564845,3.9759562841530056,8.0,0.0,2.5714285714285716,4.785714285714286,8.0,0.0,0.0
KALIMANTAN TIMUR,2025-06-08,2025,2,6,Jun,23,5,0,0,9.546759847522237,27.337231759656653,86.11468381564845,3.9759562841530056,7.0,0.0,3.5714285714285716,4.785714285714286,8.0,0.0,0.0
KALIMANTAN TIMUR,2025-06-09,2025,2,6,Jun,24,4,0,0,9.546759847522237,27.337231759656653,86.11468381564845,3.9759562841530056,5.0,1.0,4.285714285714286,4.857142857142857,8.0,0.0,0.0
KALIMANTAN TIMUR,2025-06-10,2025,2,6,Jun,24,11,0,0,9.546759847522237,27.337231759656653,86.11468381564845,3.9759562841530056,4.0,0.0,4.714285714285714,3.5,8.0,0.0,0.0
KALIMANTAN TIMUR,2025-06-11,2025,2,6,Jun,24,2,0,0,9.546759847522237,27.337231759656653,86.11468381564845,3.9759562841530056,11.0,5.0,6.285714285714286,4.071428571428571,11.0,0.0,0.0
KALIMANTAN TIMUR,2025-06-12,2025,2,6,Jun,24,12,0,0,9.546759847522237,27.337231759656653,86.11468381564845,3.9759562841530056,2.0,4.0,5.857142857142857,4.0,11.0,0.0,0.0
KALIMANTAN TIMUR,2025-06-13,2025,2,6,Jun,24,22,0,0,9.546759847522237,27.337231759656653,86.11468381564845,3.9759562841530056,12.0,8.0,7.0,4.642857142857143,12.0,0.0,0.0
KALIMANTAN TIMUR,2025-06-14,2025,2,6,Jun,24,1,0,0,9.546759847522237,27.337231759656653,86.11468381564845,3.9759562841530056,22.0,7.0,9.0,5.785714285714286,22.0,0.0,0.0
KALIMANTAN TIMUR,2025-06-15,2025,2,6,Jun,24,4,0,0,9.546759847522237,27.337231759656653,86.11468381564845,3.9759562841530056,1.0,5.0,8.142857142857142,5.857142857142857,22.0,0.0,0.0
KALIMANTAN TIMUR,2025-06-16,2025,2,6,Jun,25,7,0,0,9.546759847522237,27.337231759656653,86.11468381564845,3.9759562841530056,4.0,4.0,8.0,6.142857142857143,22.0,0.0,0.0
KALIMANTAN TIMUR,2025-06-17,2025,2,6,Jun,25,20,0,0,9.546759847522237,27.337231759656653,86.11468381564845,3.9759562841530056,7.0,11.0,8.428571428571429,6.571428571428571,22.0,0.0,0.0
KALIMANTAN TIMUR,2025-06-18,2025,2,6,Jun,25,4,0,0,9.546759847522237,27.337231759656653,86.11468381564845,3.9759562841530056,20.0,2.0,9.714285714285714,8.0,22.0,0.0,0.0
KALIMANTAN TIMUR,2025-06-19,2025,2,6,Jun,25,1,0,0,9.546759847522237,27.337231759656653,86.11468381564845,3.9759562841530056,4.0,12.0,10.0,7.928571428571429,22.0,0.0,0.0
KALIMANTAN TIMUR,2025-06-20,2025,2,6,Jun,25,0,0,0,9.546759847522237,27.337231759656653,86.11468381564845,3.9759562841530056,1.0,22.0,8.428571428571429,7.714285714285714,22.0,0.0,0.0
KALIMANTAN TIMUR,2025-06-21,2025,2,6,Jun,25,1,0,0,9.546759847522237,27.337231759656653,86.11468381564845,3.9759562841530056,0.0,1.0,5.285714285714286,7.142857142857143,20.0,0.0,0.0
KALIMANTAN TIMUR,2025-06-22,2025,2,6,Jun,25,3,0,0,9.546759847522237,27.337231759656653,86.11468381564845,3.9759562841530056,1.0,4.0,5.285714285714286,6.714285714285714,20.0,0.0,0.0
KALIMANTAN TIMUR,2025-06-23,2025,2,6,Jun,26,1,0,0,9.546759847522237,27.337231759656653,86.11468381564845,3.9759562841530056,3.0,7.0,5.142857142857143,6.571428571428571,20.0,0.0,0.0
KALIMANTAN TIMUR,2025-06-24,2025,2,6,Jun,26,20,0,0,9.546759847522237,27.337231759656653,86.11468381564845,3.9759562841530056,1.0,20.0,4.285714285714286,6.357142857142857,20.0,0.0,0.0
KALIMANTAN TIMUR,2025-06-25,2025,2,6,Jun,26,2,0,0,9.546759847522237,27.337231759656653,86.11468381564845,3.9759562841530056,20.0,4.0,4.285714285714286,7.0,20.0,0.0,0.0
KALIMANTAN TIMUR,2025-06-26,2025,2,6,Jun,26,3,0,0,9.546759847522237,27.337231759656653,86.11468381564845,3.9759562841530056,2.0,1.0,4.0,7.0,20.0,0.0,0.0
KALIMANTAN TIMUR,2025-06-27,2025,2,6,Jun,26,12,0,0,9.546759847522237,27.337231759656653,86.11468381564845,3.9759562841530056,3.0,0.0,4.285714285714286,6.357142857142857,20.0,0.0,0.0
KALIMANTAN TIMUR,2025-06-28,2025,2,6,Jun,26,22,0,0,9.546759847522237,27.337231759656653,86.11468381564845,3.9759562841530056,12.0,1.0,6.0,5.642857142857143,20.0,0.0,0.0
KALIMANTAN TIMUR,2025-06-29,2025,2,6,Jun,26,8,0,0,9.546759847522237,27.337231759656653,86.11468381564845,3.9759562841530056,22.0,3.0,9.0,7.142857142857143,22.0,0.0,0.0
KALIMANTAN TIMUR,2025-06-30,2025,2,6,Jun,27,1,0,0,9.546759847522237,27.337231759656653,86.11468381564845,3.9759562841530056,8.0,1.0,9.714285714285714,7.428571428571429,22.0,0.0,0.0
KALIMANTAN TIMUR,2025-07-01,2025,3,7,Jul,27,6,0,1,7.756845965770172,27.20743455497382,84.79476439790577,4.3881230116648995,1.0,20.0,9.714285714285714,7.0,22.0,0.0,0.0
KALIMANTAN TIMUR,2025-07-02,2025,3,7,Jul,27,12,0,1,7.756845965770172,27.20743455497382,84.79476439790577,4.3881230116648995,6.0,2.0,7.714285714285714,6.0,22.0,0.0,0.0
KALIMANTAN TIMUR,2025-07-03,2025,3,7,Jul,27,39,1,1,7.756845965770172,27.20743455497382,84.79476439790577,4.3881230116648995,12.0,3.0,9.142857142857142,6.571428571428571,22.0,0.0,0.0
KALIMANTAN TIMUR,2025-07-04,2025,3,7,Jul,27,12,0,1,7.756845965770172,27.20743455497382,84.79476439790577,4.3881230116648995,39.0,12.0,14.285714285714286,9.285714285714286,39.0,1.0,0.14285714285714285
KALIMANTAN TIMUR,2025-07-05,2025,3,7,Jul,27,4,0,1,7.756845965770172,27.20743455497382,84.79476439790577,4.3881230116648995,12.0,22.0,14.285714285714286,10.142857142857142,39.0,0.0,0.14285714285714285
KALIMANTAN TIMUR,2025-07-06,2025,3,7,Jul,27,17,0,1,7.756845965770172,27.20743455497382,84.79476439790577,4.3881230116648995,4.0,8.0,11.714285714285714,10.357142857142858,39.0,0.0,0.14285714285714285
KALIMANTAN TIMUR,2025-07-07,2025,3,7,Jul,28,0,0,1,7.756845965770172,27.20743455497382,84.79476439790577,4.3881230116648995,17.0,1.0,13.0,11.357142857142858,39.0,0.0,0.14285714285714285
KALIMANTAN TIMUR,2025-07-08,2025,3,7,Jul,28,3,0,1,7.756845965770172,27.20743455497382,84.79476439790577,4.3881230116648995,0.0,6.0,12.857142857142858,11.285714285714286,39.0,0.0,0.14285714285714285
KALIMANTAN TIMUR,2025-07-09,2025,3,7,Jul,28,11,0,1,7.756845965770172,27.20743455497382,84.79476439790577,4.3881230116648995,3.0,12.0,12.428571428571429,10.071428571428571,39.0,0.0,0.14285714285714285
KALIMANTAN TIMUR,2025-07-10,2025,3,7,Jul,28,0,0,1,7.756845965770172,27.20743455497382,84.79476439790577,4.3881230116648995,11.0,39.0,12.285714285714286,10.714285714285714,39.0,0.0,0.14285714285714285
KALIMANTAN TIMUR,2025-07-11,2025,3,7,Jul,28,3,0,1,7.756845965770172,27.20743455497382,84.79476439790577,4.3881230116648995,0.0,12.0,6.714285714285714,10.5,17.0,0.0,0.0
KALIMANTAN TIMUR,2025-07-12,2025,3,7,Jul,28,4,0,1,7.756845965770172,27.20743455497382,84.79476439790577,4.3881230116648995,3.0,4.0,5.428571428571429,9.857142857142858,17.0,0.0,0.0
KALIMANTAN TIMUR,2025-07-13,2025,3,7,Jul,28,22,0,1,7.756845965770172,27.20743455497382,84.79476439790577,4.3881230116648995,4.0,17.0,5.428571428571429,8.571428571428571,17.0,0.0,0.0
KALIMANTAN TIMUR,2025-07-14,2025,3,7,Jul,29,23,0,1,7.756845965770172,27.20743455497382,84.79476439790577,4.3881230116648995,22.0,0.0,6.142857142857143,9.571428571428571,22.0,0.0,0.0
KALIMANTAN TIMUR,2025-07-15,2025,3,7,Jul,29,1,0,1,7.756845965770172,27.20743455497382,84.79476439790577,4.3881230116648995,23.0,3.0,9.428571428571429,11.142857142857142,23.0,0.0,0.0
KALIMANTAN TIMUR,2025-07-16,2025,3,7,Jul,29,0,0,1,7.756845965770172,27.20743455497382,84.79476439790577,4.3881230116648995,1.0,11.0,9.142857142857142,10.785714285714286,23.0,0.0,0.0
KALIMANTAN TIMUR,2025-07-17,2025,3,7,Jul,29,0,0,1,7.756845965770172,27.20743455497382,84.79476439790577,4.3881230116648995,0.0,0.0,7.571428571428571,9.928571428571429,23.0,0.0,0.0
KALIMANTAN TIMUR,2025-07-18,2025,3,7,Jul,29,2,0,1,7.756845965770172,27.20743455497382,84.79476439790577,4.3881230116648995,0.0,3.0,7.571428571428571,7.142857142857143,23.0,0.0,0.0
KALIMANTAN TIMUR,2025-07-19,2025,3,7,Jul,29,33,1,1,7.756845965770172,27.20743455497382,84.79476439790577,4.3881230116648995,2.0,4.0,7.428571428571429,6.428571428571429,23.0,0.0,0.0
KALIMANTAN TIMUR,2025-07-20,2025,3,7,Jul,29,50,1,1,7.756845965770172,27.20743455497382,84.79476439790577,4.3881230116648995,33.0,22.0,11.571428571428571,8.5,33.0,1.0,0.14285714285714285
KALIMANTAN TIMUR,2025-07-21,2025,3,7,Jul,30,79,1,1,7.756845965770172,27.20743455497382,84.79476439790577,4.3881230116648995,50.0,23.0,15.571428571428571,10.857142857142858,50.0,1.0,0.2857142857142857
KALIMANTAN TIMUR,2025-07-22,2025,3,7,Jul,30,31,1,1,7.756845965770172,27.20743455497382,84.79476439790577,4.3881230116648995,79.0,1.0,23.571428571428573,16.5,79.0,1.0,0.42857142857142855
KALIMANTAN TIMUR,2025-07-23,2025,3,7,Jul,30,79,1,1,7.756845965770172,27.20743455497382,84.79476439790577,4.3881230116648995,31.0,0.0,27.857142857142858,18.5,79.0,1.0,0.5714285714285714
KALIMANTAN TIMUR,2025-07-24,2025,3,7,Jul,30,168,1,1,7.756845965770172,27.20743455497382,84.79476439790577,4.3881230116648995,79.0,0.0,39.142857142857146,23.357142857142858,79.0,1.0,0.7142857142857143
KALIMANTAN TIMUR,2025-07-25,2025,3,7,Jul,30,96,1,1,7.756845965770172,27.20743455497382,84.79476439790577,4.3881230116648995,168.0,2.0,63.142857142857146,35.357142857142854,168.0,1.0,0.8571428571428571
KALIMANTAN TIMUR,2025-07-26,2025,3,7,Jul,30,105,1,1,7.756845965770172,27.20743455497382,84.79476439790577,4.3881230116648995,96.0,33.0,76.57142857142857,42.0,168.0,1.0,1.0
KALIMANTAN TIMUR,2025-07-27,2025,3,7,Jul,30,54,1,1,7.756845965770172,27.20743455497382,84.79476439790577,4.3881230116648995,105.0,50.0,86.85714285714286,49.214285714285715,168.0,1.0,1.0
KALIMANTAN TIMUR,2025-07-28,2025,3,7,Jul,31,90,1,1,7.756845965770172,27.20743455497382,84.79476439790577,4.3881230116648995,54.0,79.0,87.42857142857143,51.5,168.0,1.0,1.0
KALIMANTAN TIMUR,2025-07-29,2025,3,7,Jul,31,151,1,1,7.756845965770172,27.20743455497382,84.79476439790577,4.3881230116648995,90.0,31.0,89.0,56.285714285714285,168.0,1.0,1.0
KALIMANTAN TIMUR,2025-07-30,2025,3,7,Jul,31,175,1,1,7.756845965770172,27.20743455497382,84.79476439790577,4.3881230116648995,151.0,79.0,106.14285714285714,67.0,168.0,1.0,1.0
KALIMANTAN TIMUR,2025-07-31,2025,3,7,Jul,31,65,1,1,7.756845965770172,27.20743455497382,84.79476439790577,4.3881230116648995,175.0,168.0,119.85714285714286,79.5,175.0,1.0,1.0
KALIMANTAN TIMUR,2025-08-01,2025,3,8,Aug,31,78,1,1,5.575886524822695,27.38179979777553,83.21435793731041,4.8645390070921986,65.0,96.0,105.14285714285714,84.14285714285714,175.0,1.0,1.0
KALIMANTAN TIMUR,2025-08-02,2025,3,8,Aug,31,43,1,1,5.575886524822695,27.38179979777553,83.21435793731041,4.8645390070921986,78.0,105.0,102.57142857142857,89.57142857142857,175.0,1.0,1.0
KALIMANTAN TIMUR,2025-08-03,2025,3,8,Aug,31,19,0,1,5.575886524822695,27.38179979777553,83.21435793731041,4.8645390070921986,43.0,54.0,93.71428571428571,90.28571428571429,175.0,1.0,1.0
KALIMANTAN TIMUR,2025-08-04,2025,3,8,Aug,32,15,0,1,5.575886524822695,27.38179979777553,83.21435793731041,4.8645390070921986,19.0,90.0,88.71428571428571,88.07142857142857,175.0,0.0,0.8571428571428571
KALIMANTAN TIMUR,2025-08-05,2025,3,8,Aug,32,9,0,1,5.575886524822695,27.38179979777553,83.21435793731041,4.8645390070921986,15.0,151.0,78.0,83.5,175.0,0.0,0.7142857142857143
KALIMANTAN TIMUR,2025-08-06,2025,3,8,Aug,32,3,0,1,5.575886524822695,27.38179979777553,83.21435793731041,4.8645390070921986,9.0,175.0,57.714285714285715,81.92857142857143,175.0,0.0,0.5714285714285714
KALIMANTAN TIMUR,2025-08-07,2025,3,8,Aug,32,11,0,1,5.575886524822695,27.38179979777553,83.21435793731041,4.8645390070921986,3.0,65.0,33.142857142857146,76.5,78.0,0.0,0.42857142857142855
KALIMANTAN TIMUR,2025-08-08,2025,3,8,Aug,32,5,0,1,5.575886524822695,27.38179979777553,83.21435793731041,4.8645390070921986,11.0,78.0,25.428571428571427,65.28571428571429,78.0,0.0,0.2857142857142857
KALIMANTAN TIMUR,2025-08-09,2025,3,8,Aug,32,2,0,1,5.575886524822695,27.38179979777553,83.21435793731041,4.8645390070921986,5.0,43.0,15.0,58.785714285714285,43.0,0.0,0.14285714285714285
KALIMANTAN TIMUR,2025-08-10,2025,3,8,Aug,32,5,0,1,5.575886524822695,27.38179979777553,83.21435793731041,4.8645390070921986,2.0,19.0,9.142857142857142,51.42857142857143,19.0,0.0,0.0
KALIMANTAN TIMUR,2025-08-11,2025,3,8,Aug,33,39,1,1,5.575886524822695,27.38179979777553,83.21435793731041,4.8645390070921986,5.0,15.0,7.142857142857143,47.92857142857143,15.0,0.0,0.0
KALIMANTAN TIMUR,2025-08-12,2025,3,8,Aug,33,0,0,1,5.575886524822695,27.38179979777553,83.21435793731041,4.8645390070921986,39.0,9.0,10.571428571428571,44.285714285714285,39.0,1.0,0.14285714285714285
KALIMANTAN TIMUR,2025-08-13,2025,3,8,Aug,33,1,0,1,5.575886524822695,27.38179979777553,83.21435793731041,4.8645390070921986,0.0,3.0,9.285714285714286,33.5,39.0,0.0,0.14285714285714285
KALIMANTAN TIMUR,2025-08-14,2025,3,8,Aug,33,3,0,1,5.575886524822695,27.38179979777553,83.21435793731041,4.8645390070921986,1.0,11.0,9.0,21.071428571428573,39.0,0.0,0.14285714285714285
KALIMANTAN TIMUR,2025-08-15,2025,3,8,Aug,33,16,0,1,5.575886524822695,27.38179979777553,83.21435793731041,4.8645390070921986,3.0,5.0,7.857142857142857,16.642857142857142,39.0,0.0,0.14285714285714285
KALIMANTAN TIMUR,2025-08-16,2025,3,8,Aug,33,20,0,1,5.575886524822695,27.38179979777553,83.21435793731041,4.8645390070921986,16.0,2.0,9.428571428571429,12.214285714285714,39.0,0.0,0.14285714285714285
KALIMANTAN TIMUR,2025-08-17,2025,3,8,Aug,33,2,0,1,5.575886524822695,27.38179979777553,83.21435793731041,4.8645390070921986,20.0,5.0,12.0,10.571428571428571,39.0,0.0,0.14285714285714285
KALIMANTAN TIMUR,2025-08-18,2025,3,8,Aug,34,12,0,1,5.575886524822695,27.38179979777553,83.21435793731041,4.8645390070921986,2.0,39.0,11.571428571428571,9.357142857142858,39.0,0.0,0.14285714285714285
KALIMANTAN TIMUR,2025-08-19,2025,3,8,Aug,34,27,1,1,5.575886524822695,27.38179979777553,83.21435793731041,4.8645390070921986,12.0,0.0,7.714285714285714,9.142857142857142,20.0,0.0,0.0
KALIMANTAN TIMUR,2025-08-20,2025,3,8,Aug,34,5,0,1,5.575886524822695,27.38179979777553,83.21435793731041,4.8645390070921986,27.0,1.0,11.571428571428571,10.428571428571429,27.0,1.0,0.14285714285714285
KALIMANTAN TIMUR,2025-08-21,2025,3,8,Aug,34,0,0,1,5.575886524822695,27.38179979777553,83.21435793731041,4.8645390070921986,5.0,3.0,12.142857142857142,10.571428571428571,27.0,0.0,0.14285714285714285
KALIMANTAN TIMUR,2025-08-22,2025,3,8,Aug,34,2,0,1,5.575886524822695,27.38179979777553,83.21435793731041,4.8645390070921986,0.0,16.0,11.714285714285714,9.785714285714286,27.0,0.0,0.14285714285714285
KALIMANTAN TIMUR,2025-08-23,2025,3,8,Aug,34,3,0,1,5.575886524822695,27.38179979777553,83.21435793731041,4.8645390070921986,2.0,20.0,9.714285714285714,9.571428571428571,27.0,0.0,0.14285714285714285
KALIMANTAN TIMUR,2025-08-24,2025,3,8,Aug,34,0,0,1,5.575886524822695,27.38179979777553,83.21435793731041,4.8645390070921986,3.0,2.0,7.285714285714286,9.642857142857142,27.0,0.0,0.14285714285714285
KALIMANTAN TIMUR,2025-08-25,2025,3,8,Aug,35,7,0,1,5.575886524822695,27.38179979777553,83.21435793731041,4.8645390070921986,0.0,12.0,7.0,9.285714285714286,27.0,0.0,0.14285714285714285
KALIMANTAN TIMUR,2025-08-26,2025,3,8,Aug,35,11,0,1,5.575886524822695,27.38179979777553,83.21435793731041,4.8645390070921986,7.0,27.0,6.285714285714286,7.0,27.0,0.0,0.14285714285714285
KALIMANTAN TIMUR,2025-08-27,2025,3,8,Aug,35,4,0,1,5.575886524822695,27.38179979777553,83.21435793731041,4.8645390070921986,11.0,5.0,4.0,7.785714285714286,11.0,0.0,0.0
KALIMANTAN TIMUR,2025-08-28,2025,3,8,Aug,35,32,1,1,5.575886524822695,27.38179979777553,83.21435793731041,4.8645390070921986,4.0,0.0,3.857142857142857,8.0,11.0,0.0,0.0
KALIMANTAN TIMUR,2025-08-29,2025,3,8,Aug,35,50,1,1,5.575886524822695,27.38179979777553,83.21435793731041,4.8645390070921986,32.0,2.0,8.428571428571429,10.071428571428571,32.0,1.0,0.14285714285714285
KALIMANTAN TIMUR,2025-08-30,2025,3,8,Aug,35,7,0,1,5.575886524822695,27.38179979777553,83.21435793731041,4.8645390070921986,50.0,3.0,15.285714285714286,12.5,50.0,1.0,0.2857142857142857
KALIMANTAN TIMUR,2025-08-31,2025,3,8,Aug,35,0,0,1,5.575886524822695,27.38179979777553,83.21435793731041,4.8645390070921986,7.0,0.0,15.857142857142858,11.571428571428571,50.0,0.0,0.2857142857142857
KALIMANTAN TIMUR,2025-09-01,2025,3,9,Sep,36,3,0,1,6.156410256410257,27.527371864776445,83.01199563794984,4.45092693565976,0.0,7.0,15.857142857142858,11.428571428571429,50.0,0.0,0.2857142857142857
KALIMANTAN TIMUR,2025-09-02,2025,3,9,Sep,36,22,0,1,6.156410256410257,27.527371864776445,83.01199563794984,4.45092693565976,3.0,11.0,15.285714285714286,10.785714285714286,50.0,0.0,0.2857142857142857
KALIMANTAN TIMUR,2025-09-03,2025,3,9,Sep,36,12,0,1,6.156410256410257,27.527371864776445,83.01199563794984,4.45092693565976,22.0,4.0,16.857142857142858,10.428571428571429,50.0,0.0,0.2857142857142857
KALIMANTAN TIMUR,2025-09-04,2025,3,9,Sep,36,52,1,1,6.156410256410257,27.527371864776445,83.01199563794984,4.45092693565976,12.0,32.0,18.0,10.928571428571429,50.0,0.0,0.2857142857142857
KALIMANTAN TIMUR,2025-09-05,2025,3,9,Sep,36,19,0,1,6.156410256410257,27.527371864776445,83.01199563794984,4.45092693565976,52.0,50.0,20.857142857142858,14.642857142857142,52.0,1.0,0.2857142857142857
KALIMANTAN TIMUR,2025-09-06,2025,3,9,Sep,36,0,0,1,6.156410256410257,27.527371864776445,83.01199563794984,4.45092693565976,19.0,7.0,16.428571428571427,15.857142857142858,52.0,0.0,0.14285714285714285
KALIMANTAN TIMUR,2025-09-07,2025,3,9,Sep,36,10,0,1,6.156410256410257,27.527371864776445,83.01199563794984,4.45092693565976,0.0,0.0,15.428571428571429,15.642857142857142,52.0,0.0,0.14285714285714285
KALIMANTAN TIMUR,2025-09-08,2025,3,9,Sep,37,9,0,1,6.156410256410257,27.527371864776445,83.01199563794984,4.45092693565976,10.0,3.0,16.857142857142858,16.357142857142858,52.0,0.0,0.14285714285714285
KALIMANTAN TIMUR,2025-09-09,2025,3,9,Sep,37,32,1,1,6.156410256410257,27.527371864776445,83.01199563794984,4.45092693565976,9.0,22.0,17.714285714285715,16.5,52.0,0.0,0.14285714285714285
KALIMANTAN TIMUR,2025-09-10,2025,3,9,Sep,37,25,1,1,6.156410256410257,27.527371864776445,83.01199563794984,4.45092693565976,32.0,12.0,19.142857142857142,18.0,52.0,1.0,0.2857142857142857
KALIMANTAN TIMUR,2025-09-11,2025,3,9,Sep,37,28,1,1,6.156410256410257,27.527371864776445,83.01199563794984,4.45092693565976,25.0,52.0,21.0,19.5,52.0,1.0,0.42857142857142855
KALIMANTAN TIMUR,2025-09-12,2025,3,9,Sep,37,21,0,1,6.156410256410257,27.527371864776445,83.01199563794984,4.45092693565976,28.0,19.0,17.571428571428573,19.214285714285715,32.0,1.0,0.42857142857142855
KALIMANTAN TIMUR,2025-09-13,2025,3,9,Sep,37,4,0,1,6.156410256410257,27.527371864776445,83.01199563794984,4.45092693565976,21.0,0.0,17.857142857142858,17.142857142857142,32.0,0.0,0.42857142857142855
KALIMANTAN TIMUR,2025-09-14,2025,3,9,Sep,37,7,0,1,6.156410256410257,27.527371864776445,83.01199563794984,4.45092693565976,4.0,10.0,18.428571428571427,16.928571428571427,32.0,0.0,0.42857142857142855
KALIMANTAN TIMUR,2025-09-15,2025,3,9,Sep,38,9,0,1,6.156410256410257,27.527371864776445,83.01199563794984,4.45092693565976,7.0,9.0,18.0,17.428571428571427,32.0,0.0,0.42857142857142855
KALIMANTAN TIMUR,2025-09-16,2025,3,9,Sep,38,2,0,1,6.156410256410257,27.527371864776445,83.01199563794984,4.45092693565976,9.0,32.0,18.0,17.857142857142858,32.0,0.0,0.42857142857142855
KALIMANTAN TIMUR,2025-09-17,2025,3,9,Sep,38,0,0,1,6.156410256410257,27.527371864776445,83.01199563794984,4.45092693565976,2.0,25.0,13.714285714285714,16.428571428571427,28.0,0.0,0.2857142857142857
KALIMANTAN TIMUR,2025-09-18,2025,3,9,Sep,38,7,0,1,6.156410256410257,27.527371864776445,83.01199563794984,4.45092693565976,0.0,28.0,10.142857142857142,15.571428571428571,28.0,0.0,0.14285714285714285
KALIMANTAN TIMUR,2025-09-19,2025,3,9,Sep,38,26,1,1,6.156410256410257,27.527371864776445,83.01199563794984,4.45092693565976,7.0,21.0,7.142857142857143,12.357142857142858,21.0,0.0,0.0
KALIMANTAN TIMUR,2025-09-20,2025,3,9,Sep,38,121,1,1,6.156410256410257,27.527371864776445,83.01199563794984,4.45092693565976,26.0,4.0,7.857142857142857,12.857142857142858,26.0,1.0,0.14285714285714285
KALIMANTAN TIMUR,2025-09-21,2025,3,9,Sep,38,128,1,1,6.156410256410257,27.527371864776445,83.01199563794984,4.45092693565976,121.0,7.0,24.571428571428573,21.5,121.0,1.0,0.2857142857142857
KALIMANTAN TIMUR,2025-09-22,2025,3,9,Sep,39,103,1,1,6.156410256410257,27.527371864776445,83.01199563794984,4.45092693565976,128.0,9.0,41.857142857142854,29.928571428571427,128.0,1.0,0.42857142857142855
KALIMANTAN TIMUR,2025-09-23,2025,3,9,Sep,39,128,1,1,6.156410256410257,27.527371864776445,83.01199563794984,4.45092693565976,103.0,2.0,55.285714285714285,36.642857142857146,128.0,1.0,0.5714285714285714
KALIMANTAN TIMUR,2025-09-24,2025,3,9,Sep,39,120,1,1,6.156410256410257,27.527371864776445,83.01199563794984,4.45092693565976,128.0,0.0,73.28571428571429,43.5,128.0,1.0,0.7142857142857143
KALIMANTAN TIMUR,2025-09-25,2025,3,9,Sep,39,117,1,1,6.156410256410257,27.527371864776445,83.01199563794984,4.45092693565976,120.0,7.0,90.42857142857143,50.285714285714285,128.0,1.0,0.8571428571428571
KALIMANTAN TIMUR,2025-09-26,2025,3,9,Sep,39,88,1,1,6.156410256410257,27.527371864776445,83.01199563794984,4.45092693565976,117.0,26.0,106.14285714285714,56.642857142857146,128.0,1.0,1.0
KALIMANTAN TIMUR,2025-09-27,2025,3,9,Sep,39,17,0,1,6.156410256410257,27.527371864776445,83.01199563794984,4.45092693565976,88.0,121.0,115.0,61.42857142857143,128.0,1.0,1.0
KALIMANTAN TIMUR,2025-09-28,2025,3,9,Sep,39,43,1,1,6.156410256410257,27.527371864776445,83.01199563794984,4.45092693565976,17.0,128.0,100.14285714285714,62.357142857142854,128.0,0.0,0.8571428571428571
KALIMANTAN TIMUR,2025-09-29,2025,3,9,Sep,40,27,1,1,6.156410256410257,27.527371864776445,83.01199563794984,4.45092693565976,43.0,103.0,88.0,64.92857142857143,128.0,1.0,0.8571428571428571
KALIMANTAN TIMUR,2025-09-30,2025,3,9,Sep,40,2,0,1,6.156410256410257,27.527371864776445,83.01199563794984,4.45092693565976,27.0,128.0,77.14285714285714,66.21428571428571,128.0,1.0,0.8571428571428571
KALIMANTAN TIMUR,2025-10-01,2025,4,10,Oct,40,65,1,1,7.352324195470799,27.6453807106599,83.5,4.060630722278739,2.0,120.0,59.142857142857146,66.21428571428571,120.0,0.0,0.7142857142857143
KALIMANTAN TIMUR,2025-10-02,2025,4,10,Oct,40,176,1,1,7.352324195470799,27.6453807106599,83.5,4.060630722278739,65.0,117.0,51.285714285714285,70.85714285714286,117.0,1.0,0.7142857142857143
KALIMANTAN TIMUR,2025-10-03,2025,4,10,Oct,40,11,0,1,7.352324195470799,27.6453807106599,83.5,4.060630722278739,176.0,88.0,59.714285714285715,82.92857142857143,176.0,1.0,0.7142857142857143
KALIMANTAN TIMUR,2025-10-04,2025,4,10,Oct,40,0,0,1,7.352324195470799,27.6453807106599,83.5,4.060630722278739,11.0,17.0,48.714285714285715,81.85714285714286,176.0,0.0,0.5714285714285714
KALIMANTAN TIMUR,2025-10-05,2025,4,10,Oct,40,0,0,1,7.352324195470799,27.6453807106599,83.5,4.060630722278739,0.0,43.0,46.285714285714285,73.21428571428571,176.0,0.0,0.5714285714285714
KALIMANTAN TIMUR,2025-10-06,2025,4,10,Oct,41,0,0,1,7.352324195470799,27.6453807106599,83.5,4.060630722278739,0.0,27.0,40.142857142857146,64.07142857142857,176.0,0.0,0.42857142857142855
KALIMANTAN TIMUR,2025-10-07,2025,4,10,Oct,41,13,0,1,7.352324195470799,27.6453807106599,83.5,4.060630722278739,0.0,2.0,36.285714285714285,56.714285714285715,176.0,0.0,0.2857142857142857
KALIMANTAN TIMUR,2025-10-08,2025,4,10,Oct,41,18,0,1,7.352324195470799,27.6453807106599,83.5,4.060630722278739,13.0,65.0,37.857142857142854,48.5,176.0,0.0,0.2857142857142857
KALIMANTAN TIMUR,2025-10-09,2025,4,10,Oct,41,30,1,1,7.352324195470799,27.6453807106599,83.5,4.060630722278739,18.0,176.0,31.142857142857142,41.214285714285715,176.0,0.0,0.14285714285714285
KALIMANTAN TIMUR,2025-10-10,2025,4,10,Oct,41,22,0,1,7.352324195470799,27.6453807106599,83.5,4.060630722278739,30.0,11.0,10.285714285714286,35.0,30.0,1.0,0.14285714285714285
KALIMANTAN TIMUR,2025-10-11,2025,4,10,Oct,41,59,1,1,7.352324195470799,27.6453807106599,83.5,4.060630722278739,22.0,0.0,11.857142857142858,30.285714285714285,30.0,0.0,0.14285714285714285
KALIMANTAN TIMUR,2025-10-12,2025,4,10,Oct,41,49,1,1,7.352324195470799,27.6453807106599,83.5,4.060630722278739,59.0,0.0,20.285714285714285,33.285714285714285,59.0,1.0,0.2857142857142857
KALIMANTAN TIMUR,2025-10-13,2025,4,10,Oct,42,45,1,1,7.352324195470799,27.6453807106599,83.5,4.060630722278739,49.0,0.0,27.285714285714285,33.714285714285715,59.0,1.0,0.42857142857142855
KALIMANTAN TIMUR,2025-10-14,2025,4,10,Oct,42,116,1,1,7.352324195470799,27.6453807106599,83.5,4.060630722278739,45.0,13.0,33.714285714285715,35.0,59.0,1.0,0.5714285714285714
KALIMANTAN TIMUR,2025-10-15,2025,4,10,Oct,42,99,1,1,7.352324195470799,27.6453807106599,83.5,4.060630722278739,116.0,18.0,48.42857142857143,43.142857142857146,116.0,1.0,0.7142857142857143
KALIMANTAN TIMUR,2025-10-16,2025,4,10,Oct,42,67,1,1,7.352324195470799,27.6453807106599,83.5,4.060630722278739,99.0,30.0,60.0,45.57142857142857,116.0,1.0,0.8571428571428571
KALIMANTAN TIMUR,2025-10-17,2025,4,10,Oct,42,98,1,1,7.352324195470799,27.6453807106599,83.5,4.060630722278739,67.0,22.0,65.28571428571429,37.785714285714285,116.0,1.0,0.8571428571428571
KALIMANTAN TIMUR,2025-10-18,2025,4,10,Oct,42,166,1,1,7.352324195470799,27.6453807106599,83.5,4.060630722278739,98.0,59.0,76.14285714285714,44.0,116.0,1.0,1.0
KALIMANTAN TIMUR,2025-10-19,2025,4,10,Oct,42,4,0,1,7.352324195470799,27.6453807106599,83.5,4.060630722278739,166.0,49.0,91.42857142857143,55.857142857142854,166.0,1.0,1.0
KALIMANTAN TIMUR,2025-10-20,2025,4,10,Oct,43,8,0,1,7.352324195470799,27.6453807106599,83.5,4.060630722278739,4.0,45.0,85.0,56.142857142857146,166.0,0.0,0.8571428571428571
KALIMANTAN TIMUR,2025-10-21,2025,4,10,Oct,43,3,0,1,7.352324195470799,27.6453807106599,83.5,4.060630722278739,8.0,116.0,79.71428571428571,56.714285714285715,166.0,0.0,0.7142857142857143
KALIMANTAN TIMUR,2025-10-22,2025,4,10,Oct,43,4,0,1,7.352324195470799,27.6453807106599,83.5,4.060630722278739,3.0,99.0,63.57142857142857,56.0,166.0,0.0,0.5714285714285714
KALIMANTAN TIMUR,2025-10-23,2025,4,10,Oct,43,13,0,1,7.352324195470799,27.6453807106599,83.5,4.060630722278739,4.0,67.0,50.0,55.0,166.0,0.0,0.42857142857142855
KALIMANTAN TIMUR,2025-10-24,2025,4,10,Oct,43,0,0,1,7.352324195470799,27.6453807106599,83.5,4.060630722278739,13.0,98.0,42.285714285714285,53.785714285714285,166.0,0.0,0.2857142857142857
KALIMANTAN TIMUR,2025-10-25,2025,4,10,Oct,43,4,0,1,7.352324195470799,27.6453807106599,83.5,4.060630722278739,0.0,166.0,28.285714285714285,52.214285714285715,166.0,0.0,0.14285714285714285
KALIMANTAN TIMUR,2025-10-26,2025,4,10,Oct,43,0,0,1,7.352324195470799,27.6453807106599,83.5,4.060630722278739,4.0,4.0,5.142857142857143,48.285714285714285,13.0,0.0,0.0
KALIMANTAN TIMUR,2025-10-27,2025,4,10,Oct,44,0,0,1,7.352324195470799,27.6453807106599,83.5,4.060630722278739,0.0,8.0,4.571428571428571,44.785714285714285,13.0,0.0,0.0
KALIMANTAN TIMUR,2025-10-28,2025,4,10,Oct,44,9,0,1,7.352324195470799,27.6453807106599,83.5,4.060630722278739,0.0,3.0,3.4285714285714284,41.57142857142857,13.0,0.0,0.0
KALIMANTAN TIMUR,2025-10-29,2025,4,10,Oct,44,0,0,1,7.352324195470799,27.6453807106599,83.5,4.060630722278739,9.0,4.0,4.285714285714286,33.92857142857143,13.0,0.0,0.0
KALIMANTAN TIMUR,2025-10-30,2025,4,10,Oct,44,6,0,1,7.352324195470799,27.6453807106599,83.5,4.060630722278739,0.0,13.0,3.7142857142857144,26.857142857142858,13.0,0.0,0.0
KALIMANTAN TIMUR,2025-10-31,2025,4,10,Oct,44,1,0,1,7.352324195470799,27.6453807106599,83.5,4.060630722278739,6.0,0.0,2.7142857142857144,22.5,9.0,0.0,0.0
KALIMANTAN TIMUR,2025-11-01,2025,4,11,Nov,44,56,1,0,8.322368421052632,27.53340471092077,85.19807280513919,3.9339323467230445,1.0,4.0,2.857142857142857,15.571428571428571,9.0,0.0,0.0
KALIMANTAN TIMUR,2025-11-02,2025,4,11,Nov,44,35,1,0,8.322368421052632,27.53340471092077,85.19807280513919,3.9339323467230445,56.0,0.0,10.285714285714286,7.714285714285714,56.0,1.0,0.14285714285714285
KALIMANTAN TIMUR,2025-11-03,2025,4,11,Nov,45,88,1,0,8.322368421052632,27.53340471092077,85.19807280513919,3.9339323467230445,35.0,0.0,15.285714285714286,9.928571428571429,56.0,1.0,0.2857142857142857
KALIMANTAN TIMUR,2025-11-04,2025,4,11,Nov,45,2,0,0,8.322368421052632,27.53340471092077,85.19807280513919,3.9339323467230445,88.0,9.0,27.857142857142858,15.642857142857142,88.0,1.0,0.42857142857142855
KALIMANTAN TIMUR,2025-11-05,2025,4,11,Nov,45,6,0,0,8.322368421052632,27.53340471092077,85.19807280513919,3.9339323467230445,2.0,0.0,26.857142857142858,15.571428571428571,88.0,0.0,0.42857142857142855
KALIMANTAN TIMUR,2025-11-06,2025,4,11,Nov,45,14,0,0,8.322368421052632,27.53340471092077,85.19807280513919,3.9339323467230445,6.0,6.0,27.714285714285715,15.714285714285714,88.0,0.0,0.42857142857142855
KALIMANTAN TIMUR,2025-11-07,2025,4,11,Nov,45,4,0,0,8.322368421052632,27.53340471092077,85.19807280513919,3.9339323467230445,14.0,1.0,28.857142857142858,15.785714285714286,88.0,0.0,0.42857142857142855
KALIMANTAN TIMUR,2025-11-08,2025,4,11,Nov,45,19,0,0,8.322368421052632,27.53340471092077,85.19807280513919,3.9339323467230445,4.0,56.0,29.285714285714285,16.071428571428573,88.0,0.0,0.42857142857142855
KALIMANTAN TIMUR,2025-11-09,2025,4,11,Nov,45,7,0,0,8.322368421052632,27.53340471092077,85.19807280513919,3.9339323467230445,19.0,35.0,24.0,17.142857142857142,88.0,0.0,0.2857142857142857
KALIMANTAN TIMUR,2025-11-10,2025,4,11,Nov,46,2,0,0,8.322368421052632,27.53340471092077,85.19807280513919,3.9339323467230445,7.0,88.0,20.0,17.642857142857142,88.0,0.0,0.14285714285714285
KALIMANTAN TIMUR,2025-11-11,2025,4,11,Nov,46,23,0,0,8.322368421052632,27.53340471092077,85.19807280513919,3.9339323467230445,2.0,2.0,7.714285714285714,17.785714285714285,19.0,0.0,0.0
KALIMANTAN TIMUR,2025-11-12,2025,4,11,Nov,46,3,0,0,8.322368421052632,27.53340471092077,85.19807280513919,3.9339323467230445,23.0,6.0,10.714285714285714,18.785714285714285,23.0,0.0,0.0
KALIMANTAN TIMUR,2025-11-13,2025,4,11,Nov,46,4,0,0,8.322368421052632,27.53340471092077,85.19807280513919,3.9339323467230445,3.0,14.0,10.285714285714286,19.0,23.0,0.0,0.0
KALIMANTAN TIMUR,2025-11-14,2025,4,11,Nov,46,18,0,0,8.322368421052632,27.53340471092077,85.19807280513919,3.9339323467230445,4.0,4.0,8.857142857142858,18.857142857142858,23.0,0.0,0.0
KALIMANTAN TIMUR,2025-11-15,2025,4,11,Nov,46,6,0,0,8.322368421052632,27.53340471092077,85.19807280513919,3.9339323467230445,18.0,19.0,10.857142857142858,20.071428571428573,23.0,0.0,0.0
KALIMANTAN TIMUR,2025-11-16,2025,4,11,Nov,46,0,0,0,8.322368421052632,27.53340471092077,85.19807280513919,3.9339323467230445,6.0,7.0,9.0,16.5,23.0,0.0,0.0
KALIMANTAN TIMUR,2025-11-17,2025,4,11,Nov,47,2,0,0,8.322368421052632,27.53340471092077,85.19807280513919,3.9339323467230445,0.0,2.0,8.0,14.0,23.0,0.0,0.0
KALIMANTAN TIMUR,2025-11-18,2025,4,11,Nov,47,2,0,0,8.322368421052632,27.53340471092077,85.19807280513919,3.9339323467230445,2.0,23.0,8.0,7.857142857142857,23.0,0.0,0.0
KALIMANTAN TIMUR,2025-11-19,2025,4,11,Nov,47,7,0,0,8.322368421052632,27.53340471092077,85.19807280513919,3.9339323467230445,2.0,3.0,5.0,7.857142857142857,18.0,0.0,0.0
KALIMANTAN TIMUR,2025-11-20,2025,4,11,Nov,47,3,0,0,8.322368421052632,27.53340471092077,85.19807280513919,3.9339323467230445,7.0,4.0,5.571428571428571,7.928571428571429,18.0,0.0,0.0
KALIMANTAN TIMUR,2025-11-21,2025,4,11,Nov,47,1,0,0,8.322368421052632,27.53340471092077,85.19807280513919,3.9339323467230445,3.0,18.0,5.428571428571429,7.142857142857143,18.0,0.0,0.0
KALIMANTAN TIMUR,2025-11-22,2025,4,11,Nov,47,0,0,0,8.322368421052632,27.53340471092077,85.19807280513919,3.9339323467230445,1.0,6.0,3.0,6.928571428571429,7.0,0.0,0.0
KALIMANTAN TIMUR,2025-11-23,2025,4,11,Nov,47,5,0,0,8.322368421052632,27.53340471092077,85.19807280513919,3.9339323467230445,0.0,0.0,2.142857142857143,5.571428571428571,7.0,0.0,0.0
KALIMANTAN TIMUR,2025-11-24,2025,4,11,Nov,48,5,0,0,8.322368421052632,27.53340471092077,85.19807280513919,3.9339323467230445,5.0,2.0,2.857142857142857,5.428571428571429,7.0,0.0,0.0
KALIMANTAN TIMUR,2025-11-25,2025,4,11,Nov,48,8,0,0,8.322368421052632,27.53340471092077,85.19807280513919,3.9339323467230445,5.0,2.0,3.2857142857142856,5.642857142857143,7.0,0.0,0.0
KALIMANTAN TIMUR,2025-11-26,2025,4,11,Nov,48,0,0,0,8.322368421052632,27.53340471092077,85.19807280513919,3.9339323467230445,8.0,7.0,4.142857142857143,4.571428571428571,8.0,0.0,0.0
KALIMANTAN TIMUR,2025-11-27,2025,4,11,Nov,48,2,0,0,8.322368421052632,27.53340471092077,85.19807280513919,3.9339323467230445,0.0,3.0,3.142857142857143,4.357142857142857,8.0,0.0,0.0
KALIMANTAN TIMUR,2025-11-28,2025,4,11,Nov,48,16,0,0,8.322368421052632,27.53340471092077,85.19807280513919,3.9339323467230445,2.0,1.0,3.0,4.214285714285714,8.0,0.0,0.0
KALIMANTAN TIMUR,2025-11-29,2025,4,11,Nov,48,1,0,0,8.322368421052632,27.53340471092077,85.19807280513919,3.9339323467230445,16.0,0.0,5.142857142857143,4.071428571428571,16.0,0.0,0.0
KALIMANTAN TIMUR,2025-11-30,2025,4,11,Nov,48,1,0,0,8.322368421052632,27.53340471092077,85.19807280513919,3.9339323467230445,1.0,5.0,5.285714285714286,3.7142857142857144,16.0,0.0,0.0
KALIMANTAN TIMUR,2025-12-01,2025,4,12,Dec,49,2,0,0,9.706343713956171,27.348140495867767,85.2396694214876,3.350309917355372,1.0,5.0,4.714285714285714,3.7857142857142856,16.0,0.0,0.0
KALIMANTAN TIMUR,2025-12-02,2025,4,12,Dec,49,4,0,0,9.706343713956171,27.348140495867767,85.2396694214876,3.350309917355372,2.0,8.0,4.285714285714286,3.7857142857142856,16.0,0.0,0.0
KALIMANTAN TIMUR,2025-12-03,2025,4,12,Dec,49,2,0,0,9.706343713956171,27.348140495867767,85.2396694214876,3.350309917355372,4.0,0.0,3.7142857142857144,3.9285714285714284,16.0,0.0,0.0
KALIMANTAN TIMUR,2025-12-04,2025,4,12,Dec,49,2,0,0,9.706343713956171,27.348140495867767,85.2396694214876,3.350309917355372,2.0,2.0,4.0,3.5714285714285716,16.0,0.0,0.0
KALIMANTAN TIMUR,2025-12-05,2025,4,12,Dec,49,6,0,0,9.706343713956171,27.348140495867767,85.2396694214876,3.350309917355372,2.0,16.0,4.0,3.5,16.0,0.0,0.0
KALIMANTAN TIMUR,2025-12-06,2025,4,12,Dec,49,2,0,0,9.706343713956171,27.348140495867767,85.2396694214876,3.350309917355372,6.0,1.0,2.5714285714285716,3.857142857142857,6.0,0.0,0.0
KALIMANTAN TIMUR,2025-12-07,2025,4,12,Dec,49,5,0,0,9.706343713956171,27.348140495867767,85.2396694214876,3.350309917355372,2.0,1.0,2.7142857142857144,4.0,6.0,0.0,0.0
KALIMANTAN TIMUR,2025-12-08,2025,4,12,Dec,50,0,0,0,9.706343713956171,27.348140495867767,85.2396694214876,3.350309917355372,5.0,2.0,3.2857142857142856,4.0,6.0,0.0,0.0
KALIMANTAN TIMUR,2025-12-09,2025,4,12,Dec,50,4,0,0,9.706343713956171,27.348140495867767,85.2396694214876,3.350309917355372,0.0,4.0,3.0,3.642857142857143,6.0,0.0,0.0
KALIMANTAN TIMUR,2025-12-10,2025,4,12,Dec,50,4,0,0,9.706343713956171,27.348140495867767,85.2396694214876,3.350309917355372,4.0,2.0,3.0,3.357142857142857,6.0,0.0,0.0
KALIMANTAN TIMUR,2025-12-11,2025,4,12,Dec,50,4,0,0,9.706343713956171,27.348140495867767,85.2396694214876,3.350309917355372,4.0,2.0,3.2857142857142856,3.642857142857143,6.0,0.0,0.0
KALIMANTAN TIMUR,2025-12-12,2025,4,12,Dec,50,1,0,0,9.706343713956171,27.348140495867767,85.2396694214876,3.350309917355372,4.0,6.0,3.5714285714285716,3.7857142857142856,6.0,0.0,0.0
KALIMANTAN TIMUR,2025-12-13,2025,4,12,Dec,50,0,0,0,9.706343713956171,27.348140495867767,85.2396694214876,3.350309917355372,1.0,2.0,2.857142857142857,2.7142857142857144,5.0,0.0,0.0
KALIMANTAN TIMUR,2025-12-14,2025,4,12,Dec,50,2,0,0,9.706343713956171,27.348140495867767,85.2396694214876,3.350309917355372,0.0,5.0,2.5714285714285716,2.642857142857143,5.0,0.0,0.0
KALIMANTAN TIMUR,2025-12-15,2025,4,12,Dec,51,4,0,0,9.706343713956171,27.348140495867767,85.2396694214876,3.350309917355372,2.0,0.0,2.142857142857143,2.7142857142857144,4.0,0.0,0.0
KALIMANTAN TIMUR,2025-12-16,2025,4,12,Dec,51,0,0,0,9.706343713956171,27.348140495867767,85.2396694214876,3.350309917355372,4.0,4.0,2.7142857142857144,2.857142857142857,4.0,0.0,0.0
KALIMANTAN TIMUR,2025-12-17,2025,4,12,Dec,51,0,0,0,9.706343713956171,27.348140495867767,85.2396694214876,3.350309917355372,0.0,4.0,2.142857142857143,2.5714285714285716,4.0,0.0,0.0
KALIMANTAN TIMUR,2025-12-18,2025,4,12,Dec,51,0,0,0,9.706343713956171,27.348140495867767,85.2396694214876,3.350309917355372,0.0,4.0,1.5714285714285714,2.4285714285714284,4.0,0.0,0.0
KALIMANTAN TIMUR,2025-12-19,2025,4,12,Dec,51,1,0,0,9.706343713956171,27.348140495867767,85.2396694214876,3.350309917355372,0.0,1.0,1.0,2.2857142857142856,4.0,0.0,0.0
KALIMANTAN TIMUR,2025-12-20,2025,4,12,Dec,51,0,0,0,9.706343713956171,27.348140495867767,85.2396694214876,3.350309917355372,1.0,0.0,1.0,1.9285714285714286,4.0,0.0,0.0
KALIMANTAN TIMUR,2025-12-21,2025,4,12,Dec,51,1,0,0,9.706343713956171,27.348140495867767,85.2396694214876,3.350309917355372,0.0,2.0,1.0,1.7857142857142858,4.0,0.0,0.0
KALIMANTAN TIMUR,2025-12-22,2025,4,12,Dec,52,0,0,0,9.706343713956171,27.348140495867767,85.2396694214876,3.350309917355372,1.0,4.0,0.8571428571428571,1.5,4.0,0.0,0.0
KALIMANTAN TIMUR,2025-12-23,2025,4,12,Dec,52,2,0,0,9.706343713956171,27.348140495867767,85.2396694214876,3.350309917355372,0.0,0.0,0.2857142857142857,1.5,1.0,0.0,0.0
KALIMANTAN TIMUR,2025-12-24,2025,4,12,Dec,52,2,0,0,9.706343713956171,27.348140495867767,85.2396694214876,3.350309917355372,2.0,0.0,0.5714285714285714,1.3571428571428572,2.0,0.0,0.0
KALIMANTAN TIMUR,2025-12-25,2025,4,12,Dec,52,6,0,0,9.706343713956171,27.348140495867767,85.2396694214876,3.350309917355372,2.0,0.0,0.8571428571428571,1.2142857142857142,2.0,0.0,0.0
KALIMANTAN TIMUR,2025-12-26,2025,4,12,Dec,52,26,1,0,9.706343713956171,27.348140495867767,85.2396694214876,3.350309917355372,6.0,1.0,1.7142857142857142,1.3571428571428572,6.0,0.0,0.0
KALIMANTAN TIMUR,2025-12-27,2025,4,12,Dec,52,1,0,0,9.706343713956171,27.348140495867767,85.2396694214876,3.350309917355372,26.0,0.0,5.285714285714286,3.142857142857143,26.0,1.0,0.14285714285714285
KALIMANTAN TIMUR,2025-12-28,2025,4,12,Dec,52,1,0,0,9.706343713956171,27.348140495867767,85.2396694214876,3.350309917355372,1.0,1.0,5.428571428571429,3.2142857142857144,26.0,0.0,0.14285714285714285
KALIMANTAN TIMUR,2025-12-29,2025,4,12,Dec,1,1,0,0,9.706343713956171,27.348140495867767,85.2396694214876,3.350309917355372,1.0,0.0,5.428571428571429,3.142857142857143,26.0,0.0,0.14285714285714285
KALIMANTAN TIMUR,2025-12-30,2025,4,12,Dec,1,2,0,0,9.706343713956171,27.348140495867767,85.2396694214876,3.350309917355372,1.0,2.0,5.571428571428571,2.9285714285714284,26.0,0.0,0.14285714285714285
KALIMANTAN TIMUR,2025-12-31,2025,4,12,Dec,1,1,0,0,9.706343713956171,27.348140495867767,85.2396694214876,3.350309917355372,2.0,2.0,5.571428571428571,3.0714285714285716,26.0,0.0,0.14285714285714285
KALIMANTAN TIMUR,2026-01-01,2026,1,1,Jan,1,0,0,0,8.99409638554217,27.045164718384697,85.58979808714133,3.2835616438356166,1.0,6.0,5.428571428571429,3.142857142857143,26.0,0.0,0.14285714285714285
KALIMANTAN TIMUR,2026-01-02,2026,1,1,Jan,1,3,0,0,8.99409638554217,27.045164718384697,85.58979808714133,3.2835616438356166,0.0,26.0,4.571428571428571,3.142857142857143,26.0,0.0,0.14285714285714285
KALIMANTAN TIMUR,2026-01-03,2026,1,1,Jan,1,2,0,0,8.99409638554217,27.045164718384697,85.58979808714133,3.2835616438356166,3.0,1.0,1.2857142857142858,3.2857142857142856,3.0,0.0,0.0
KALIMANTAN TIMUR,2026-01-04,2026,1,1,Jan,1,0,0,0,8.99409638554217,27.045164718384697,85.58979808714133,3.2835616438356166,2.0,1.0,1.4285714285714286,3.4285714285714284,3.0,0.0,0.0
KALIMANTAN TIMUR,2026-01-05,2026,1,1,Jan,2,3,0,0,8.99409638554217,27.045164718384697,85.58979808714133,3.2835616438356166,0.0,1.0,1.2857142857142858,3.357142857142857,3.0,0.0,0.0
KALIMANTAN TIMUR,2026-01-06,2026,1,1,Jan,2,0,0,0,8.99409638554217,27.045164718384697,85.58979808714133,3.2835616438356166,3.0,2.0,1.5714285714285714,3.5714285714285716,3.0,0.0,0.0
KALIMANTAN TIMUR,2026-01-07,2026,1,1,Jan,2,0,0,0,8.99409638554217,27.045164718384697,85.58979808714133,3.2835616438356166,0.0,1.0,1.2857142857142858,3.4285714285714284,3.0,0.0,0.0
KALIMANTAN TIMUR,2026-01-08,2026,1,1,Jan,2,0,0,0,8.99409638554217,27.045164718384697,85.58979808714133,3.2835616438356166,0.0,0.0,1.1428571428571428,3.2857142857142856,3.0,0.0,0.0
KALIMANTAN TIMUR,2026-01-09,2026,1,1,Jan,2,1,0,0,8.99409638554217,27.045164718384697,85.58979808714133,3.2835616438356166,0.0,3.0,1.1428571428571428,2.857142857142857,3.0,0.0,0.0
KALIMANTAN TIMUR,2026-01-10,2026,1,1,Jan,2,11,0,0,8.99409638554217,27.045164718384697,85.58979808714133,3.2835616438356166,1.0,2.0,0.8571428571428571,1.0714285714285714,3.0,0.0,0.0
KALIMANTAN TIMUR,2026-01-11,2026,1,1,Jan,2,2,0,0,8.99409638554217,27.045164718384697,85.58979808714133,3.2835616438356166,11.0,0.0,2.142857142857143,1.7857142857142858,11.0,0.0,0.0
KALIMANTAN TIMUR,2026-01-12,2026,1,1,Jan,3,2,0,0,8.99409638554217,27.045164718384697,85.58979808714133,3.2835616438356166,2.0,3.0,2.4285714285714284,1.8571428571428572,11.0,0.0,0.0
KALIMANTAN TIMUR,2026-01-13,2026,1,1,Jan,3,2,0,0,8.99409638554217,27.045164718384697,85.58979808714133,3.2835616438356166,2.0,0.0,2.2857142857142856,1.9285714285714286,11.0,0.0,0.0
KALIMANTAN TIMUR,2026-01-14,2026,1,1,Jan,3,3,0,0,8.99409638554217,27.045164718384697,85.58979808714133,3.2835616438356166,2.0,0.0,2.5714285714285716,1.9285714285714286,11.0,0.0,0.0
KALIMANTAN TIMUR,2026-01-15,2026,1,1,Jan,3,1,0,0,8.99409638554217,27.045164718384697,85.58979808714133,3.2835616438356166,3.0,0.0,3.0,2.0714285714285716,11.0,0.0,0.0
KALIMANTAN TIMUR,2026-01-16,2026,1,1,Jan,3,17,0,0,8.99409638554217,27.045164718384697,85.58979808714133,3.2835616438356166,1.0,1.0,3.142857142857143,2.142857142857143,11.0,0.0,0.0
KALIMANTAN TIMUR,2026-01-17,2026,1,1,Jan,3,38,1,0,8.99409638554217,27.045164718384697,85.58979808714133,3.2835616438356166,17.0,11.0,5.428571428571429,3.142857142857143,17.0,0.0,0.0
KALIMANTAN TIMUR,2026-01-18,2026,1,1,Jan,3,65,1,0,8.99409638554217,27.045164718384697,85.58979808714133,3.2835616438356166,38.0,2.0,9.285714285714286,5.714285714285714,38.0,1.0,0.14285714285714285
KALIMANTAN TIMUR,2026-01-19,2026,1,1,Jan,4,10,0,0,8.99409638554217,27.045164718384697,85.58979808714133,3.2835616438356166,65.0,2.0,18.285714285714285,10.357142857142858,65.0,1.0,0.2857142857142857
KALIMANTAN TIMUR,2026-01-20,2026,1,1,Jan,4,11,0,0,8.99409638554217,27.045164718384697,85.58979808714133,3.2835616438356166,10.0,2.0,19.428571428571427,10.857142857142858,65.0,0.0,0.2857142857142857
KALIMANTAN TIMUR,2026-01-21,2026,1,1,Jan,4,30,1,0,8.99409638554217,27.045164718384697,85.58979808714133,3.2835616438356166,11.0,3.0,20.714285714285715,11.642857142857142,65.0,0.0,0.2857142857142857
KALIMANTAN TIMUR,2026-01-22,2026,1,1,Jan,4,116,1,0,8.99409638554217,27.045164718384697,85.58979808714133,3.2835616438356166,30.0,1.0,24.571428571428573,13.785714285714286,65.0,1.0,0.42857142857142855
KALIMANTAN TIMUR,2026-01-23,2026,1,1,Jan,4,24,1,0,8.99409638554217,27.045164718384697,85.58979808714133,3.2835616438356166,116.0,17.0,41.0,22.071428571428573,116.0,1.0,0.5714285714285714
KALIMANTAN TIMUR,2026-01-24,2026,1,1,Jan,4,32,1,0,8.99409638554217,27.045164718384697,85.58979808714133,3.2835616438356166,24.0,38.0,42.0,23.714285714285715,116.0,1.0,0.7142857142857143
KALIMANTAN TIMUR,2026-01-25,2026,1,1,Jan,4,17,0,0,8.99409638554217,27.045164718384697,85.58979808714133,3.2835616438356166,32.0,65.0,41.142857142857146,25.214285714285715,116.0,1.0,0.7142857142857143
KALIMANTAN TIMUR,2026-01-26,2026,1,1,Jan,5,24,1,0,8.99409638554217,27.045164718384697,85.58979808714133,3.2835616438356166,17.0,10.0,34.285714285714285,26.285714285714285,116.0,0.0,0.5714285714285714
KALIMANTAN TIMUR,2026-01-27,2026,1,1,Jan,5,65,1,0,8.99409638554217,27.045164718384697,85.58979808714133,3.2835616438356166,24.0,11.0,36.285714285714285,27.857142857142858,116.0,1.0,0.7142857142857143
KALIMANTAN TIMUR,2026-01-28,2026,1,1,Jan,5,5,0,0,8.99409638554217,27.045164718384697,85.58979808714133,3.2835616438356166,65.0,30.0,44.0,32.357142857142854,116.0,1.0,0.8571428571428571
KALIMANTAN TIMUR,2026-01-29,2026,1,1,Jan,5,10,0,0,8.99409638554217,27.045164718384697,85.58979808714133,3.2835616438356166,5.0,116.0,40.42857142857143,32.5,116.0,0.0,0.7142857142857143
KALIMANTAN TIMUR,2026-01-30,2026,1,1,Jan,5,1,0,0,8.99409638554217,27.045164718384697,85.58979808714133,3.2835616438356166,10.0,24.0,25.285714285714285,33.142857142857146,65.0,0.0,0.5714285714285714
KALIMANTAN TIMUR,2026-01-31,2026,1,1,Jan,5,5,0,0,8.99409638554217,27.045164718384697,85.58979808714133,3.2835616438356166,1.0,32.0,22.0,32.0,65.0,0.0,0.42857142857142855
KALIMANTAN TIMUR,2026-02-01,2026,1,2,Feb,5,10,0,0,8.053280839895013,27.22789598108747,84.28841607565012,3.9704784130688444,5.0,17.0,18.142857142857142,29.642857142857142,65.0,0.0,0.2857142857142857
KALIMANTAN TIMUR,2026-02-02,2026,1,2,Feb,6,3,0,0,8.053280839895013,27.22789598108747,84.28841607565012,3.9704784130688444,10.0,24.0,17.142857142857142,25.714285714285715,65.0,0.0,0.2857142857142857
KALIMANTAN TIMUR,2026-02-03,2026,1,2,Feb,6,10,0,0,8.053280839895013,27.22789598108747,84.28841607565012,3.9704784130688444,3.0,65.0,14.142857142857142,25.214285714285715,65.0,0.0,0.14285714285714285
KALIMANTAN TIMUR,2026-02-04,2026,1,2,Feb,6,4,0,0,8.053280839895013,27.22789598108747,84.28841607565012,3.9704784130688444,10.0,5.0,6.285714285714286,25.142857142857142,10.0,0.0,0.0
KALIMANTAN TIMUR,2026-02-05,2026,1,2,Feb,6,0,0,0,8.053280839895013,27.22789598108747,84.28841607565012,3.9704784130688444,4.0,10.0,6.142857142857143,23.285714285714285,10.0,0.0,0.0
KALIMANTAN TIMUR,2026-02-06,2026,1,2,Feb,6,0,0,0,8.053280839895013,27.22789598108747,84.28841607565012,3.9704784130688444,0.0,1.0,4.714285714285714,15.0,10.0,0.0,0.0
KALIMANTAN TIMUR,2026-02-07,2026,1,2,Feb,6,1,0,0,8.053280839895013,27.22789598108747,84.28841607565012,3.9704784130688444,0.0,5.0,4.571428571428571,13.285714285714286,10.0,0.0,0.0
KALIMANTAN TIMUR,2026-02-08,2026,1,2,Feb,6,0,0,0,8.053280839895013,27.22789598108747,84.28841607565012,3.9704784130688444,1.0,10.0,4.0,11.071428571428571,10.0,0.0,0.0
KALIMANTAN TIMUR,2026-02-09,2026,1,2,Feb,7,3,0,0,8.053280839895013,27.22789598108747,84.28841607565012,3.9704784130688444,0.0,3.0,2.5714285714285716,9.857142857142858,10.0,0.0,0.0
KALIMANTAN TIMUR,2026-02-10,2026,1,2,Feb,7,0,0,0,8.053280839895013,27.22789598108747,84.28841607565012,3.9704784130688444,3.0,10.0,2.5714285714285716,8.357142857142858,10.0,0.0,0.0
KALIMANTAN TIMUR,2026-02-11,2026,1,2,Feb,7,1,0,0,8.053280839895013,27.22789598108747,84.28841607565012,3.9704784130688444,0.0,4.0,1.1428571428571428,3.7142857142857144,4.0,0.0,0.0
KALIMANTAN TIMUR,2026-02-12,2026,1,2,Feb,7,0,0,0,8.053280839895013,27.22789598108747,84.28841607565012,3.9704784130688444,1.0,0.0,0.7142857142857143,3.4285714285714284,3.0,0.0,0.0
KALIMANTAN TIMUR,2026-02-13,2026,1,2,Feb,7,0,0,0,8.053280839895013,27.22789598108747,84.28841607565012,3.9704784130688444,0.0,0.0,0.7142857142857143,2.7142857142857144,3.0,0.0,0.0
KALIMANTAN TIMUR,2026-02-14,2026,1,2,Feb,7,1,0,0,8.053280839895013,27.22789598108747,84.28841607565012,3.9704784130688444,0.0,1.0,0.7142857142857143,2.642857142857143,3.0,0.0,0.0
KALIMANTAN TIMUR,2026-02-15,2026,1,2,Feb,7,3,0,0,8.053280839895013,27.22789598108747,84.28841607565012,3.9704784130688444,1.0,0.0,0.7142857142857143,2.357142857142857,3.0,0.0,0.0
KALIMANTAN TIMUR,2026-02-16,2026,1,2,Feb,8,5,0,0,8.053280839895013,27.22789598108747,84.28841607565012,3.9704784130688444,3.0,3.0,1.1428571428571428,1.8571428571428572,3.0,0.0,0.0
KALIMANTAN TIMUR,2026-02-17,2026,1,2,Feb,8,14,0,0,8.053280839895013,27.22789598108747,84.28841607565012,3.9704784130688444,5.0,0.0,1.4285714285714286,2.0,5.0,0.0,0.0
KALIMANTAN TIMUR,2026-02-18,2026,1,2,Feb,8,14,0,0,8.053280839895013,27.22789598108747,84.28841607565012,3.9704784130688444,14.0,1.0,3.4285714285714284,2.2857142857142856,14.0,0.0,0.0
KALIMANTAN TIMUR,2026-02-19,2026,1,2,Feb,8,1,0,0,8.053280839895013,27.22789598108747,84.28841607565012,3.9704784130688444,14.0,0.0,5.285714285714286,3.0,14.0,0.0,0.0
KALIMANTAN TIMUR,2026-02-20,2026,1,2,Feb,8,1,0,0,8.053280839895013,27.22789598108747,84.28841607565012,3.9704784130688444,1.0,0.0,5.428571428571429,3.0714285714285716,14.0,0.0,0.0
KALIMANTAN TIMUR,2026-02-21,2026,1,2,Feb,8,0,0,0,8.053280839895013,27.22789598108747,84.28841607565012,3.9704784130688444,1.0,1.0,5.571428571428571,3.142857142857143,14.0,0.0,0.0
KALIMANTAN TIMUR,2026-02-22,2026,1,2,Feb,8,0,0,0,8.053280839895013,27.22789598108747,84.28841607565012,3.9704784130688444,0.0,3.0,5.428571428571429,3.0714285714285716,14.0,0.0,0.0
KALIMANTAN TIMUR,2026-02-23,2026,1,2,Feb,9,3,0,0,8.053280839895013,27.22789598108747,84.28841607565012,3.9704784130688444,0.0,5.0,5.0,3.0714285714285716,14.0,0.0,0.0
KALIMANTAN TIMUR,2026-02-24,2026,1,2,Feb,9,0,0,0,8.053280839895013,27.22789598108747,84.28841607565012,3.9704784130688444,3.0,14.0,4.714285714285714,3.0714285714285716,14.0,0.0,0.0
KALIMANTAN TIMUR,2026-02-25,2026,1,2,Feb,9,0,0,0,8.053280839895013,27.22789598108747,84.28841607565012,3.9704784130688444,0.0,14.0,2.7142857142857144,3.0714285714285716,14.0,0.0,0.0
KALIMANTAN TIMUR,2026-02-26,2026,1,2,Feb,9,3,0,0,8.053280839895013,27.22789598108747,84.28841607565012,3.9704784130688444,0.0,1.0,0.7142857142857143,3.0,3.0,0.0,0.0
KALIMANTAN TIMUR,2026-02-27,2026,1,2,Feb,9,3,0,0,8.053280839895013,27.22789598108747,84.28841607565012,3.9704784130688444,3.0,1.0,1.0,3.2142857142857144,3.0,0.0,0.0
KALIMANTAN TIMUR,2026-02-28,2026,1,2,Feb,9,0,0,0,8.053280839895013,27.22789598108747,84.28841607565012,3.9704784130688444,3.0,0.0,1.2857142857142858,3.4285714285714284,3.0,0.0,0.0
KALIMANTAN TIMUR,2026-03-01,2026,1,3,Mar,9,0,0,0,7.830688448074679,27.373868312757203,84.70370370370371,3.996663190823775,0.0,0.0,1.2857142857142858,3.357142857142857,3.0,0.0,0.0
KALIMANTAN TIMUR,2026-03-02,2026,1,3,Mar,10,15,0,0,7.830688448074679,27.373868312757203,84.70370370370371,3.996663190823775,0.0,3.0,1.2857142857142858,3.142857142857143,3.0,0.0,0.0
KALIMANTAN TIMUR,2026-03-03,2026,1,3,Mar,10,2,0,0,7.830688448074679,27.373868312757203,84.70370370370371,3.996663190823775,15.0,0.0,3.0,3.857142857142857,15.0,0.0,0.0
KALIMANTAN TIMUR,2026-03-04,2026,1,3,Mar,10,11,0,0,7.830688448074679,27.373868312757203,84.70370370370371,3.996663190823775,2.0,0.0,3.2857142857142856,3.0,15.0,0.0,0.0
KALIMANTAN TIMUR,2026-03-05,2026,1,3,Mar,10,3,0,0,7.830688448074679,27.373868312757203,84.70370370370371,3.996663190823775,11.0,3.0,4.857142857142857,2.7857142857142856,15.0,0.0,0.0
KALIMANTAN TIMUR,2026-03-06,2026,1,3,Mar,10,16,0,0,7.830688448074679,27.373868312757203,84.70370370370371,3.996663190823775,3.0,3.0,4.857142857142857,2.9285714285714284,15.0,0.0,0.0
KALIMANTAN TIMUR,2026-03-07,2026,1,3,Mar,10,0,0,0,7.830688448074679,27.373868312757203,84.70370370370371,3.996663190823775,16.0,0.0,6.714285714285714,4.0,16.0,0.0,0.0
KALIMANTAN TIMUR,2026-03-08,2026,1,3,Mar,10,0,0,0,7.830688448074679,27.373868312757203,84.70370370370371,3.996663190823775,0.0,0.0,6.714285714285714,4.0,16.0,0.0,0.0
KALIMANTAN TIMUR,2026-03-09,2026,1,3,Mar,11,1,0,0,7.830688448074679,27.373868312757203,84.70370370370371,3.996663190823775,0.0,15.0,6.714285714285714,4.0,16.0,0.0,0.0
KALIMANTAN TIMUR,2026-03-10,2026,1,3,Mar,11,7,0,0,7.830688448074679,27.373868312757203,84.70370370370371,3.996663190823775,1.0,2.0,4.714285714285714,3.857142857142857,16.0,0.0,0.0
KALIMANTAN TIMUR,2026-03-11,2026,1,3,Mar,11,8,0,0,7.830688448074679,27.373868312757203,84.70370370370371,3.996663190823775,7.0,11.0,5.428571428571429,4.357142857142857,16.0,0.0,0.0
KALIMANTAN TIMUR,2026-03-12,2026,1,3,Mar,11,1,0,0,7.830688448074679,27.373868312757203,84.70370370370371,3.996663190823775,8.0,3.0,5.0,4.928571428571429,16.0,0.0,0.0
KALIMANTAN TIMUR,2026-03-13,2026,1,3,Mar,11,2,0,0,7.830688448074679,27.373868312757203,84.70370370370371,3.996663190823775,1.0,16.0,4.714285714285714,4.785714285714286,16.0,0.0,0.0
KALIMANTAN TIMUR,2026-03-14,2026,1,3,Mar,11,5,0,0,7.830688448074679,27.373868312757203,84.70370370370371,3.996663190823775,2.0,0.0,2.7142857142857144,4.714285714285714,8.0,0.0,0.0
KALIMANTAN TIMUR,2026-03-15,2026,1,3,Mar,11,19,0,0,7.830688448074679,27.373868312757203,84.70370370370371,3.996663190823775,5.0,0.0,3.4285714285714284,5.071428571428571,8.0,0.0,0.0
KALIMANTAN TIMUR,2026-03-16,2026,1,3,Mar,12,0,0,0,7.830688448074679,27.373868312757203,84.70370370370371,3.996663190823775,19.0,1.0,6.142857142857143,6.428571428571429,19.0,0.0,0.0
KALIMANTAN TIMUR,2026-03-17,2026,1,3,Mar,12,8,0,0,7.830688448074679,27.373868312757203,84.70370370370371,3.996663190823775,0.0,7.0,6.0,5.357142857142857,19.0,0.0,0.0
KALIMANTAN TIMUR,2026-03-18,2026,1,3,Mar,12,0,0,0,7.830688448074679,27.373868312757203,84.70370370370371,3.996663190823775,8.0,8.0,6.142857142857143,5.785714285714286,19.0,0.0,0.0
KALIMANTAN TIMUR,2026-03-19,2026,1,3,Mar,12,2,0,0,7.830688448074679,27.373868312757203,84.70370370370371,3.996663190823775,0.0,1.0,5.0,5.0,19.0,0.0,0.0
KALIMANTAN TIMUR,2026-03-20,2026,1,3,Mar,12,2,0,0,7.830688448074679,27.373868312757203,84.70370370370371,3.996663190823775,2.0,2.0,5.142857142857143,4.928571428571429,19.0,0.0,0.0
KALIMANTAN TIMUR,2026-03-21,2026,1,3,Mar,12,1,0,0,7.830688448074679,27.373868312757203,84.70370370370371,3.996663190823775,2.0,5.0,5.142857142857143,3.9285714285714284,19.0,0.0,0.0
KALIMANTAN TIMUR,2026-03-22,2026,1,3,Mar,12,2,0,0,7.830688448074679,27.373868312757203,84.70370370370371,3.996663190823775,1.0,19.0,4.571428571428571,4.0,19.0,0.0,0.0
KALIMANTAN TIMUR,2026-03-23,2026,1,3,Mar,13,1,0,0,7.830688448074679,27.373868312757203,84.70370370370371,3.996663190823775,2.0,0.0,2.142857142857143,4.142857142857143,8.0,0.0,0.0
KALIMANTAN TIMUR,2026-03-24,2026,1,3,Mar,13,19,0,0,7.830688448074679,27.373868312757203,84.70370370370371,3.996663190823775,1.0,8.0,2.2857142857142856,4.142857142857143,8.0,0.0,0.0
KALIMANTAN TIMUR,2026-03-25,2026,1,3,Mar,13,24,1,0,7.830688448074679,27.373868312757203,84.70370370370371,3.996663190823775,19.0,0.0,3.857142857142857,5.0,19.0,0.0,0.0
KALIMANTAN TIMUR,2026-03-26,2026,1,3,Mar,13,38,1,0,7.830688448074679,27.373868312757203,84.70370370370371,3.996663190823775,24.0,2.0,7.285714285714286,6.142857142857143,24.0,1.0,0.14285714285714285
KALIMANTAN TIMUR,2026-03-27,2026,1,3,Mar,13,88,1,0,7.830688448074679,27.373868312757203,84.70370370370371,3.996663190823775,38.0,2.0,12.428571428571429,8.785714285714286,38.0,1.0,0.2857142857142857
KALIMANTAN TIMUR,2026-03-28,2026,1,3,Mar,13,42,1,0,7.830688448074679,27.373868312757203,84.70370370370371,3.996663190823775,88.0,1.0,24.714285714285715,14.928571428571429,88.0,1.0,0.42857142857142855
KALIMANTAN TIMUR,2026-03-29,2026,1,3,Mar,13,32,1,0,7.830688448074679,27.373868312757203,84.70370370370371,3.996663190823775,42.0,2.0,30.571428571428573,17.571428571428573,88.0,1.0,0.5714285714285714
KALIMANTAN TIMUR,2026-03-30,2026,1,3,Mar,14,0,0,0,7.830688448074679,27.373868312757203,84.70370370370371,3.996663190823775,32.0,1.0,34.857142857142854,18.5,88.0,1.0,0.7142857142857143
KALIMANTAN TIMUR,2026-03-31,2026,1,3,Mar,14,1,0,0,7.830688448074679,27.373868312757203,84.70370370370371,3.996663190823775,0.0,19.0,34.714285714285715,18.5,88.0,0.0,0.7142857142857143
KALIMANTAN TIMUR,2026-04-01,2026,2,4,Apr,14,10,0,0,8.370012239902081,27.576806903991372,85.3797195253506,4.444153005464481,1.0,24.0,32.142857142857146,18.0,88.0,0.0,0.7142857142857143
KALIMANTAN TIMUR,2026-04-02,2026,2,4,Apr,14,0,0,0,8.370012239902081,27.576806903991372,85.3797195253506,4.444153005464481,10.0,38.0,30.142857142857142,18.714285714285715,88.0,0.0,0.5714285714285714
KALIMANTAN TIMUR,2026-04-03,2026,2,4,Apr,14,1,0,0,8.370012239902081,27.576806903991372,85.3797195253506,4.444153005464481,0.0,88.0,24.714285714285715,18.571428571428573,88.0,0.0,0.42857142857142855
KALIMANTAN TIMUR,2026-04-04,2026,2,4,Apr,14,4,0,0,8.370012239902081,27.576806903991372,85.3797195253506,4.444153005464481,1.0,42.0,12.285714285714286,18.5,42.0,0.0,0.2857142857142857
KALIMANTAN TIMUR,2026-04-05,2026,2,4,Apr,14,20,0,0,8.370012239902081,27.576806903991372,85.3797195253506,4.444153005464481,4.0,32.0,6.857142857142857,18.714285714285715,32.0,0.0,0.14285714285714285
KALIMANTAN TIMUR,2026-04-06,2026,2,4,Apr,15,29,1,0,8.370012239902081,27.576806903991372,85.3797195253506,4.444153005464481,20.0,0.0,5.142857142857143,20.0,20.0,0.0,0.0
KALIMANTAN TIMUR,2026-04-07,2026,2,4,Apr,15,8,0,0,8.370012239902081,27.576806903991372,85.3797195253506,4.444153005464481,29.0,1.0,9.285714285714286,22.0,29.0,1.0,0.14285714285714285
KALIMANTAN TIMUR,2026-04-08,2026,2,4,Apr,15,12,0,0,8.370012239902081,27.576806903991372,85.3797195253506,4.444153005464481,8.0,10.0,10.285714285714286,21.214285714285715,29.0,0.0,0.14285714285714285
KALIMANTAN TIMUR,2026-04-09,2026,2,4,Apr,15,7,0,0,8.370012239902081,27.576806903991372,85.3797195253506,4.444153005464481,12.0,0.0,10.571428571428571,20.357142857142858,29.0,0.0,0.14285714285714285
KALIMANTAN TIMUR,2026-04-10,2026,2,4,Apr,15,1,0,0,8.370012239902081,27.576806903991372,85.3797195253506,4.444153005464481,7.0,1.0,11.571428571428571,18.142857142857142,29.0,0.0,0.14285714285714285
KALIMANTAN TIMUR,2026-04-11,2026,2,4,Apr,15,8,0,0,8.370012239902081,27.576806903991372,85.3797195253506,4.444153005464481,1.0,4.0,11.571428571428571,11.928571428571429,29.0,0.0,0.14285714285714285
KALIMANTAN TIMUR,2026-04-12,2026,2,4,Apr,15,12,0,0,8.370012239902081,27.576806903991372,85.3797195253506,4.444153005464481,8.0,20.0,12.142857142857142,9.5,29.0,0.0,0.14285714285714285
KALIMANTAN TIMUR,2026-04-13,2026,2,4,Apr,16,0,0,0,8.370012239902081,27.576806903991372,85.3797195253506,4.444153005464481,12.0,29.0,11.0,8.071428571428571,29.0,0.0,0.14285714285714285
KALIMANTAN TIMUR,2026-04-14,2026,2,4,Apr,16,5,0,0,8.370012239902081,27.576806903991372,85.3797195253506,4.444153005464481,0.0,8.0,6.857142857142857,8.071428571428571,12.0,0.0,0.0
KALIMANTAN TIMUR,2026-04-15,2026,2,4,Apr,16,6,0,0,8.370012239902081,27.576806903991372,85.3797195253506,4.444153005464481,5.0,12.0,6.428571428571429,8.357142857142858,12.0,0.0,0.0
KALIMANTAN TIMUR,2026-04-16,2026,2,4,Apr,16,4,0,0,8.370012239902081,27.576806903991372,85.3797195253506,4.444153005464481,6.0,7.0,5.571428571428571,8.071428571428571,12.0,0.0,0.0
KALIMANTAN TIMUR,2026-04-17,2026,2,4,Apr,16,39,1,0,8.370012239902081,27.576806903991372,85.3797195253506,4.444153005464481,4.0,1.0,5.142857142857143,8.357142857142858,12.0,0.0,0.0
KALIMANTAN TIMUR,2026-04-18,2026,2,4,Apr,16,8,0,0,8.370012239902081,27.576806903991372,85.3797195253506,4.444153005464481,39.0,8.0,10.571428571428571,11.071428571428571,39.0,1.0,0.14285714285714285
KALIMANTAN TIMUR,2026-04-19,2026,2,4,Apr,16,15,0,0,8.370012239902081,27.576806903991372,85.3797195253506,4.444153005464481,8.0,12.0,10.571428571428571,11.357142857142858,39.0,0.0,0.14285714285714285
KALIMANTAN TIMUR,2026-04-20,2026,2,4,Apr,17,15,0,0,8.370012239902081,27.576806903991372,85.3797195253506,4.444153005464481,15.0,0.0,11.0,11.0,39.0,0.0,0.14285714285714285
KALIMANTAN TIMUR,2026-04-21,2026,2,4,Apr,17,14,0,0,8.370012239902081,27.576806903991372,85.3797195253506,4.444153005464481,15.0,5.0,13.142857142857142,10.0,39.0,0.0,0.14285714285714285
KALIMANTAN TIMUR,2026-04-22,2026,2,4,Apr,17,34,1,0,8.370012239902081,27.576806903991372,85.3797195253506,4.444153005464481,14.0,6.0,14.428571428571429,10.428571428571429,39.0,0.0,0.14285714285714285
KALIMANTAN TIMUR,2026-04-23,2026,2,4,Apr,17,12,0,0,8.370012239902081,27.576806903991372,85.3797195253506,4.444153005464481,34.0,4.0,18.428571428571427,12.0,39.0,1.0,0.2857142857142857
KALIMANTAN TIMUR,2026-04-24,2026,2,4,Apr,17,34,1,0,8.370012239902081,27.576806903991372,85.3797195253506,4.444153005464481,12.0,39.0,19.571428571428573,12.357142857142858,39.0,0.0,0.2857142857142857
KALIMANTAN TIMUR,2026-04-25,2026,2,4,Apr,17,71,1,0,8.370012239902081,27.576806903991372,85.3797195253506,4.444153005464481,34.0,8.0,18.857142857142858,14.714285714285714,34.0,1.0,0.2857142857142857
KALIMANTAN TIMUR,2026-04-26,2026,2,4,Apr,17,49,1,0,8.370012239902081,27.576806903991372,85.3797195253506,4.444153005464481,71.0,15.0,27.857142857142858,19.214285714285715,71.0,1.0,0.42857142857142855
KALIMANTAN TIMUR,2026-04-27,2026,2,4,Apr,18,42,1,0,8.370012239902081,27.576806903991372,85.3797195253506,4.444153005464481,49.0,15.0,32.714285714285715,21.857142857142858,71.0,1.0,0.5714285714285714
KALIMANTAN TIMUR,2026-04-28,2026,2,4,Apr,18,25,1,0,8.370012239902081,27.576806903991372,85.3797195253506,4.444153005464481,42.0,14.0,36.57142857142857,24.857142857142858,71.0,1.0,0.7142857142857143
KALIMANTAN TIMUR,2026-04-29,2026,2,4,Apr,18,20,0,0,8.370012239902081,27.576806903991372,85.3797195253506,4.444153005464481,25.0,34.0,38.142857142857146,26.285714285714285,71.0,1.0,0.8571428571428571
KALIMANTAN TIMUR,2026-04-30,2026,2,4,Apr,18,30,1,0,8.370012239902081,27.576806903991372,85.3797195253506,4.444153005464481,20.0,12.0,36.142857142857146,27.285714285714285,71.0,0.0,0.7142857142857143
KALIMANTAN TIMUR,2026-05-01,2026,2,5,May,18,11,0,0,9.864328180737218,27.737265135699374,86.33019853709509,4.2905720338983055,30.0,34.0,38.714285714285715,29.142857142857142,71.0,1.0,0.8571428571428571
KALIMANTAN TIMUR,2026-05-02,2026,2,5,May,18,46,1,0,9.864328180737218,27.737265135699374,86.33019853709509,4.2905720338983055,11.0,71.0,35.42857142857143,27.142857142857142,71.0,0.0,0.7142857142857143
KALIMANTAN TIMUR,2026-05-03,2026,2,5,May,18,63,1,0,9.864328180737218,27.737265135699374,86.33019853709509,4.2905720338983055,46.0,49.0,31.857142857142858,29.857142857142858,49.0,1.0,0.7142857142857143
KALIMANTAN TIMUR,2026-05-04,2026,2,5,May,19,34,1,0,9.864328180737218,27.737265135699374,86.33019853709509,4.2905720338983055,63.0,42.0,33.857142857142854,33.285714285714285,63.0,1.0,0.7142857142857143
KALIMANTAN TIMUR,2026-05-05,2026,2,5,May,19,20,0,0,9.864328180737218,27.737265135699374,86.33019853709509,4.2905720338983055,34.0,25.0,32.714285714285715,34.642857142857146,63.0,1.0,0.7142857142857143
KALIMANTAN TIMUR,2026-05-06,2026,2,5,May,19,17,0,0,9.864328180737218,27.737265135699374,86.33019853709509,4.2905720338983055,20.0,20.0,32.0,35.07142857142857,63.0,0.0,0.5714285714285714
KALIMANTAN TIMUR,2026-05-07,2026,2,5,May,19,9,0,0,9.864328180737218,27.737265135699374,86.33019853709509,4.2905720338983055,17.0,30.0,31.571428571428573,33.857142857142854,63.0,0.0,0.5714285714285714
KALIMANTAN TIMUR,2026-05-08,2026,2,5,May,19,8,0,0,9.864328180737218,27.737265135699374,86.33019853709509,4.2905720338983055,9.0,11.0,28.571428571428573,33.642857142857146,63.0,0.0,0.42857142857142855
KALIMANTAN TIMUR,2026-05-09,2026,2,5,May,19,31,1,0,9.864328180737218,27.737265135699374,86.33019853709509,4.2905720338983055,8.0,46.0,28.142857142857142,31.785714285714285,63.0,0.0,0.42857142857142855
KALIMANTAN TIMUR,2026-05-10,2026,2,5,May,19,2,0,0,9.864328180737218,27.737265135699374,86.33019853709509,4.2905720338983055,31.0,63.0,26.0,28.928571428571427,63.0,1.0,0.42857142857142855
KALIMANTAN TIMUR,2026-05-11,2026,2,5,May,20,14,0,0,9.864328180737218,27.737265135699374,86.33019853709509,4.2905720338983055,2.0,34.0,17.285714285714285,25.571428571428573,34.0,0.0,0.2857142857142857
KALIMANTAN TIMUR,2026-05-12,2026,2,5,May,20,9,0,0,9.864328180737218,27.737265135699374,86.33019853709509,4.2905720338983055,14.0,20.0,14.428571428571429,23.571428571428573,31.0,0.0,0.14285714285714285
KALIMANTAN TIMUR,2026-05-13,2026,2,5,May,20,6,0,0,9.864328180737218,27.737265135699374,86.33019853709509,4.2905720338983055,9.0,17.0,12.857142857142858,22.428571428571427,31.0,0.0,0.14285714285714285
KALIMANTAN TIMUR,2026-05-14,2026,2,5,May,20,35,1,0,9.864328180737218,27.737265135699374,86.33019853709509,4.2905720338983055,6.0,9.0,11.285714285714286,21.428571428571427,31.0,0.0,0.14285714285714285
KALIMANTAN TIMUR,2026-05-15,2026,2,5,May,20,1,0,0,9.864328180737218,27.737265135699374,86.33019853709509,4.2905720338983055,35.0,8.0,15.0,21.785714285714285,35.0,1.0,0.2857142857142857
KALIMANTAN TIMUR,2026-05-16,2026,2,5,May,20,1,0,0,9.864328180737218,27.737265135699374,86.33019853709509,4.2905720338983055,1.0,31.0,14.0,21.071428571428573,35.0,0.0,0.2857142857142857
KALIMANTAN TIMUR,2026-05-17,2026,2,5,May,20,1,0,0,9.864328180737218,27.737265135699374,86.33019853709509,4.2905720338983055,1.0,2.0,9.714285714285714,17.857142857142858,35.0,0.0,0.14285714285714285
KALIMANTAN TIMUR,2026-05-18,2026,2,5,May,21,1,0,0,9.864328180737218,27.737265135699374,86.33019853709509,4.2905720338983055,1.0,14.0,9.571428571428571,13.428571428571429,35.0,0.0,0.14285714285714285
KALIMANTAN TIMUR,2026-05-19,2026,2,5,May,21,11,0,0,9.864328180737218,27.737265135699374,86.33019853709509,4.2905720338983055,1.0,9.0,7.714285714285714,11.071428571428571,35.0,0.0,0.14285714285714285
KALIMANTAN TIMUR,2026-05-20,2026,2,5,May,21,12,0,0,9.864328180737218,27.737265135699374,86.33019853709509,4.2905720338983055,11.0,6.0,8.0,10.428571428571429,35.0,0.0,0.14285714285714285
KALIMANTAN TIMUR,2026-05-21,2026,2,5,May,21,22,0,0,9.864328180737218,27.737265135699374,86.33019853709509,4.2905720338983055,12.0,35.0,8.857142857142858,10.071428571428571,35.0,0.0,0.14285714285714285
KALIMANTAN TIMUR,2026-05-22,2026,2,5,May,21,2,0,0,9.864328180737218,27.737265135699374,86.33019853709509,4.2905720338983055,22.0,1.0,7.0,11.0,22.0,0.0,0.0
KALIMANTAN TIMUR,2026-05-23,2026,2,5,May,21,11,0,0,9.864328180737218,27.737265135699374,86.33019853709509,4.2905720338983055,2.0,1.0,7.142857142857143,10.571428571428571,22.0,0.0,0.0
KALIMANTAN TIMUR,2026-05-24,2026,2,5,May,21,3,0,0,9.864328180737218,27.737265135699374,86.33019853709509,4.2905720338983055,11.0,1.0,8.571428571428571,9.142857142857142,22.0,0.0,0.0
KALIMANTAN TIMUR,2026-05-25,2026,2,5,May,22,0,0,0,9.864328180737218,27.737265135699374,86.33019853709509,4.2905720338983055,3.0,1.0,8.857142857142858,9.214285714285714,22.0,0.0,0.0
KALIMANTAN TIMUR,2026-05-26,2026,2,5,May,22,2,0,0,9.864328180737218,27.737265135699374,86.33019853709509,4.2905720338983055,0.0,11.0,8.714285714285714,8.214285714285714,22.0,0.0,0.0
KALIMANTAN TIMUR,2026-05-27,2026,2,5,May,22,2,0,0,9.864328180737218,27.737265135699374,86.33019853709509,4.2905720338983055,2.0,12.0,7.428571428571429,7.714285714285714,22.0,0.0,0.0
KALIMANTAN TIMUR,2026-05-28,2026,2,5,May,22,1,0,0,9.864328180737218,27.737265135699374,86.33019853709509,4.2905720338983055,2.0,22.0,6.0,7.428571428571429,22.0,0.0,0.0
KALIMANTAN TIMUR,2026-05-29,2026,2,5,May,22,1,0,0,9.864328180737218,27.737265135699374,86.33019853709509,4.2905720338983055,1.0,2.0,3.0,5.0,11.0,0.0,0.0
KALIMANTAN TIMUR,2026-05-30,2026,2,5,May,22,11,0,0,9.864328180737218,27.737265135699374,86.33019853709509,4.2905720338983055,1.0,11.0,2.857142857142857,5.0,11.0,0.0,0.0
KALIMANTAN TIMUR,2026-05-31,2026,2,5,May,22,14,0,0,9.864328180737218,27.737265135699374,86.33019853709509,4.2905720338983055,11.0,3.0,2.857142857142857,5.714285714285714,11.0,0.0,0.0
